variant,id_questao,rank,chunk_id,distance,target_raw,target_canonical,retrieved_canonical,is_target,source,chapter_number,section_number,page,dificuldade,tipo,indice_subjetividade
P0,9,1,737ce6b6-210e-4816-9679-509648231687,0.8249451518058777,Capítulo 17,chapter_17,chapter_16,0,"Part_II_Cap_16_The State of Conservation Policies, Protected Areas, and Indigenous Territories, from the Past to the Present.pdf",16,16.1.1.1,12,Hard,Indirect,0.42
P0,9,2,f45cd2ad-8dea-417e-81d8-cc9a2468f076,0.8260889053344727,Capítulo 17,chapter_17,chapter_16,0,"Part_II_Cap_16_The State of Conservation Policies, Protected Areas, and Indigenous Territories, from the Past to the Present.pdf",16,16.1,15,Hard,Indirect,0.42
P0,9,3,8e825530-1bf7-4be8-8128-d2bf18636c39,0.830375611782074,Capítulo 17,chapter_17,chapter_16,0,"Part_II_Cap_16_The State of Conservation Policies, Protected Areas, and Indigenous Territories, from the Past to the Present.pdf",16,16.1.1,9,Hard,Indirect,0.42
P0,9,4,7df28dcf-90e2-4ada-bbed-94544a220a34,0.836889386177063,Capítulo 17,chapter_17,chapter_16,0,"Part_II_Cap_16_The State of Conservation Policies, Protected Areas, and Indigenous Territories, from the Past to the Present.pdf",16,16.1,14,Hard,Indirect,0.42
P0,9,5,4e6e1c22-8611-4929-8586-d8624765c8b6,0.8855979442596436,Capítulo 17,chapter_17,chapter_16,0,"Part_II_Cap_16_The State of Conservation Policies, Protected Areas, and Indigenous Territories, from the Past to the Present.pdf",16,16.4,17,Hard,Indirect,0.42
P0,11,1,75bf3cb8-d496-42c0-9c2e-4ac294248994,0.4213167428970337,Capítulo 17,chapter_17,chapter_11,0,Part_I_Cap_11_Economic Drivers in the Amazon from the 19th Century to the 1970s.pdf,11,11.4,13,Easy,Direct,0.5
P0,11,2,5335cb79-3883-4888-96bc-943a62a7ad48,0.44140639901161194,Capítulo 17,chapter_17,chapter_11,0,Part_I_Cap_11_Economic Drivers in the Amazon from the 19th Century to the 1970s.pdf,11,11.4,13,Easy,Direct,0.5
P0,11,3,e5c40499-5a05-4904-8e80-998530c9f880,0.4678264856338501,Capítulo 17,chapter_17,chapter_11,0,Part_I_Cap_11_Economic Drivers in the Amazon from the 19th Century to the 1970s.pdf,11,11,5,Easy,Direct,0.5
P0,11,4,65a1b200-afbb-43c6-a6eb-6122cf8f71a7,0.4750278890132904,Capítulo 17,chapter_17,chapter_11,0,Part_I_Cap_11_Economic Drivers in the Amazon from the 19th Century to the 1970s.pdf,11,11.2,7,Easy,Direct,0.5
P0,11,5,a4fa2a1a-9555-4d5e-911d-1d0b067a6599,0.48260748386383057,Capítulo 17,chapter_17,chapter_11,0,Part_I_Cap_11_Economic Drivers in the Amazon from the 19th Century to the 1970s.pdf,11,11.4,14,Easy,Direct,0.5
P0,15,1,fa4c75c0-a326-4bc3-839f-1cc4d88c821a,0.21623560786247253,Capítulo 12,chapter_12,chapter_12,1,Part_I_Cap_12_Languages of the Amazon Dimensions of Diversity.pdf,12,12.3,7,Medium-Low,Direct,0.1
P0,15,2,da63a527-33ee-408b-9c95-730cd0294ec8,0.25905129313468933,Capítulo 12,chapter_12,chapter_12,1,Part_I_Cap_12_Languages of the Amazon Dimensions of Diversity.pdf,12,12,4,Medium-Low,Direct,0.1
P0,15,3,dfac4de9-f76a-4813-8054-b8fbe42b7a3a,0.2651415467262268,Capítulo 12,chapter_12,chapter_12,1,Part_I_Cap_12_Languages of the Amazon Dimensions of Diversity.pdf,12,12.3,7,Medium-Low,Direct,0.1
P0,15,4,07a0548f-c5ec-4ac1-8839-3bc0c0a12f10,0.2672739624977112,Capítulo 12,chapter_12,chapter_12,1,Part_I_Cap_12_Languages of the Amazon Dimensions of Diversity.pdf,12,12.12,22,Medium-Low,Direct,0.1
P0,15,5,19e526ff-c614-47d1-a88e-e98355fad29f,0.2768673300743103,Capítulo 12,chapter_12,chapter_12,1,Part_I_Cap_12_Languages of the Amazon Dimensions of Diversity.pdf,12,12,5,Medium-Low,Direct,0.1
P0,27,1,c2dd63d3-e1ea-4a2e-8bb8-e931da6214bf,0.6536933183670044,Capítulo 25,chapter_25,chapter_25,1,Part_III_Cap_25_A Pan-Amazonian sustainable development vision.pdf,25,25.3,18,Medium-Low,Indirect,0.33
P0,27,2,6fe3fb8b-2ab2-49c3-80a2-da840ebaa121,0.6758674383163452,Capítulo 25,chapter_25,chapter_33,0,Part_III_Cap_33_Connecting and sharing diverse knowledges to support sustainable pathways in the Amazon.pdf,33,33.1,22,Medium-Low,Indirect,0.33
P0,27,3,c7a0fc05-c2de-4cc4-9e41-98157df9f5af,0.6902561187744141,Capítulo 25,chapter_25,chapter_25,1,Part_III_Cap_25_A Pan-Amazonian sustainable development vision.pdf,25,25,6,Medium-Low,Indirect,0.33
P0,27,4,160c0e6e-e96d-4a39-aeb5-c5eb482375da,0.6926513314247131,Capítulo 25,chapter_25,chapter_25,1,Part_III_Cap_25_A Pan-Amazonian sustainable development vision.pdf,25,25.1,7,Medium-Low,Indirect,0.33
P0,27,5,592b8c32-8e91-4f91-847c-9f8e092632d2,0.6960145235061646,Capítulo 25,chapter_25,chapter_25,1,Part_III_Cap_25_A Pan-Amazonian sustainable development vision.pdf,25,25.2,8,Medium-Low,Indirect,0.33
P0,34,1,0e31ea7c-40cf-4306-875e-89943af3cdb0,0.4090077877044678,Capítulo 15,chapter_15,chapter_15,1,"Part_II_Cap_15_Complex, Diverse, and Changing Agribusiness and Livelihood Systems in the Amazon.pdf",15,15.1,54,Hard,Direct,0.33
P0,34,2,f7e2bf49-930c-4b5b-96b6-2d58f604d721,0.41017213463783264,Capítulo 15,chapter_15,chapter_15,1,"Part_II_Cap_15_Complex, Diverse, and Changing Agribusiness and Livelihood Systems in the Amazon.pdf",15,15.2.2,14,Hard,Direct,0.33
P0,34,3,effc359d-f463-430f-a604-6a5c8f7e0f62,0.474448561668396,Capítulo 15,chapter_15,chapter_15,1,"Part_II_Cap_15_Complex, Diverse, and Changing Agribusiness and Livelihood Systems in the Amazon.pdf",15,15.8,53,Hard,Direct,0.33
P0,34,4,09f6a747-5f8c-4a6a-a225-3dc6d374b56d,0.4767463207244873,Capítulo 15,chapter_15,chapter_15,1,"Part_II_Cap_15_Complex, Diverse, and Changing Agribusiness and Livelihood Systems in the Amazon.pdf",15,15.1.1,8,Hard,Direct,0.33
P0,34,5,3b2ef99b-c907-4955-984d-4700a225788b,0.47937777638435364,Capítulo 15,chapter_15,chapter_15,1,"Part_II_Cap_15_Complex, Diverse, and Changing Agribusiness and Livelihood Systems in the Amazon.pdf",15,15.2.1,10,Hard,Direct,0.33
P0,35,1,f996a6a6-3ab0-4e30-8130-0ec2b23e058f,0.3949752449989319,Capítulo 7,chapter_07,chapter_07,1,"Part_I_Cap_07_Biogeophysical Cycles Water Recycling, Climate Regulation.pdf",7,7,5,Medium-Low,Direct,0.6
P0,35,2,20c72b9b-bcf6-4695-83e4-c1a141222fe7,0.40230900049209595,Capítulo 7,chapter_07,chapter_05,0,Part_I_Cap_05_The Physical Hydroclimate System of the Amazon.pdf,5,5.4,22,Medium-Low,Direct,0.6
P0,35,3,158d022e-3cae-4e71-85ba-e6beb8c76a8a,0.4346632957458496,Capítulo 7,chapter_07,chapter_07,1,"Part_I_Cap_07_Biogeophysical Cycles Water Recycling, Climate Regulation.pdf",7,7.4,20,Medium-Low,Direct,0.6
P0,35,4,41a88896-db0c-4ba2-8cd1-1a460508409c,0.45253533124923706,Capítulo 7,chapter_07,chapter_07,1,"Part_I_Cap_07_Biogeophysical Cycles Water Recycling, Climate Regulation.pdf",7,7.6,21,Medium-Low,Direct,0.6
P0,35,5,0bd90733-f0af-4c3e-98ba-437416ee030d,0.4720410704612732,Capítulo 7,chapter_07,chapter_05,0,Part_I_Cap_05_The Physical Hydroclimate System of the Amazon.pdf,5,5.4,21,Medium-Low,Direct,0.6
P0,36,1,f44e1468-67e5-49ee-823c-ce7344c1b4ae,0.5059004426002502,Capítulo 32,chapter_32,chapter_32,1,Part_III_Cap_32_Milestones and challenges in the construction and expansion of participatory intercultural education in the Amazon.pdf,32,32.5.1,11,Hard,Indirect,0.22
P0,36,2,ce890b31-8051-41a5-8e11-cd21de3e0bf6,0.5306415557861328,Capítulo 32,chapter_32,chapter_32,1,Part_III_Cap_32_Milestones and challenges in the construction and expansion of participatory intercultural education in the Amazon.pdf,32,32.5.1,11,Hard,Indirect,0.22
P0,36,3,5b9aca02-e513-4b93-ad9d-19789ea8dc42,0.6838204264640808,Capítulo 32,chapter_32,chapter_32,1,Part_III_Cap_32_Milestones and challenges in the construction and expansion of participatory intercultural education in the Amazon.pdf,32,32.5.1,10,Hard,Indirect,0.22
P0,36,4,f5567c67-7342-4643-b37e-e33db04eaf45,0.6988407969474792,Capítulo 32,chapter_32,chapter_32,1,Part_III_Cap_32_Milestones and challenges in the construction and expansion of participatory intercultural education in the Amazon.pdf,32,32.6,21,Hard,Indirect,0.22
P0,36,5,858e1551-6dbb-4744-b00b-a08a840990dc,0.7318992018699646,Capítulo 32,chapter_32,chapter_32,1,Part_III_Cap_32_Milestones and challenges in the construction and expansion of participatory intercultural education in the Amazon.pdf,32,32.2,8,Hard,Indirect,0.22
P0,53,1,b3a37d95-f756-4773-b58f-22fce28d78f0,0.9641219973564148,Capítulo 28,chapter_28,chapter_28,1,Part_III_Cap_28_Restoration options for the Amazon.pdf,28,28.3.1,9,Medium-High,Direct,0.6
P0,53,2,2ed2381a-364f-4586-a1ad-11d56ac6f7dd,0.9880797863006592,Capítulo 28,chapter_28,chapter_28,1,Part_III_Cap_28_Restoration options for the Amazon.pdf,28,28.3.1,9,Medium-High,Direct,0.6
P0,53,3,9fcfa2d3-c1e4-446c-b70c-23379812de1f,1.03190016746521,Capítulo 28,chapter_28,chapter_28,1,Part_III_Cap_28_Restoration options for the Amazon.pdf,28,28.2.4,7,Medium-High,Direct,0.6
P0,53,4,3372b8ba-4775-4b39-b71f-e063563b066b,1.0478644371032715,Capítulo 28,chapter_28,chapter_28,1,Part_III_Cap_28_Restoration options for the Amazon.pdf,28,28.3.1,8,Medium-High,Direct,0.6
P0,53,5,cf36181c-1d5a-4ccb-a245-b9455e76b7b0,1.0648188591003418,Capítulo 28,chapter_28,chapter_28,1,Part_III_Cap_28_Restoration options for the Amazon.pdf,28,28.3.1,9,Medium-High,Direct,0.6
P0,58,1,2791dfc0-e69a-4396-bc82-0560bfaebd32,1.1416127681732178,Capítulo 4,chapter_04,chapter_04,1,Part_I_Cap_04_Amazonian Ecosystems and Their Ecological Functions.pdf,4,4.2.2.2,19,Medium-Low,Direct,0.0
P0,58,2,43c3fb85-371c-4bff-a48e-81c9b967f9c8,1.1505577564239502,Capítulo 4,chapter_04,chapter_04,1,Part_I_Cap_04_Amazonian Ecosystems and Their Ecological Functions.pdf,4,4.2.2.2,19,Medium-Low,Direct,0.0
P0,58,3,d3ae791e-8e4c-40e3-8db8-39d830799d75,1.1675366163253784,Capítulo 4,chapter_04,chapter_04,1,Part_I_Cap_04_Amazonian Ecosystems and Their Ecological Functions.pdf,4,4.2.2.2,18,Medium-Low,Direct,0.0
P0,58,4,7581ddd1-6827-4475-a4fe-6b6b4bc91e86,1.1853408813476562,Capítulo 4,chapter_04,chapter_28,0,Part_III_Cap_28_Restoration options for the Amazon.pdf,28,28.2,22,Medium-Low,Direct,0.0
P0,58,5,6189b0bb-7922-47df-9355-120c75c5c63a,1.191704511642456,Capítulo 4,chapter_04,annex_01,0,Annex_01_Annex I.pdf,Annex I,Annex I,3,Medium-Low,Direct,0.0
P0,59,1,716d4a00-1159-4921-af01-b6b42fd5e41d,0.42731747031211853,Capítulo 12,chapter_12,chapter_12,1,Part_I_Cap_12_Languages of the Amazon Dimensions of Diversity.pdf,12,12.9,16,Hard,Indirect,0.25
P0,59,2,1cf36954-9b80-4c8c-be52-5df1dc01e6dc,0.5100052952766418,Capítulo 12,chapter_12,chapter_12,1,Part_I_Cap_12_Languages of the Amazon Dimensions of Diversity.pdf,12,12.9,18,Hard,Indirect,0.25
P0,59,3,1499818a-c2f9-4233-817a-97bfe881125a,0.5735790133476257,Capítulo 12,chapter_12,chapter_12,1,Part_I_Cap_12_Languages of the Amazon Dimensions of Diversity.pdf,12,12.9,16,Hard,Indirect,0.25
P0,59,4,954a4a78-984c-4af9-80a9-c4f557b66555,0.6029074192047119,Capítulo 12,chapter_12,chapter_09,0,Part_I_Cap_09_Peoples of the Amazon and European Colonization (16th-18th Centuries).pdf,9,9.9,29,Hard,Indirect,0.25
P0,59,5,32588592-5171-4fdb-96e0-c6ffaefdd0a4,0.6113430857658386,Capítulo 12,chapter_12,chapter_12,1,Part_I_Cap_12_Languages of the Amazon Dimensions of Diversity.pdf,12,12.9,16,Hard,Indirect,0.25
P0,63,1,a7f90fcd-eb20-4a66-91e6-4c6cd3ddd576,0.5040229558944702,Capítulo 2,chapter_02,chapter_01,0,Part_I_Cap_01_Geology and Geodiversity of the Amazon Three Billion Years of History.pdf,1,1.4,13,Hard,Direct,0.28
P0,63,2,6b94e3d8-c894-469b-93d8-33c9b041f114,0.549213707447052,Capítulo 2,chapter_02,chapter_01,0,Part_I_Cap_01_Geology and Geodiversity of the Amazon Three Billion Years of History.pdf,1,1.2,13,Hard,Direct,0.28
P0,63,3,d0d5a616-a4b5-4610-8aee-754c9a2f7ca9,0.5563030242919922,Capítulo 2,chapter_02,chapter_01,0,Part_I_Cap_01_Geology and Geodiversity of the Amazon Three Billion Years of History.pdf,1,1.2,13,Hard,Direct,0.28
P0,63,4,2717f96b-e647-4dff-b055-a517abd3805c,0.6684556007385254,Capítulo 2,chapter_02,chapter_01,0,Part_I_Cap_01_Geology and Geodiversity of the Amazon Three Billion Years of History.pdf,1,1,6,Hard,Direct,0.28
P0,63,5,bf30ce0c-44aa-4dce-b741-80a12527470f,0.6760185956954956,Capítulo 2,chapter_02,chapter_04,0,Part_I_Cap_04_Amazonian Ecosystems and Their Ecological Functions.pdf,4,4.2.2,14,Hard,Direct,0.28
P0,65,1,f01451bd-a48e-4665-bd14-d3c61b2911d8,0.3829460144042969,Capítulo Cross Chapter 1,cross_chapter_1,chapter_06,0,Part_I_Cap_06_Biogeochemical Cycles in the Amazon.pdf,6,6.2.4,17,Hard,Indirect,0.0
P0,65,2,adf995bd-bb0a-4979-a155-990b2e96bc6c,0.3893256187438965,Capítulo Cross Chapter 1,cross_chapter_1,chapter_06,0,Part_I_Cap_06_Biogeochemical Cycles in the Amazon.pdf,6,6.1,19,Hard,Indirect,0.0
P0,65,3,f6e22e48-097f-42af-ad12-dc0ad45d924d,0.3991638422012329,Capítulo Cross Chapter 1,cross_chapter_1,chapter_06,0,Part_I_Cap_06_Biogeochemical Cycles in the Amazon.pdf,6,6.2.4,17,Hard,Indirect,0.0
P0,65,4,3ff7d1ed-6342-4e24-88c2-5d8a079dddb0,0.41191497445106506,Capítulo Cross Chapter 1,cross_chapter_1,chapter_06,0,Part_I_Cap_06_Biogeochemical Cycles in the Amazon.pdf,6,6.2.4,17,Hard,Indirect,0.0
P0,65,5,c91d81e5-d0ea-437d-8dc2-2a7152611636,0.4285096526145935,Capítulo Cross Chapter 1,cross_chapter_1,chapter_06,0,Part_I_Cap_06_Biogeochemical Cycles in the Amazon.pdf,6,6.8,38,Hard,Indirect,0.0
P0,67,1,741bb6c2-cb44-475f-aa58-03d90c4d3205,0.39758509397506714,Capítulo Cross Chapter 1,cross_chapter_1,cross_chapter_1,1,Part_I_Cap_01_Cross Chapter 1 The Amazon Carbon Budget.pdf,1,CB1.,6,Hard,Indirect,0.0
P0,67,2,37ee25e9-6467-4210-9870-00d768089169,0.4028259217739105,Capítulo Cross Chapter 1,cross_chapter_1,cross_chapter_1,1,Part_I_Cap_01_Cross Chapter 1 The Amazon Carbon Budget.pdf,1,CB1.,5,Hard,Indirect,0.0
P0,67,3,d5fac884-5ffb-4e64-bdae-9334c80d921f,0.4081937074661255,Capítulo Cross Chapter 1,cross_chapter_1,cross_chapter_1,1,Part_I_Cap_01_Cross Chapter 1 The Amazon Carbon Budget.pdf,1,CB1.,7,Hard,Indirect,0.0
P0,67,4,f5d6a30d-6233-4793-9d43-c6203962d12c,0.4135743975639343,Capítulo Cross Chapter 1,cross_chapter_1,chapter_29,0,Part_III_Cap_29_Restoration priorities and benefits within landscapes and catchments and across the Amazon Basin.pdf,29,8.48,8,Hard,Indirect,0.0
P0,67,5,041019d1-ced9-4050-a143-8d514d213d8a,0.424874484539032,Capítulo Cross Chapter 1,cross_chapter_1,cross_chapter_1,1,Part_I_Cap_01_Cross Chapter 1 The Amazon Carbon Budget.pdf,1,A,4,Hard,Indirect,0.0
P0,72,1,fd3235eb-dba5-40f8-b63e-ca821834e2e4,0.4839472472667694,Capítulo 21,chapter_21,chapter_21,1,Part_II_Cap_21_Human Well-Being and Health Impacts of the Degradation of Terrestrial and Aquatic Ecosystems.pdf,21,21.8,20,Hard,Indirect,0.1
P0,72,2,a0a8efb8-4917-461a-97b9-188942849dad,0.48404204845428467,Capítulo 21,chapter_21,chapter_21,1,Part_II_Cap_21_Human Well-Being and Health Impacts of the Degradation of Terrestrial and Aquatic Ecosystems.pdf,21,21.5,15,Hard,Indirect,0.1
P0,72,3,6e937b5f-f3ef-4b35-8577-ff5bd573191b,0.48546138405799866,Capítulo 21,chapter_21,chapter_21,1,Part_II_Cap_21_Human Well-Being and Health Impacts of the Degradation of Terrestrial and Aquatic Ecosystems.pdf,21,21,6,Hard,Indirect,0.1
P0,72,4,a29c04ce-b624-4146-8c24-7e9f90906c40,0.4966006875038147,Capítulo 21,chapter_21,chapter_34,0,Part_III_Cap_34_Boosting relations between the Amazon forest and its globalizing cities.pdf,34,34.6,13,Hard,Indirect,0.1
P0,72,5,880a303e-401e-4d9e-97b9-d0b264e6584d,0.5127159357070923,Capítulo 21,chapter_21,chapter_15,0,"Part_II_Cap_15_Complex, Diverse, and Changing Agribusiness and Livelihood Systems in the Amazon.pdf",15,15.3.2,32,Hard,Indirect,0.1
P0,77,1,63661ff3-4775-4370-bf3e-ffde27656867,0.5082763433456421,Capítulo 26,chapter_26,chapter_26,1,Part_III_Cap_26_Sustainable Development Goals (SDGs) and the Amazon.pdf,26,26,6,Hard,Indirect,0.33
P0,77,2,b0d3d388-2a4b-42ac-97e5-48f18479984c,0.515139102935791,Capítulo 26,chapter_26,chapter_26,1,Part_III_Cap_26_Sustainable Development Goals (SDGs) and the Amazon.pdf,26,26.3,17,Hard,Indirect,0.33
P0,77,3,0e6ea71e-bb26-44e4-9689-6d7cfd90e1a2,0.5156165361404419,Capítulo 26,chapter_26,chapter_26,1,Part_III_Cap_26_Sustainable Development Goals (SDGs) and the Amazon.pdf,26,26.2.2.3,19,Hard,Indirect,0.33
P0,77,4,d0d4f21f-e8b2-4b31-a3a3-8c5a2dc500a4,0.5256845951080322,Capítulo 26,chapter_26,chapter_26,1,Part_III_Cap_26_Sustainable Development Goals (SDGs) and the Amazon.pdf,26,26.1,6,Hard,Indirect,0.33
P0,77,5,3faaa3d9-c816-4bed-84c0-51f7a327bac5,0.5370850563049316,Capítulo 26,chapter_26,chapter_26,1,Part_III_Cap_26_Sustainable Development Goals (SDGs) and the Amazon.pdf,26,26,5,Hard,Indirect,0.33
P0,83,1,21b41f31-d641-4801-a4bc-72ec43bf05d2,0.6693561673164368,Capítulo 27,chapter_27,chapter_16,0,"Part_II_Cap_16_The State of Conservation Policies, Protected Areas, and Indigenous Territories, from the Past to the Present.pdf",16,16.3,26,Medium-Low,Direct,0.33
P0,83,2,a032d5e6-991a-44d2-a822-0cc615d19908,0.8083014488220215,Capítulo 27,chapter_27,chapter_28,0,Part_III_Cap_28_Restoration options for the Amazon.pdf,28,28.4.2.1,20,Medium-Low,Direct,0.33
P0,83,3,8357ebcd-2a02-4fd1-b6a4-b840607808ea,0.8265393376350403,Capítulo 27,chapter_27,chapter_16,0,"Part_II_Cap_16_The State of Conservation Policies, Protected Areas, and Indigenous Territories, from the Past to the Present.pdf",16,6.1,11,Medium-Low,Direct,0.33
P0,83,4,bea6eaee-25d8-4612-982e-0ff3c67d8e33,0.8266785144805908,Capítulo 27,chapter_27,chapter_28,0,Part_III_Cap_28_Restoration options for the Amazon.pdf,28,28.4.2.1,19,Medium-Low,Direct,0.33
P0,83,5,02df92f3-1f34-416d-a1cb-0cf43f705ac3,0.8354789614677429,Capítulo 27,chapter_27,chapter_19,0,Part_II_Cap_19_Drivers and Ecological Impacts of Deforestation and Forest Degradation.pdf,19,19.4.4,32,Medium-Low,Direct,0.33
P0,90,1,842f3544-78c0-49d7-8da7-6d14e99877cb,0.34492987394332886,Capítulo 31,chapter_31,chapter_31,1,"Part_III_Cap_31_Strengthening land and natural resource governance and management Protected areas, Indigenous lands, and local communities’ territories.pdf",31,31.5,30,Hard,Indirect,0.37
P0,90,2,4de069fa-4aee-48ac-b0f7-5e1c902e5f65,0.4338325262069702,Capítulo 31,chapter_31,chapter_31,1,"Part_III_Cap_31_Strengthening land and natural resource governance and management Protected areas, Indigenous lands, and local communities’ territories.pdf",31,31.2,9,Hard,Indirect,0.37
P0,90,3,29e0aded-08c3-490b-a0ed-00036554d30e,0.4416208267211914,Capítulo 31,chapter_31,chapter_31,1,"Part_III_Cap_31_Strengthening land and natural resource governance and management Protected areas, Indigenous lands, and local communities’ territories.pdf",31,31.1,6,Hard,Indirect,0.37
P0,90,4,d24b72a4-d8d8-423c-adc4-97f133f340f1,0.4433313012123108,Capítulo 31,chapter_31,chapter_31,1,"Part_III_Cap_31_Strengthening land and natural resource governance and management Protected areas, Indigenous lands, and local communities’ territories.pdf",31,31,6,Hard,Indirect,0.37
P0,90,5,7af68183-0e8c-4837-aea7-5fda40ac3432,0.44884318113327026,Capítulo 31,chapter_31,chapter_31,1,"Part_III_Cap_31_Strengthening land and natural resource governance and management Protected areas, Indigenous lands, and local communities’ territories.pdf",31,31.5,30,Hard,Indirect,0.37
P0,96,1,29358e34-9f1b-46ac-8636-6032488f55b8,0.4771669805049896,Capítulo Annex 2,annex_02,annex_02,1,Annex_02_Annex II.pdf,Annex II,4.4,6,Hard,Indirect,0.0
P0,96,2,7be8d382-b188-4682-9e9d-191baf2ed285,0.49139919877052307,Capítulo Annex 2,annex_02,chapter_10,0,Part_I_Cap_10_Critical Interconnections Between the Cultural and Biological Diversity of Amazonian Peoples and Ecosystems.pdf,10,10.1,9,Hard,Indirect,0.0
P0,96,3,43ba2759-da57-413a-a13f-2a5bcd84b053,0.5010198950767517,Capítulo Annex 2,annex_02,annex_02,1,Annex_02_Annex II.pdf,Annex II,Annex II,3,Hard,Indirect,0.0
P0,96,4,46ded444-fca1-4c03-9309-71907faeec1c,0.5109923481941223,Capítulo Annex 2,annex_02,chapter_13,0,Part_I_Cap_13_African Presence in the Amazon A Glance.pdf,13,13.12,30,Hard,Indirect,0.0
P0,96,5,99815fbc-724e-46cf-816f-bb0291de1561,0.52906733751297,Capítulo Annex 2,annex_02,chapter_13,0,Part_I_Cap_13_African Presence in the Amazon A Glance.pdf,13,13.1,9,Hard,Indirect,0.0
P0,97,1,61996888-8224-4bdd-80e4-64293fec0a92,0.4153708219528198,Capítulo Annex 2,annex_02,annex_02,1,Annex_02_Annex II.pdf,Annex II,4.1,6,Medium-Low,Indirect,0.27
P0,97,2,f59147ef-901b-4bb7-9149-81b317e93564,0.4435560405254364,Capítulo Annex 2,annex_02,annex_02,1,Annex_02_Annex II.pdf,Annex II,4.1,6,Medium-Low,Indirect,0.27
P0,97,3,29358e34-9f1b-46ac-8636-6032488f55b8,0.4567739963531494,Capítulo Annex 2,annex_02,annex_02,1,Annex_02_Annex II.pdf,Annex II,4.4,6,Medium-Low,Indirect,0.27
P0,97,4,b508b4e4-56ae-49d4-83a5-11e6d05f55a7,0.479472815990448,Capítulo Annex 2,annex_02,annex_02,1,Annex_02_Annex II.pdf,Annex II,Annex II,4,Medium-Low,Indirect,0.27
P0,97,5,10123514-b184-4d3a-a16b-65f1b69db163,0.48199474811553955,Capítulo Annex 2,annex_02,annex_02,1,Annex_02_Annex II.pdf,Annex II,Annex II,4,Medium-Low,Indirect,0.27
P0,98,1,b508b4e4-56ae-49d4-83a5-11e6d05f55a7,0.4507564902305603,Capítulo Annex 2,annex_02,annex_02,1,Annex_02_Annex II.pdf,Annex II,Annex II,4,Medium-Low,Direct,0.12
P0,98,2,8ef2c079-7ebc-4528-9457-9583ac85d63b,0.48983392119407654,Capítulo Annex 2,annex_02,annex_02,1,Annex_02_Annex II.pdf,Annex II,Annex II,4,Medium-Low,Direct,0.12
P0,98,3,c4808ab4-550c-477b-9171-bd46a9248952,0.5042421817779541,Capítulo Annex 2,annex_02,chapter_08,0,Part_I_Cap_08_Peoples of the Amazon Before European Colonization.pdf,8,8.13,32,Medium-Low,Direct,0.12
P0,98,4,59e4df3a-1064-4ed1-8b31-ad1ac0eef52b,0.5223809480667114,Capítulo Annex 2,annex_02,annex_02,1,Annex_02_Annex II.pdf,Annex II,4.5,7,Medium-Low,Direct,0.12
P0,98,5,81019cc9-5309-4dd4-a307-b5f5769bf91d,0.5290281176567078,Capítulo Annex 2,annex_02,annex_02,1,Annex_02_Annex II.pdf,Annex II,Annex II,4,Medium-Low,Direct,0.12
P0,99,1,a8199682-a882-43f4-bb4a-8c2366dea1aa,0.5193313956260681,Capítulo Cross Chapter 2,cross_chapter_2,chapter_31,0,"Part_III_Cap_31_Strengthening land and natural resource governance and management Protected areas, Indigenous lands, and local communities’ territories.pdf",31,31.4,29,Hard,Indirect,0.33
P0,99,2,d24b72a4-d8d8-423c-adc4-97f133f340f1,0.5222902894020081,Capítulo Cross Chapter 2,cross_chapter_2,chapter_31,0,"Part_III_Cap_31_Strengthening land and natural resource governance and management Protected areas, Indigenous lands, and local communities’ territories.pdf",31,31,6,Hard,Indirect,0.33
P0,99,3,27780194-f43d-4a7d-b6c6-79c24244113e,0.5276263952255249,Capítulo Cross Chapter 2,cross_chapter_2,chapter_33,0,Part_III_Cap_33_Connecting and sharing diverse knowledges to support sustainable pathways in the Amazon.pdf,33,33.1,22,Hard,Indirect,0.33
P0,99,4,3d9cccbd-0718-49be-b2f8-d80879866175,0.5312579870223999,Capítulo Cross Chapter 2,cross_chapter_2,chapter_31,0,"Part_III_Cap_31_Strengthening land and natural resource governance and management Protected areas, Indigenous lands, and local communities’ territories.pdf",31,31.2.1,17,Hard,Indirect,0.33
P0,99,5,cc03a97f-b3fc-4045-9ac9-fff627610b1b,0.5321483016014099,Capítulo Cross Chapter 2,cross_chapter_2,chapter_31,0,"Part_III_Cap_31_Strengthening land and natural resource governance and management Protected areas, Indigenous lands, and local communities’ territories.pdf",31,31.2,15,Hard,Indirect,0.33
P0,100,1,afe997cb-8b8c-48b8-a765-97b2e927bff9,0.48846447467803955,Capítulo Cross Chapter 2,cross_chapter_2,chapter_03,0,Part_I_Cap_03_Biological Diversity and Ecological Networks in the Amazon.pdf,3,3.1,13,Hard,Indirect,0.15
P0,100,2,725851a1-5191-40a2-9f98-6129890a823c,0.5260533094406128,Capítulo Cross Chapter 2,cross_chapter_2,chapter_03,0,Part_I_Cap_03_Biological Diversity and Ecological Networks in the Amazon.pdf,3,3.1,14,Hard,Indirect,0.15
P0,100,3,fa931ada-dd10-483e-80c9-4f3c6a5f87ef,0.5264908075332642,Capítulo Cross Chapter 2,cross_chapter_2,chapter_15,0,"Part_II_Cap_15_Complex, Diverse, and Changing Agribusiness and Livelihood Systems in the Amazon.pdf",15,15.4.3,42,Hard,Indirect,0.15
P0,100,4,57ff53f5-34d9-48ce-a16e-3b3a9f65a10c,0.5310232639312744,Capítulo Cross Chapter 2,cross_chapter_2,chapter_03,0,Part_I_Cap_03_Biological Diversity and Ecological Networks in the Amazon.pdf,3,3.1,13,Hard,Indirect,0.15
P0,100,5,aa88a639-ef84-4c66-8a85-c446abe2148a,0.5358724594116211,Capítulo Cross Chapter 2,cross_chapter_2,chapter_03,0,Part_I_Cap_03_Biological Diversity and Ecological Networks in the Amazon.pdf,3,3.1,13,Hard,Indirect,0.15
P0,102,1,4d2f5f8b-6edb-4daa-9d56-effd8234da73,0.658327579498291,Capítulo Cross Chapter 2,cross_chapter_2,chapter_30,0,Part_III_Cap_30_Opportunities and challenges for a healthy standing forest and flowing rivers bioeconomy in the Amazon.pdf,30,30.5.1,28,Medium-Low,Indirect,0.0
P0,102,2,45fd1e1b-3e26-4dad-82b4-7ed8380d54fe,0.665230929851532,Capítulo Cross Chapter 2,cross_chapter_2,chapter_30,0,Part_III_Cap_30_Opportunities and challenges for a healthy standing forest and flowing rivers bioeconomy in the Amazon.pdf,30,30.8,46,Medium-Low,Indirect,0.0
P0,102,3,617ea9a1-b57b-449e-9424-9cd8ca1f50aa,0.6846312284469604,Capítulo Cross Chapter 2,cross_chapter_2,chapter_30,0,Part_III_Cap_30_Opportunities and challenges for a healthy standing forest and flowing rivers bioeconomy in the Amazon.pdf,30,30.4.1,19,Medium-Low,Indirect,0.0
P0,102,4,007996ea-e4ee-490d-8cc0-853871c376a4,0.696252703666687,Capítulo Cross Chapter 2,cross_chapter_2,chapter_15,0,"Part_II_Cap_15_Complex, Diverse, and Changing Agribusiness and Livelihood Systems in the Amazon.pdf",15,15.7,51,Medium-Low,Indirect,0.0
P0,102,5,3761f52a-e571-47ed-9fa5-339e99d0bd9f,0.698512077331543,Capítulo Cross Chapter 2,cross_chapter_2,chapter_25,0,Part_III_Cap_25_A Pan-Amazonian sustainable development vision.pdf,25,25.2.3,13,Medium-Low,Indirect,0.0
P0,104,1,fcd7b311-7f26-4217-94b4-e78914336502,0.4950951933860779,Capítulo 8,chapter_08,chapter_06,0,Part_I_Cap_06_Biogeochemical Cycles in the Amazon.pdf,6,11.7,7,Hard,Indirect,0.1
P0,104,2,d9562185-5e18-448c-850f-976bfaa97289,0.5285142660140991,Capítulo 8,chapter_08,chapter_08,1,Part_I_Cap_08_Peoples of the Amazon Before European Colonization.pdf,8,8.3,12,Hard,Indirect,0.1
P0,104,3,f598bc2b-4bdb-4ff5-8e0d-ed87e95fa14c,0.5326551198959351,Capítulo 8,chapter_08,chapter_23,0,"Part_II_Cap_23_Impacts of Deforestation and Climate Change on Biodiversity, Ecological Processes, and Environmental Adaptation.pdf",23,23.1,6,Hard,Indirect,0.1
P0,104,4,69924d85-ed85-44bc-af4a-b7b85f3e599a,0.5511552095413208,Capítulo 8,chapter_08,chapter_22,0,"Part_II_Cap_22_Long-Term Variability, Extremes, and Changes in Temperature and Hydro Meteorology.pdf",22,22,5,Hard,Indirect,0.1
P0,104,5,f7ab12e6-5aee-49f2-a0df-6da5699084b3,0.5538146495819092,Capítulo 8,chapter_08,chapter_22,0,"Part_II_Cap_22_Long-Term Variability, Extremes, and Changes in Temperature and Hydro Meteorology.pdf",22,22.1,9,Hard,Indirect,0.1
P0,105,1,1bf62ecf-4761-4ab5-89ac-7bfb21e4e17a,0.7330527305603027,Capítulo 8,chapter_08,chapter_08,1,Part_I_Cap_08_Peoples of the Amazon Before European Colonization.pdf,8,8.5,23,Medium-High,Direct,1.0
P0,105,2,f3f16238-dfc6-45c2-b8ce-17fa7fb90a50,0.8297899961471558,Capítulo 8,chapter_08,chapter_08,1,Part_I_Cap_08_Peoples of the Amazon Before European Colonization.pdf,8,8.6,24,Medium-High,Direct,1.0
P0,105,3,b5347521-7740-4241-bd4e-0e52619cecb3,0.864323079586029,Capítulo 8,chapter_08,chapter_08,1,Part_I_Cap_08_Peoples of the Amazon Before European Colonization.pdf,8,8.6,24,Medium-High,Direct,1.0
P0,105,4,6a7b9a03-3c7e-4dd6-8394-4f9d57d46817,0.8722880482673645,Capítulo 8,chapter_08,chapter_08,1,Part_I_Cap_08_Peoples of the Amazon Before European Colonization.pdf,8,8.7,25,Medium-High,Direct,1.0
P0,105,5,809af770-d088-499a-9d08-fd6951a54b19,0.872747540473938,Capítulo 8,chapter_08,chapter_08,1,Part_I_Cap_08_Peoples of the Amazon Before European Colonization.pdf,8,8.14,41,Medium-High,Direct,1.0
P0,106,1,5aaf7250-c63a-4482-bb6a-c1c0114851ab,1.2077363729476929,Capítulo 8,chapter_08,chapter_08,1,Part_I_Cap_08_Peoples of the Amazon Before European Colonization.pdf,8,8.1,11,Medium-High,Direct,1.0
P0,106,2,6a7b9a03-3c7e-4dd6-8394-4f9d57d46817,1.2202951908111572,Capítulo 8,chapter_08,chapter_08,1,Part_I_Cap_08_Peoples of the Amazon Before European Colonization.pdf,8,8.7,25,Medium-High,Direct,1.0
P0,106,3,072071ab-3684-498d-b68b-92f4d9d3910b,1.2586750984191895,Capítulo 8,chapter_08,chapter_08,1,Part_I_Cap_08_Peoples of the Amazon Before European Colonization.pdf,8,8.1,10,Medium-High,Direct,1.0
P0,106,4,b14d8f5b-1e92-43f7-86d8-929f58812419,1.2664309740066528,Capítulo 8,chapter_08,chapter_08,1,Part_I_Cap_08_Peoples of the Amazon Before European Colonization.pdf,8,8.1,11,Medium-High,Direct,1.0
P0,106,5,399d3457-8e87-4f45-a721-9b7560352d15,1.3073060512542725,Capítulo 8,chapter_08,chapter_08,1,Part_I_Cap_08_Peoples of the Amazon Before European Colonization.pdf,8,8.14,40,Medium-High,Direct,1.0
P0,110,1,8e422a19-913a-47f6-a1a7-b48de0cecd39,0.7515544295310974,Capítulo 9,chapter_09,chapter_09,1,Part_I_Cap_09_Peoples of the Amazon and European Colonization (16th-18th Centuries).pdf,9,9.10,32,Medium-High,Direct,0.5
P0,110,2,2427b6a7-be3f-4500-bdae-755f39a39de6,0.7864364385604858,Capítulo 9,chapter_09,chapter_09,1,Part_I_Cap_09_Peoples of the Amazon and European Colonization (16th-18th Centuries).pdf,9,9.10,32,Medium-High,Direct,0.5
P0,110,3,69615e8f-925a-4ccd-b07f-e596c1673ba9,0.8328632116317749,Capítulo 9,chapter_09,chapter_09,1,Part_I_Cap_09_Peoples of the Amazon and European Colonization (16th-18th Centuries).pdf,9,9.10,31,Medium-High,Direct,0.5
P0,110,4,f36ff586-b589-4aa6-a8d1-4c2b375bfe5b,0.8467549085617065,Capítulo 9,chapter_09,chapter_09,1,Part_I_Cap_09_Peoples of the Amazon and European Colonization (16th-18th Centuries).pdf,9,9.10,31,Medium-High,Direct,0.5
P0,110,5,79f4e4f9-5464-4eed-95a5-f69afd050e9a,0.848786473274231,Capítulo 9,chapter_09,chapter_09,1,Part_I_Cap_09_Peoples of the Amazon and European Colonization (16th-18th Centuries).pdf,9,9.10,33,Medium-High,Direct,0.5
P0,116,1,969eee32-0053-43c4-8159-7c186aea4264,0.6847245693206787,Capítulo 11,chapter_11,chapter_11,1,Part_I_Cap_11_Economic Drivers in the Amazon from the 19th Century to the 1970s.pdf,11,11.3,10,Hard,Indirect,0.0
P0,116,2,c9bac348-88b2-4f81-98a2-fcefd9109976,0.726698100566864,Capítulo 11,chapter_11,chapter_11,1,Part_I_Cap_11_Economic Drivers in the Amazon from the 19th Century to the 1970s.pdf,11,11.3,11,Hard,Indirect,0.0
P0,116,3,99ecf682-6386-4047-9615-33e63a63d7e2,0.7527386546134949,Capítulo 11,chapter_11,chapter_11,1,Part_I_Cap_11_Economic Drivers in the Amazon from the 19th Century to the 1970s.pdf,11,11.3,10,Hard,Indirect,0.0
P0,116,4,c6074941-44f9-4eff-98e8-63c69d4ed942,0.7864964604377747,Capítulo 11,chapter_11,chapter_11,1,Part_I_Cap_11_Economic Drivers in the Amazon from the 19th Century to the 1970s.pdf,11,11.3,10,Hard,Indirect,0.0
P0,116,5,ede80d24-8317-4211-8694-322fce31c747,0.7918993830680847,Capítulo 11,chapter_11,chapter_11,1,Part_I_Cap_11_Economic Drivers in the Amazon from the 19th Century to the 1970s.pdf,11,11.4,16,Hard,Indirect,0.0
P0,117,1,bfcf0e30-7a6b-4a14-81da-87963f477385,0.8864110708236694,Capítulo 11,chapter_11,chapter_11,1,Part_I_Cap_11_Economic Drivers in the Amazon from the 19th Century to the 1970s.pdf,11,11.3,13,Medium-Low,Direct,0.25
P0,117,2,9cbd0001-d514-4ece-a042-8629a894a73d,0.8879687190055847,Capítulo 11,chapter_11,chapter_11,1,Part_I_Cap_11_Economic Drivers in the Amazon from the 19th Century to the 1970s.pdf,11,11.3,11,Medium-Low,Direct,0.25
P0,117,3,99ef8113-4302-44d6-bf4a-b221e1bb25f3,0.8950289487838745,Capítulo 11,chapter_11,chapter_11,1,Part_I_Cap_11_Economic Drivers in the Amazon from the 19th Century to the 1970s.pdf,11,11,4,Medium-Low,Direct,0.25
P0,117,4,4b1e9cff-bed0-4bc4-99f1-f74f0ed073e3,0.9135403633117676,Capítulo 11,chapter_11,chapter_11,1,Part_I_Cap_11_Economic Drivers in the Amazon from the 19th Century to the 1970s.pdf,11,11,4,Medium-Low,Direct,0.25
P0,117,5,0832200e-c8de-48d3-bae8-c0d7eb8ccf72,0.9135957360267639,Capítulo 11,chapter_11,chapter_11,1,Part_I_Cap_11_Economic Drivers in the Amazon from the 19th Century to the 1970s.pdf,11,11.9,23,Medium-Low,Direct,0.25
P0,124,1,d8613215-5e3f-42c4-a6c8-b914ce254560,0.48593610525131226,Capítulo 15,chapter_15,chapter_19,0,Part_II_Cap_19_Drivers and Ecological Impacts of Deforestation and Forest Degradation.pdf,19,19,5,Hard,Indirect,0.0
P0,124,2,94f5f726-2033-4652-bb14-b285a4fe4ecc,0.49237868189811707,Capítulo 15,chapter_15,chapter_19,0,Part_II_Cap_19_Drivers and Ecological Impacts of Deforestation and Forest Degradation.pdf,19,19.5,10,Hard,Indirect,0.0
P0,124,3,0baa361b-5fe5-4b3b-b481-a7b5d693e5e8,0.5117373466491699,Capítulo 15,chapter_15,chapter_19,0,Part_II_Cap_19_Drivers and Ecological Impacts of Deforestation and Forest Degradation.pdf,19,19.2,8,Hard,Indirect,0.0
P0,124,4,54062d52-06cc-4b17-b608-7539d0420419,0.5205438733100891,Capítulo 15,chapter_15,chapter_19,0,Part_II_Cap_19_Drivers and Ecological Impacts of Deforestation and Forest Degradation.pdf,19,19.2,7,Hard,Indirect,0.0
P0,124,5,1d7904e7-21b3-4495-be09-6a6990e23481,0.5239120125770569,Capítulo 15,chapter_15,chapter_19,0,Part_II_Cap_19_Drivers and Ecological Impacts of Deforestation and Forest Degradation.pdf,19,19.11,27,Hard,Indirect,0.0
P0,125,1,a7f19db1-8844-4be1-9532-2d1c4cfd518f,0.3467393219470978,Capítulo 15,chapter_15,chapter_15,1,"Part_II_Cap_15_Complex, Diverse, and Changing Agribusiness and Livelihood Systems in the Amazon.pdf",15,15.2,22,Medium-Low,Direct,0.2
P0,125,2,67b98729-bb05-4ed6-aa92-130854bc9f92,0.34961938858032227,Capítulo 15,chapter_15,chapter_17,0,"Part_II_Cap_17_Globalization, Extractivism, and Social Exclusion Threats and Opportunities to Amazon Governance in Brazil.pdf",17,17.3,19,Medium-Low,Direct,0.2
P0,125,3,97af5e5e-2b33-45a8-b16b-a3ed2d7a9182,0.3516291677951813,Capítulo 15,chapter_15,chapter_14,0,"Part_II_Cap_14_Amazon in Motion Changing Politics, Development Strategies, Peoples, Landscapes, and Livelihoods.pdf",14,3.2.3.2,25,Medium-Low,Direct,0.2
P0,125,4,a8c57580-4610-4624-a1bb-3d259ed1a812,0.3538845181465149,Capítulo 15,chapter_15,chapter_14,0,"Part_II_Cap_14_Amazon in Motion Changing Politics, Development Strategies, Peoples, Landscapes, and Livelihoods.pdf",14,14.1,20,Medium-Low,Direct,0.2
P0,125,5,d518b14e-c852-492a-8790-b02f2b69e157,0.3591373562812805,Capítulo 15,chapter_15,chapter_14,0,"Part_II_Cap_14_Amazon in Motion Changing Politics, Development Strategies, Peoples, Landscapes, and Livelihoods.pdf",14,14.5,47,Medium-Low,Direct,0.2
P0,126,1,b501fed3-d370-4b8c-98dd-bca399f36a64,1.0421791076660156,Capítulo 15,chapter_15,chapter_18,0,"Part_II_Cap_18_Globalization, Extractivism, and Social Exclusion Country-Specific Manifestations.pdf",18,68.1,47,Easy,Direct,0.0
P0,126,2,d0f554ea-953f-4b2a-aea1-3fd58feef307,1.0555408000946045,Capítulo 15,chapter_15,chapter_15,1,"Part_II_Cap_15_Complex, Diverse, and Changing Agribusiness and Livelihood Systems in the Amazon.pdf",15,15.4,17,Easy,Direct,0.0
P0,126,3,d40ac8d8-c871-4c98-8d0f-9a0e66dba7b8,1.0936436653137207,Capítulo 15,chapter_15,chapter_18,0,"Part_II_Cap_18_Globalization, Extractivism, and Social Exclusion Country-Specific Manifestations.pdf",18,68.1,47,Easy,Direct,0.0
P0,126,4,eefc0cf2-7608-4d29-82a0-59b2cf5dd898,1.1013636589050293,Capítulo 15,chapter_15,chapter_18,0,"Part_II_Cap_18_Globalization, Extractivism, and Social Exclusion Country-Specific Manifestations.pdf",18,68.1,27,Easy,Direct,0.0
P0,126,5,52f48513-c184-47a0-8da8-6b9e1ff7c3b8,1.1024259328842163,Capítulo 15,chapter_15,chapter_18,0,"Part_II_Cap_18_Globalization, Extractivism, and Social Exclusion Country-Specific Manifestations.pdf",18,68.1,27,Easy,Direct,0.0
P1,9,1,737ce6b6-210e-4816-9679-509648231687,0.8249451518058777,Capítulo 17,chapter_17,chapter_16,0,"Part_II_Cap_16_The State of Conservation Policies, Protected Areas, and Indigenous Territories, from the Past to the Present.pdf",16,16.1.1.1,12,Hard,Indirect,0.42
P1,9,2,f45cd2ad-8dea-417e-81d8-cc9a2468f076,0.8260889053344727,Capítulo 17,chapter_17,chapter_16,0,"Part_II_Cap_16_The State of Conservation Policies, Protected Areas, and Indigenous Territories, from the Past to the Present.pdf",16,16.1,15,Hard,Indirect,0.42
P1,9,3,8e825530-1bf7-4be8-8128-d2bf18636c39,0.830375611782074,Capítulo 17,chapter_17,chapter_16,0,"Part_II_Cap_16_The State of Conservation Policies, Protected Areas, and Indigenous Territories, from the Past to the Present.pdf",16,16.1.1,9,Hard,Indirect,0.42
P1,9,4,7df28dcf-90e2-4ada-bbed-94544a220a34,0.836889386177063,Capítulo 17,chapter_17,chapter_16,0,"Part_II_Cap_16_The State of Conservation Policies, Protected Areas, and Indigenous Territories, from the Past to the Present.pdf",16,16.1,14,Hard,Indirect,0.42
P1,9,5,4e6e1c22-8611-4929-8586-d8624765c8b6,0.8855979442596436,Capítulo 17,chapter_17,chapter_16,0,"Part_II_Cap_16_The State of Conservation Policies, Protected Areas, and Indigenous Territories, from the Past to the Present.pdf",16,16.4,17,Hard,Indirect,0.42
P1,11,1,75bf3cb8-d496-42c0-9c2e-4ac294248994,0.4213167428970337,Capítulo 17,chapter_17,chapter_11,0,Part_I_Cap_11_Economic Drivers in the Amazon from the 19th Century to the 1970s.pdf,11,11.4,13,Easy,Direct,0.5
P1,11,2,5335cb79-3883-4888-96bc-943a62a7ad48,0.44140639901161194,Capítulo 17,chapter_17,chapter_11,0,Part_I_Cap_11_Economic Drivers in the Amazon from the 19th Century to the 1970s.pdf,11,11.4,13,Easy,Direct,0.5
P1,11,3,e5c40499-5a05-4904-8e80-998530c9f880,0.4678264856338501,Capítulo 17,chapter_17,chapter_11,0,Part_I_Cap_11_Economic Drivers in the Amazon from the 19th Century to the 1970s.pdf,11,11,5,Easy,Direct,0.5
P1,11,4,65a1b200-afbb-43c6-a6eb-6122cf8f71a7,0.4750278890132904,Capítulo 17,chapter_17,chapter_11,0,Part_I_Cap_11_Economic Drivers in the Amazon from the 19th Century to the 1970s.pdf,11,11.2,7,Easy,Direct,0.5
P1,11,5,a4fa2a1a-9555-4d5e-911d-1d0b067a6599,0.48260748386383057,Capítulo 17,chapter_17,chapter_11,0,Part_I_Cap_11_Economic Drivers in the Amazon from the 19th Century to the 1970s.pdf,11,11.4,14,Easy,Direct,0.5
P1,15,1,fa4c75c0-a326-4bc3-839f-1cc4d88c821a,0.21623560786247253,Capítulo 12,chapter_12,chapter_12,1,Part_I_Cap_12_Languages of the Amazon Dimensions of Diversity.pdf,12,12.3,7,Medium-Low,Direct,0.1
P1,15,2,da63a527-33ee-408b-9c95-730cd0294ec8,0.25905129313468933,Capítulo 12,chapter_12,chapter_12,1,Part_I_Cap_12_Languages of the Amazon Dimensions of Diversity.pdf,12,12,4,Medium-Low,Direct,0.1
P1,15,3,dfac4de9-f76a-4813-8054-b8fbe42b7a3a,0.2651415467262268,Capítulo 12,chapter_12,chapter_12,1,Part_I_Cap_12_Languages of the Amazon Dimensions of Diversity.pdf,12,12.3,7,Medium-Low,Direct,0.1
P1,15,4,07a0548f-c5ec-4ac1-8839-3bc0c0a12f10,0.2672739624977112,Capítulo 12,chapter_12,chapter_12,1,Part_I_Cap_12_Languages of the Amazon Dimensions of Diversity.pdf,12,12.12,22,Medium-Low,Direct,0.1
P1,15,5,19e526ff-c614-47d1-a88e-e98355fad29f,0.2768673300743103,Capítulo 12,chapter_12,chapter_12,1,Part_I_Cap_12_Languages of the Amazon Dimensions of Diversity.pdf,12,12,5,Medium-Low,Direct,0.1
P1,27,1,c2dd63d3-e1ea-4a2e-8bb8-e931da6214bf,0.6536933183670044,Capítulo 25,chapter_25,chapter_25,1,Part_III_Cap_25_A Pan-Amazonian sustainable development vision.pdf,25,25.3,18,Medium-Low,Indirect,0.33
P1,27,2,6fe3fb8b-2ab2-49c3-80a2-da840ebaa121,0.6758674383163452,Capítulo 25,chapter_25,chapter_33,0,Part_III_Cap_33_Connecting and sharing diverse knowledges to support sustainable pathways in the Amazon.pdf,33,33.1,22,Medium-Low,Indirect,0.33
P1,27,3,c7a0fc05-c2de-4cc4-9e41-98157df9f5af,0.6902561187744141,Capítulo 25,chapter_25,chapter_25,1,Part_III_Cap_25_A Pan-Amazonian sustainable development vision.pdf,25,25,6,Medium-Low,Indirect,0.33
P1,27,4,160c0e6e-e96d-4a39-aeb5-c5eb482375da,0.6926513314247131,Capítulo 25,chapter_25,chapter_25,1,Part_III_Cap_25_A Pan-Amazonian sustainable development vision.pdf,25,25.1,7,Medium-Low,Indirect,0.33
P1,27,5,592b8c32-8e91-4f91-847c-9f8e092632d2,0.6960145235061646,Capítulo 25,chapter_25,chapter_25,1,Part_III_Cap_25_A Pan-Amazonian sustainable development vision.pdf,25,25.2,8,Medium-Low,Indirect,0.33
P1,34,1,0e31ea7c-40cf-4306-875e-89943af3cdb0,0.4090077877044678,Capítulo 15,chapter_15,chapter_15,1,"Part_II_Cap_15_Complex, Diverse, and Changing Agribusiness and Livelihood Systems in the Amazon.pdf",15,15.1,54,Hard,Direct,0.33
P1,34,2,f7e2bf49-930c-4b5b-96b6-2d58f604d721,0.41017213463783264,Capítulo 15,chapter_15,chapter_15,1,"Part_II_Cap_15_Complex, Diverse, and Changing Agribusiness and Livelihood Systems in the Amazon.pdf",15,15.2.2,14,Hard,Direct,0.33
P1,34,3,effc359d-f463-430f-a604-6a5c8f7e0f62,0.474448561668396,Capítulo 15,chapter_15,chapter_15,1,"Part_II_Cap_15_Complex, Diverse, and Changing Agribusiness and Livelihood Systems in the Amazon.pdf",15,15.8,53,Hard,Direct,0.33
P1,34,4,09f6a747-5f8c-4a6a-a225-3dc6d374b56d,0.4767463207244873,Capítulo 15,chapter_15,chapter_15,1,"Part_II_Cap_15_Complex, Diverse, and Changing Agribusiness and Livelihood Systems in the Amazon.pdf",15,15.1.1,8,Hard,Direct,0.33
P1,34,5,3b2ef99b-c907-4955-984d-4700a225788b,0.47937777638435364,Capítulo 15,chapter_15,chapter_15,1,"Part_II_Cap_15_Complex, Diverse, and Changing Agribusiness and Livelihood Systems in the Amazon.pdf",15,15.2.1,10,Hard,Direct,0.33
P1,35,1,f996a6a6-3ab0-4e30-8130-0ec2b23e058f,0.3949752449989319,Capítulo 7,chapter_07,chapter_07,1,"Part_I_Cap_07_Biogeophysical Cycles Water Recycling, Climate Regulation.pdf",7,7,5,Medium-Low,Direct,0.6
P1,35,2,20c72b9b-bcf6-4695-83e4-c1a141222fe7,0.40230900049209595,Capítulo 7,chapter_07,chapter_05,0,Part_I_Cap_05_The Physical Hydroclimate System of the Amazon.pdf,5,5.4,22,Medium-Low,Direct,0.6
P1,35,3,158d022e-3cae-4e71-85ba-e6beb8c76a8a,0.4346632957458496,Capítulo 7,chapter_07,chapter_07,1,"Part_I_Cap_07_Biogeophysical Cycles Water Recycling, Climate Regulation.pdf",7,7.4,20,Medium-Low,Direct,0.6
P1,35,4,41a88896-db0c-4ba2-8cd1-1a460508409c,0.45253533124923706,Capítulo 7,chapter_07,chapter_07,1,"Part_I_Cap_07_Biogeophysical Cycles Water Recycling, Climate Regulation.pdf",7,7.6,21,Medium-Low,Direct,0.6
P1,35,5,0bd90733-f0af-4c3e-98ba-437416ee030d,0.4720410704612732,Capítulo 7,chapter_07,chapter_05,0,Part_I_Cap_05_The Physical Hydroclimate System of the Amazon.pdf,5,5.4,21,Medium-Low,Direct,0.6
P1,36,1,f44e1468-67e5-49ee-823c-ce7344c1b4ae,0.5059004426002502,Capítulo 32,chapter_32,chapter_32,1,Part_III_Cap_32_Milestones and challenges in the construction and expansion of participatory intercultural education in the Amazon.pdf,32,32.5.1,11,Hard,Indirect,0.22
P1,36,2,ce890b31-8051-41a5-8e11-cd21de3e0bf6,0.5306415557861328,Capítulo 32,chapter_32,chapter_32,1,Part_III_Cap_32_Milestones and challenges in the construction and expansion of participatory intercultural education in the Amazon.pdf,32,32.5.1,11,Hard,Indirect,0.22
P1,36,3,5b9aca02-e513-4b93-ad9d-19789ea8dc42,0.6838204264640808,Capítulo 32,chapter_32,chapter_32,1,Part_III_Cap_32_Milestones and challenges in the construction and expansion of participatory intercultural education in the Amazon.pdf,32,32.5.1,10,Hard,Indirect,0.22
P1,36,4,f5567c67-7342-4643-b37e-e33db04eaf45,0.6988407969474792,Capítulo 32,chapter_32,chapter_32,1,Part_III_Cap_32_Milestones and challenges in the construction and expansion of participatory intercultural education in the Amazon.pdf,32,32.6,21,Hard,Indirect,0.22
P1,36,5,858e1551-6dbb-4744-b00b-a08a840990dc,0.7318992018699646,Capítulo 32,chapter_32,chapter_32,1,Part_III_Cap_32_Milestones and challenges in the construction and expansion of participatory intercultural education in the Amazon.pdf,32,32.2,8,Hard,Indirect,0.22
P1,53,1,b3a37d95-f756-4773-b58f-22fce28d78f0,0.9641219973564148,Capítulo 28,chapter_28,chapter_28,1,Part_III_Cap_28_Restoration options for the Amazon.pdf,28,28.3.1,9,Medium-High,Direct,0.6
P1,53,2,2ed2381a-364f-4586-a1ad-11d56ac6f7dd,0.9880797863006592,Capítulo 28,chapter_28,chapter_28,1,Part_III_Cap_28_Restoration options for the Amazon.pdf,28,28.3.1,9,Medium-High,Direct,0.6
P1,53,3,9fcfa2d3-c1e4-446c-b70c-23379812de1f,1.03190016746521,Capítulo 28,chapter_28,chapter_28,1,Part_III_Cap_28_Restoration options for the Amazon.pdf,28,28.2.4,7,Medium-High,Direct,0.6
P1,53,4,3372b8ba-4775-4b39-b71f-e063563b066b,1.0478644371032715,Capítulo 28,chapter_28,chapter_28,1,Part_III_Cap_28_Restoration options for the Amazon.pdf,28,28.3.1,8,Medium-High,Direct,0.6
P1,53,5,cf36181c-1d5a-4ccb-a245-b9455e76b7b0,1.0648188591003418,Capítulo 28,chapter_28,chapter_28,1,Part_III_Cap_28_Restoration options for the Amazon.pdf,28,28.3.1,9,Medium-High,Direct,0.6
P1,58,1,2791dfc0-e69a-4396-bc82-0560bfaebd32,1.1416127681732178,Capítulo 4,chapter_04,chapter_04,1,Part_I_Cap_04_Amazonian Ecosystems and Their Ecological Functions.pdf,4,4.2.2.2,19,Medium-Low,Direct,0.0
P1,58,2,43c3fb85-371c-4bff-a48e-81c9b967f9c8,1.1505577564239502,Capítulo 4,chapter_04,chapter_04,1,Part_I_Cap_04_Amazonian Ecosystems and Their Ecological Functions.pdf,4,4.2.2.2,19,Medium-Low,Direct,0.0
P1,58,3,d3ae791e-8e4c-40e3-8db8-39d830799d75,1.1675366163253784,Capítulo 4,chapter_04,chapter_04,1,Part_I_Cap_04_Amazonian Ecosystems and Their Ecological Functions.pdf,4,4.2.2.2,18,Medium-Low,Direct,0.0
P1,58,4,6189b0bb-7922-47df-9355-120c75c5c63a,1.191704511642456,Capítulo 4,chapter_04,annex_01,0,Annex_01_Annex I.pdf,Annex I,Annex I,3,Medium-Low,Direct,0.0
P1,58,5,5779ef17-4c35-469c-af0a-d1eca98a073c,1.1957435607910156,Capítulo 4,chapter_04,chapter_18,0,"Part_II_Cap_18_Globalization, Extractivism, and Social Exclusion Country-Specific Manifestations.pdf",18,18.1,8,Medium-Low,Direct,0.0
P1,59,1,716d4a00-1159-4921-af01-b6b42fd5e41d,0.42731747031211853,Capítulo 12,chapter_12,chapter_12,1,Part_I_Cap_12_Languages of the Amazon Dimensions of Diversity.pdf,12,12.9,16,Hard,Indirect,0.25
P1,59,2,1cf36954-9b80-4c8c-be52-5df1dc01e6dc,0.5100052952766418,Capítulo 12,chapter_12,chapter_12,1,Part_I_Cap_12_Languages of the Amazon Dimensions of Diversity.pdf,12,12.9,18,Hard,Indirect,0.25
P1,59,3,1499818a-c2f9-4233-817a-97bfe881125a,0.5735790133476257,Capítulo 12,chapter_12,chapter_12,1,Part_I_Cap_12_Languages of the Amazon Dimensions of Diversity.pdf,12,12.9,16,Hard,Indirect,0.25
P1,59,4,954a4a78-984c-4af9-80a9-c4f557b66555,0.6029074192047119,Capítulo 12,chapter_12,chapter_09,0,Part_I_Cap_09_Peoples of the Amazon and European Colonization (16th-18th Centuries).pdf,9,9.9,29,Hard,Indirect,0.25
P1,59,5,32588592-5171-4fdb-96e0-c6ffaefdd0a4,0.6113430857658386,Capítulo 12,chapter_12,chapter_12,1,Part_I_Cap_12_Languages of the Amazon Dimensions of Diversity.pdf,12,12.9,16,Hard,Indirect,0.25
P1,63,1,a7f90fcd-eb20-4a66-91e6-4c6cd3ddd576,0.5040229558944702,Capítulo 2,chapter_02,chapter_01,0,Part_I_Cap_01_Geology and Geodiversity of the Amazon Three Billion Years of History.pdf,1,1.4,13,Hard,Direct,0.28
P1,63,2,6b94e3d8-c894-469b-93d8-33c9b041f114,0.549213707447052,Capítulo 2,chapter_02,chapter_01,0,Part_I_Cap_01_Geology and Geodiversity of the Amazon Three Billion Years of History.pdf,1,1.2,13,Hard,Direct,0.28
P1,63,3,d0d5a616-a4b5-4610-8aee-754c9a2f7ca9,0.5563030242919922,Capítulo 2,chapter_02,chapter_01,0,Part_I_Cap_01_Geology and Geodiversity of the Amazon Three Billion Years of History.pdf,1,1.2,13,Hard,Direct,0.28
P1,63,4,2717f96b-e647-4dff-b055-a517abd3805c,0.6684556007385254,Capítulo 2,chapter_02,chapter_01,0,Part_I_Cap_01_Geology and Geodiversity of the Amazon Three Billion Years of History.pdf,1,1,6,Hard,Direct,0.28
P1,63,5,bf30ce0c-44aa-4dce-b741-80a12527470f,0.6760185956954956,Capítulo 2,chapter_02,chapter_04,0,Part_I_Cap_04_Amazonian Ecosystems and Their Ecological Functions.pdf,4,4.2.2,14,Hard,Direct,0.28
P1,65,1,f01451bd-a48e-4665-bd14-d3c61b2911d8,0.3829460144042969,Capítulo Cross Chapter 1,cross_chapter_1,chapter_06,0,Part_I_Cap_06_Biogeochemical Cycles in the Amazon.pdf,6,6.2.4,17,Hard,Indirect,0.0
P1,65,2,adf995bd-bb0a-4979-a155-990b2e96bc6c,0.3893256187438965,Capítulo Cross Chapter 1,cross_chapter_1,chapter_06,0,Part_I_Cap_06_Biogeochemical Cycles in the Amazon.pdf,6,6.1,19,Hard,Indirect,0.0
P1,65,3,f6e22e48-097f-42af-ad12-dc0ad45d924d,0.3991638422012329,Capítulo Cross Chapter 1,cross_chapter_1,chapter_06,0,Part_I_Cap_06_Biogeochemical Cycles in the Amazon.pdf,6,6.2.4,17,Hard,Indirect,0.0
P1,65,4,3ff7d1ed-6342-4e24-88c2-5d8a079dddb0,0.41191497445106506,Capítulo Cross Chapter 1,cross_chapter_1,chapter_06,0,Part_I_Cap_06_Biogeochemical Cycles in the Amazon.pdf,6,6.2.4,17,Hard,Indirect,0.0
P1,65,5,c91d81e5-d0ea-437d-8dc2-2a7152611636,0.4285096526145935,Capítulo Cross Chapter 1,cross_chapter_1,chapter_06,0,Part_I_Cap_06_Biogeochemical Cycles in the Amazon.pdf,6,6.8,38,Hard,Indirect,0.0
P1,67,1,741bb6c2-cb44-475f-aa58-03d90c4d3205,0.39758509397506714,Capítulo Cross Chapter 1,cross_chapter_1,cross_chapter_1,1,Part_I_Cap_01_Cross Chapter 1 The Amazon Carbon Budget.pdf,1,CB1.,6,Hard,Indirect,0.0
P1,67,2,37ee25e9-6467-4210-9870-00d768089169,0.4028259217739105,Capítulo Cross Chapter 1,cross_chapter_1,cross_chapter_1,1,Part_I_Cap_01_Cross Chapter 1 The Amazon Carbon Budget.pdf,1,CB1.,5,Hard,Indirect,0.0
P1,67,3,d5fac884-5ffb-4e64-bdae-9334c80d921f,0.4081937074661255,Capítulo Cross Chapter 1,cross_chapter_1,cross_chapter_1,1,Part_I_Cap_01_Cross Chapter 1 The Amazon Carbon Budget.pdf,1,CB1.,7,Hard,Indirect,0.0
P1,67,4,f5d6a30d-6233-4793-9d43-c6203962d12c,0.4135743975639343,Capítulo Cross Chapter 1,cross_chapter_1,chapter_29,0,Part_III_Cap_29_Restoration priorities and benefits within landscapes and catchments and across the Amazon Basin.pdf,29,8.48,8,Hard,Indirect,0.0
P1,67,5,041019d1-ced9-4050-a143-8d514d213d8a,0.424874484539032,Capítulo Cross Chapter 1,cross_chapter_1,cross_chapter_1,1,Part_I_Cap_01_Cross Chapter 1 The Amazon Carbon Budget.pdf,1,A,4,Hard,Indirect,0.0
P1,72,1,fd3235eb-dba5-40f8-b63e-ca821834e2e4,0.4839472472667694,Capítulo 21,chapter_21,chapter_21,1,Part_II_Cap_21_Human Well-Being and Health Impacts of the Degradation of Terrestrial and Aquatic Ecosystems.pdf,21,21.8,20,Hard,Indirect,0.1
P1,72,2,a0a8efb8-4917-461a-97b9-188942849dad,0.48404204845428467,Capítulo 21,chapter_21,chapter_21,1,Part_II_Cap_21_Human Well-Being and Health Impacts of the Degradation of Terrestrial and Aquatic Ecosystems.pdf,21,21.5,15,Hard,Indirect,0.1
P1,72,3,6e937b5f-f3ef-4b35-8577-ff5bd573191b,0.48546138405799866,Capítulo 21,chapter_21,chapter_21,1,Part_II_Cap_21_Human Well-Being and Health Impacts of the Degradation of Terrestrial and Aquatic Ecosystems.pdf,21,21,6,Hard,Indirect,0.1
P1,72,4,a29c04ce-b624-4146-8c24-7e9f90906c40,0.4966006875038147,Capítulo 21,chapter_21,chapter_34,0,Part_III_Cap_34_Boosting relations between the Amazon forest and its globalizing cities.pdf,34,34.6,13,Hard,Indirect,0.1
P1,72,5,880a303e-401e-4d9e-97b9-d0b264e6584d,0.5127159357070923,Capítulo 21,chapter_21,chapter_15,0,"Part_II_Cap_15_Complex, Diverse, and Changing Agribusiness and Livelihood Systems in the Amazon.pdf",15,15.3.2,32,Hard,Indirect,0.1
P1,77,1,63661ff3-4775-4370-bf3e-ffde27656867,0.5082763433456421,Capítulo 26,chapter_26,chapter_26,1,Part_III_Cap_26_Sustainable Development Goals (SDGs) and the Amazon.pdf,26,26,6,Hard,Indirect,0.33
P1,77,2,b0d3d388-2a4b-42ac-97e5-48f18479984c,0.515139102935791,Capítulo 26,chapter_26,chapter_26,1,Part_III_Cap_26_Sustainable Development Goals (SDGs) and the Amazon.pdf,26,26.3,17,Hard,Indirect,0.33
P1,77,3,0e6ea71e-bb26-44e4-9689-6d7cfd90e1a2,0.5156165361404419,Capítulo 26,chapter_26,chapter_26,1,Part_III_Cap_26_Sustainable Development Goals (SDGs) and the Amazon.pdf,26,26.2.2.3,19,Hard,Indirect,0.33
P1,77,4,d0d4f21f-e8b2-4b31-a3a3-8c5a2dc500a4,0.5256845951080322,Capítulo 26,chapter_26,chapter_26,1,Part_III_Cap_26_Sustainable Development Goals (SDGs) and the Amazon.pdf,26,26.1,6,Hard,Indirect,0.33
P1,77,5,3faaa3d9-c816-4bed-84c0-51f7a327bac5,0.5370850563049316,Capítulo 26,chapter_26,chapter_26,1,Part_III_Cap_26_Sustainable Development Goals (SDGs) and the Amazon.pdf,26,26,5,Hard,Indirect,0.33
P1,83,1,21b41f31-d641-4801-a4bc-72ec43bf05d2,0.6693561673164368,Capítulo 27,chapter_27,chapter_16,0,"Part_II_Cap_16_The State of Conservation Policies, Protected Areas, and Indigenous Territories, from the Past to the Present.pdf",16,16.3,26,Medium-Low,Direct,0.33
P1,83,2,a032d5e6-991a-44d2-a822-0cc615d19908,0.8083014488220215,Capítulo 27,chapter_27,chapter_28,0,Part_III_Cap_28_Restoration options for the Amazon.pdf,28,28.4.2.1,20,Medium-Low,Direct,0.33
P1,83,3,8357ebcd-2a02-4fd1-b6a4-b840607808ea,0.8265393376350403,Capítulo 27,chapter_27,chapter_16,0,"Part_II_Cap_16_The State of Conservation Policies, Protected Areas, and Indigenous Territories, from the Past to the Present.pdf",16,6.1,11,Medium-Low,Direct,0.33
P1,83,4,bea6eaee-25d8-4612-982e-0ff3c67d8e33,0.8266785144805908,Capítulo 27,chapter_27,chapter_28,0,Part_III_Cap_28_Restoration options for the Amazon.pdf,28,28.4.2.1,19,Medium-Low,Direct,0.33
P1,83,5,02df92f3-1f34-416d-a1cb-0cf43f705ac3,0.8354789614677429,Capítulo 27,chapter_27,chapter_19,0,Part_II_Cap_19_Drivers and Ecological Impacts of Deforestation and Forest Degradation.pdf,19,19.4.4,32,Medium-Low,Direct,0.33
P1,90,1,842f3544-78c0-49d7-8da7-6d14e99877cb,0.34492987394332886,Capítulo 31,chapter_31,chapter_31,1,"Part_III_Cap_31_Strengthening land and natural resource governance and management Protected areas, Indigenous lands, and local communities’ territories.pdf",31,31.5,30,Hard,Indirect,0.37
P1,90,2,4de069fa-4aee-48ac-b0f7-5e1c902e5f65,0.4338325262069702,Capítulo 31,chapter_31,chapter_31,1,"Part_III_Cap_31_Strengthening land and natural resource governance and management Protected areas, Indigenous lands, and local communities’ territories.pdf",31,31.2,9,Hard,Indirect,0.37
P1,90,3,29e0aded-08c3-490b-a0ed-00036554d30e,0.4416208267211914,Capítulo 31,chapter_31,chapter_31,1,"Part_III_Cap_31_Strengthening land and natural resource governance and management Protected areas, Indigenous lands, and local communities’ territories.pdf",31,31.1,6,Hard,Indirect,0.37
P1,90,4,d24b72a4-d8d8-423c-adc4-97f133f340f1,0.4433313012123108,Capítulo 31,chapter_31,chapter_31,1,"Part_III_Cap_31_Strengthening land and natural resource governance and management Protected areas, Indigenous lands, and local communities’ territories.pdf",31,31,6,Hard,Indirect,0.37
P1,90,5,7af68183-0e8c-4837-aea7-5fda40ac3432,0.44884318113327026,Capítulo 31,chapter_31,chapter_31,1,"Part_III_Cap_31_Strengthening land and natural resource governance and management Protected areas, Indigenous lands, and local communities’ territories.pdf",31,31.5,30,Hard,Indirect,0.37
P1,96,1,29358e34-9f1b-46ac-8636-6032488f55b8,0.4771669805049896,Capítulo Annex 2,annex_02,annex_02,1,Annex_02_Annex II.pdf,Annex II,4.4,6,Hard,Indirect,0.0
P1,96,2,7be8d382-b188-4682-9e9d-191baf2ed285,0.49139919877052307,Capítulo Annex 2,annex_02,chapter_10,0,Part_I_Cap_10_Critical Interconnections Between the Cultural and Biological Diversity of Amazonian Peoples and Ecosystems.pdf,10,10.1,9,Hard,Indirect,0.0
P1,96,3,43ba2759-da57-413a-a13f-2a5bcd84b053,0.5010198950767517,Capítulo Annex 2,annex_02,annex_02,1,Annex_02_Annex II.pdf,Annex II,Annex II,3,Hard,Indirect,0.0
P1,96,4,46ded444-fca1-4c03-9309-71907faeec1c,0.5109923481941223,Capítulo Annex 2,annex_02,chapter_13,0,Part_I_Cap_13_African Presence in the Amazon A Glance.pdf,13,13.12,30,Hard,Indirect,0.0
P1,96,5,99815fbc-724e-46cf-816f-bb0291de1561,0.52906733751297,Capítulo Annex 2,annex_02,chapter_13,0,Part_I_Cap_13_African Presence in the Amazon A Glance.pdf,13,13.1,9,Hard,Indirect,0.0
P1,97,1,61996888-8224-4bdd-80e4-64293fec0a92,0.4153708219528198,Capítulo Annex 2,annex_02,annex_02,1,Annex_02_Annex II.pdf,Annex II,4.1,6,Medium-Low,Indirect,0.27
P1,97,2,f59147ef-901b-4bb7-9149-81b317e93564,0.4435560405254364,Capítulo Annex 2,annex_02,annex_02,1,Annex_02_Annex II.pdf,Annex II,4.1,6,Medium-Low,Indirect,0.27
P1,97,3,29358e34-9f1b-46ac-8636-6032488f55b8,0.4567739963531494,Capítulo Annex 2,annex_02,annex_02,1,Annex_02_Annex II.pdf,Annex II,4.4,6,Medium-Low,Indirect,0.27
P1,97,4,b508b4e4-56ae-49d4-83a5-11e6d05f55a7,0.479472815990448,Capítulo Annex 2,annex_02,annex_02,1,Annex_02_Annex II.pdf,Annex II,Annex II,4,Medium-Low,Indirect,0.27
P1,97,5,10123514-b184-4d3a-a16b-65f1b69db163,0.48199474811553955,Capítulo Annex 2,annex_02,annex_02,1,Annex_02_Annex II.pdf,Annex II,Annex II,4,Medium-Low,Indirect,0.27
P1,98,1,b508b4e4-56ae-49d4-83a5-11e6d05f55a7,0.4507564902305603,Capítulo Annex 2,annex_02,annex_02,1,Annex_02_Annex II.pdf,Annex II,Annex II,4,Medium-Low,Direct,0.12
P1,98,2,8ef2c079-7ebc-4528-9457-9583ac85d63b,0.48983392119407654,Capítulo Annex 2,annex_02,annex_02,1,Annex_02_Annex II.pdf,Annex II,Annex II,4,Medium-Low,Direct,0.12
P1,98,3,c4808ab4-550c-477b-9171-bd46a9248952,0.5042421817779541,Capítulo Annex 2,annex_02,chapter_08,0,Part_I_Cap_08_Peoples of the Amazon Before European Colonization.pdf,8,8.13,32,Medium-Low,Direct,0.12
P1,98,4,59e4df3a-1064-4ed1-8b31-ad1ac0eef52b,0.5223809480667114,Capítulo Annex 2,annex_02,annex_02,1,Annex_02_Annex II.pdf,Annex II,4.5,7,Medium-Low,Direct,0.12
P1,98,5,81019cc9-5309-4dd4-a307-b5f5769bf91d,0.5290281176567078,Capítulo Annex 2,annex_02,annex_02,1,Annex_02_Annex II.pdf,Annex II,Annex II,4,Medium-Low,Direct,0.12
P1,99,1,a8199682-a882-43f4-bb4a-8c2366dea1aa,0.5193313956260681,Capítulo Cross Chapter 2,cross_chapter_2,chapter_31,0,"Part_III_Cap_31_Strengthening land and natural resource governance and management Protected areas, Indigenous lands, and local communities’ territories.pdf",31,31.4,29,Hard,Indirect,0.33
P1,99,2,d24b72a4-d8d8-423c-adc4-97f133f340f1,0.5222902894020081,Capítulo Cross Chapter 2,cross_chapter_2,chapter_31,0,"Part_III_Cap_31_Strengthening land and natural resource governance and management Protected areas, Indigenous lands, and local communities’ territories.pdf",31,31,6,Hard,Indirect,0.33
P1,99,3,27780194-f43d-4a7d-b6c6-79c24244113e,0.5276263952255249,Capítulo Cross Chapter 2,cross_chapter_2,chapter_33,0,Part_III_Cap_33_Connecting and sharing diverse knowledges to support sustainable pathways in the Amazon.pdf,33,33.1,22,Hard,Indirect,0.33
P1,99,4,3d9cccbd-0718-49be-b2f8-d80879866175,0.5312579870223999,Capítulo Cross Chapter 2,cross_chapter_2,chapter_31,0,"Part_III_Cap_31_Strengthening land and natural resource governance and management Protected areas, Indigenous lands, and local communities’ territories.pdf",31,31.2.1,17,Hard,Indirect,0.33
P1,99,5,cc03a97f-b3fc-4045-9ac9-fff627610b1b,0.5321483016014099,Capítulo Cross Chapter 2,cross_chapter_2,chapter_31,0,"Part_III_Cap_31_Strengthening land and natural resource governance and management Protected areas, Indigenous lands, and local communities’ territories.pdf",31,31.2,15,Hard,Indirect,0.33
P1,100,1,afe997cb-8b8c-48b8-a765-97b2e927bff9,0.48846447467803955,Capítulo Cross Chapter 2,cross_chapter_2,chapter_03,0,Part_I_Cap_03_Biological Diversity and Ecological Networks in the Amazon.pdf,3,3.1,13,Hard,Indirect,0.15
P1,100,2,725851a1-5191-40a2-9f98-6129890a823c,0.5260533094406128,Capítulo Cross Chapter 2,cross_chapter_2,chapter_03,0,Part_I_Cap_03_Biological Diversity and Ecological Networks in the Amazon.pdf,3,3.1,14,Hard,Indirect,0.15
P1,100,3,fa931ada-dd10-483e-80c9-4f3c6a5f87ef,0.5264908075332642,Capítulo Cross Chapter 2,cross_chapter_2,chapter_15,0,"Part_II_Cap_15_Complex, Diverse, and Changing Agribusiness and Livelihood Systems in the Amazon.pdf",15,15.4.3,42,Hard,Indirect,0.15
P1,100,4,57ff53f5-34d9-48ce-a16e-3b3a9f65a10c,0.5310232639312744,Capítulo Cross Chapter 2,cross_chapter_2,chapter_03,0,Part_I_Cap_03_Biological Diversity and Ecological Networks in the Amazon.pdf,3,3.1,13,Hard,Indirect,0.15
P1,100,5,aa88a639-ef84-4c66-8a85-c446abe2148a,0.5358724594116211,Capítulo Cross Chapter 2,cross_chapter_2,chapter_03,0,Part_I_Cap_03_Biological Diversity and Ecological Networks in the Amazon.pdf,3,3.1,13,Hard,Indirect,0.15
P1,102,1,4d2f5f8b-6edb-4daa-9d56-effd8234da73,0.658327579498291,Capítulo Cross Chapter 2,cross_chapter_2,chapter_30,0,Part_III_Cap_30_Opportunities and challenges for a healthy standing forest and flowing rivers bioeconomy in the Amazon.pdf,30,30.5.1,28,Medium-Low,Indirect,0.0
P1,102,2,45fd1e1b-3e26-4dad-82b4-7ed8380d54fe,0.665230929851532,Capítulo Cross Chapter 2,cross_chapter_2,chapter_30,0,Part_III_Cap_30_Opportunities and challenges for a healthy standing forest and flowing rivers bioeconomy in the Amazon.pdf,30,30.8,46,Medium-Low,Indirect,0.0
P1,102,3,617ea9a1-b57b-449e-9424-9cd8ca1f50aa,0.6846312284469604,Capítulo Cross Chapter 2,cross_chapter_2,chapter_30,0,Part_III_Cap_30_Opportunities and challenges for a healthy standing forest and flowing rivers bioeconomy in the Amazon.pdf,30,30.4.1,19,Medium-Low,Indirect,0.0
P1,102,4,007996ea-e4ee-490d-8cc0-853871c376a4,0.696252703666687,Capítulo Cross Chapter 2,cross_chapter_2,chapter_15,0,"Part_II_Cap_15_Complex, Diverse, and Changing Agribusiness and Livelihood Systems in the Amazon.pdf",15,15.7,51,Medium-Low,Indirect,0.0
P1,102,5,3761f52a-e571-47ed-9fa5-339e99d0bd9f,0.698512077331543,Capítulo Cross Chapter 2,cross_chapter_2,chapter_25,0,Part_III_Cap_25_A Pan-Amazonian sustainable development vision.pdf,25,25.2.3,13,Medium-Low,Indirect,0.0
P1,104,1,fcd7b311-7f26-4217-94b4-e78914336502,0.4950951933860779,Capítulo 8,chapter_08,chapter_06,0,Part_I_Cap_06_Biogeochemical Cycles in the Amazon.pdf,6,11.7,7,Hard,Indirect,0.1
P1,104,2,d9562185-5e18-448c-850f-976bfaa97289,0.5285142660140991,Capítulo 8,chapter_08,chapter_08,1,Part_I_Cap_08_Peoples of the Amazon Before European Colonization.pdf,8,8.3,12,Hard,Indirect,0.1
P1,104,3,f598bc2b-4bdb-4ff5-8e0d-ed87e95fa14c,0.5326551198959351,Capítulo 8,chapter_08,chapter_23,0,"Part_II_Cap_23_Impacts of Deforestation and Climate Change on Biodiversity, Ecological Processes, and Environmental Adaptation.pdf",23,23.1,6,Hard,Indirect,0.1
P1,104,4,69924d85-ed85-44bc-af4a-b7b85f3e599a,0.5511552095413208,Capítulo 8,chapter_08,chapter_22,0,"Part_II_Cap_22_Long-Term Variability, Extremes, and Changes in Temperature and Hydro Meteorology.pdf",22,22,5,Hard,Indirect,0.1
P1,104,5,f7ab12e6-5aee-49f2-a0df-6da5699084b3,0.5538146495819092,Capítulo 8,chapter_08,chapter_22,0,"Part_II_Cap_22_Long-Term Variability, Extremes, and Changes in Temperature and Hydro Meteorology.pdf",22,22.1,9,Hard,Indirect,0.1
P1,105,1,1bf62ecf-4761-4ab5-89ac-7bfb21e4e17a,0.7330527305603027,Capítulo 8,chapter_08,chapter_08,1,Part_I_Cap_08_Peoples of the Amazon Before European Colonization.pdf,8,8.5,23,Medium-High,Direct,1.0
P1,105,2,f3f16238-dfc6-45c2-b8ce-17fa7fb90a50,0.8297899961471558,Capítulo 8,chapter_08,chapter_08,1,Part_I_Cap_08_Peoples of the Amazon Before European Colonization.pdf,8,8.6,24,Medium-High,Direct,1.0
P1,105,3,b5347521-7740-4241-bd4e-0e52619cecb3,0.864323079586029,Capítulo 8,chapter_08,chapter_08,1,Part_I_Cap_08_Peoples of the Amazon Before European Colonization.pdf,8,8.6,24,Medium-High,Direct,1.0
P1,105,4,6a7b9a03-3c7e-4dd6-8394-4f9d57d46817,0.8722880482673645,Capítulo 8,chapter_08,chapter_08,1,Part_I_Cap_08_Peoples of the Amazon Before European Colonization.pdf,8,8.7,25,Medium-High,Direct,1.0
P1,105,5,809af770-d088-499a-9d08-fd6951a54b19,0.872747540473938,Capítulo 8,chapter_08,chapter_08,1,Part_I_Cap_08_Peoples of the Amazon Before European Colonization.pdf,8,8.14,41,Medium-High,Direct,1.0
P1,106,1,5aaf7250-c63a-4482-bb6a-c1c0114851ab,1.2077363729476929,Capítulo 8,chapter_08,chapter_08,1,Part_I_Cap_08_Peoples of the Amazon Before European Colonization.pdf,8,8.1,11,Medium-High,Direct,1.0
P1,106,2,6a7b9a03-3c7e-4dd6-8394-4f9d57d46817,1.2202951908111572,Capítulo 8,chapter_08,chapter_08,1,Part_I_Cap_08_Peoples of the Amazon Before European Colonization.pdf,8,8.7,25,Medium-High,Direct,1.0
P1,106,3,072071ab-3684-498d-b68b-92f4d9d3910b,1.2586750984191895,Capítulo 8,chapter_08,chapter_08,1,Part_I_Cap_08_Peoples of the Amazon Before European Colonization.pdf,8,8.1,10,Medium-High,Direct,1.0
P1,106,4,b14d8f5b-1e92-43f7-86d8-929f58812419,1.2664309740066528,Capítulo 8,chapter_08,chapter_08,1,Part_I_Cap_08_Peoples of the Amazon Before European Colonization.pdf,8,8.1,11,Medium-High,Direct,1.0
P1,106,5,399d3457-8e87-4f45-a721-9b7560352d15,1.3073060512542725,Capítulo 8,chapter_08,chapter_08,1,Part_I_Cap_08_Peoples of the Amazon Before European Colonization.pdf,8,8.14,40,Medium-High,Direct,1.0
P1,110,1,8e422a19-913a-47f6-a1a7-b48de0cecd39,0.7515544295310974,Capítulo 9,chapter_09,chapter_09,1,Part_I_Cap_09_Peoples of the Amazon and European Colonization (16th-18th Centuries).pdf,9,9.10,32,Medium-High,Direct,0.5
P1,110,2,2427b6a7-be3f-4500-bdae-755f39a39de6,0.7864364385604858,Capítulo 9,chapter_09,chapter_09,1,Part_I_Cap_09_Peoples of the Amazon and European Colonization (16th-18th Centuries).pdf,9,9.10,32,Medium-High,Direct,0.5
P1,110,3,69615e8f-925a-4ccd-b07f-e596c1673ba9,0.8328632116317749,Capítulo 9,chapter_09,chapter_09,1,Part_I_Cap_09_Peoples of the Amazon and European Colonization (16th-18th Centuries).pdf,9,9.10,31,Medium-High,Direct,0.5
P1,110,4,f36ff586-b589-4aa6-a8d1-4c2b375bfe5b,0.8467549085617065,Capítulo 9,chapter_09,chapter_09,1,Part_I_Cap_09_Peoples of the Amazon and European Colonization (16th-18th Centuries).pdf,9,9.10,31,Medium-High,Direct,0.5
P1,110,5,79f4e4f9-5464-4eed-95a5-f69afd050e9a,0.848786473274231,Capítulo 9,chapter_09,chapter_09,1,Part_I_Cap_09_Peoples of the Amazon and European Colonization (16th-18th Centuries).pdf,9,9.10,33,Medium-High,Direct,0.5
P1,116,1,969eee32-0053-43c4-8159-7c186aea4264,0.6847245693206787,Capítulo 11,chapter_11,chapter_11,1,Part_I_Cap_11_Economic Drivers in the Amazon from the 19th Century to the 1970s.pdf,11,11.3,10,Hard,Indirect,0.0
P1,116,2,c9bac348-88b2-4f81-98a2-fcefd9109976,0.726698100566864,Capítulo 11,chapter_11,chapter_11,1,Part_I_Cap_11_Economic Drivers in the Amazon from the 19th Century to the 1970s.pdf,11,11.3,11,Hard,Indirect,0.0
P1,116,3,99ecf682-6386-4047-9615-33e63a63d7e2,0.7527386546134949,Capítulo 11,chapter_11,chapter_11,1,Part_I_Cap_11_Economic Drivers in the Amazon from the 19th Century to the 1970s.pdf,11,11.3,10,Hard,Indirect,0.0
P1,116,4,c6074941-44f9-4eff-98e8-63c69d4ed942,0.7864964604377747,Capítulo 11,chapter_11,chapter_11,1,Part_I_Cap_11_Economic Drivers in the Amazon from the 19th Century to the 1970s.pdf,11,11.3,10,Hard,Indirect,0.0
P1,116,5,ede80d24-8317-4211-8694-322fce31c747,0.7918993830680847,Capítulo 11,chapter_11,chapter_11,1,Part_I_Cap_11_Economic Drivers in the Amazon from the 19th Century to the 1970s.pdf,11,11.4,16,Hard,Indirect,0.0
P1,117,1,bfcf0e30-7a6b-4a14-81da-87963f477385,0.8864110708236694,Capítulo 11,chapter_11,chapter_11,1,Part_I_Cap_11_Economic Drivers in the Amazon from the 19th Century to the 1970s.pdf,11,11.3,13,Medium-Low,Direct,0.25
P1,117,2,9cbd0001-d514-4ece-a042-8629a894a73d,0.8879687190055847,Capítulo 11,chapter_11,chapter_11,1,Part_I_Cap_11_Economic Drivers in the Amazon from the 19th Century to the 1970s.pdf,11,11.3,11,Medium-Low,Direct,0.25
P1,117,3,99ef8113-4302-44d6-bf4a-b221e1bb25f3,0.8950289487838745,Capítulo 11,chapter_11,chapter_11,1,Part_I_Cap_11_Economic Drivers in the Amazon from the 19th Century to the 1970s.pdf,11,11,4,Medium-Low,Direct,0.25
P1,117,4,4b1e9cff-bed0-4bc4-99f1-f74f0ed073e3,0.9135403633117676,Capítulo 11,chapter_11,chapter_11,1,Part_I_Cap_11_Economic Drivers in the Amazon from the 19th Century to the 1970s.pdf,11,11,4,Medium-Low,Direct,0.25
P1,117,5,0832200e-c8de-48d3-bae8-c0d7eb8ccf72,0.9135957360267639,Capítulo 11,chapter_11,chapter_11,1,Part_I_Cap_11_Economic Drivers in the Amazon from the 19th Century to the 1970s.pdf,11,11.9,23,Medium-Low,Direct,0.25
P1,124,1,d8613215-5e3f-42c4-a6c8-b914ce254560,0.48593610525131226,Capítulo 15,chapter_15,chapter_19,0,Part_II_Cap_19_Drivers and Ecological Impacts of Deforestation and Forest Degradation.pdf,19,19,5,Hard,Indirect,0.0
P1,124,2,94f5f726-2033-4652-bb14-b285a4fe4ecc,0.49237868189811707,Capítulo 15,chapter_15,chapter_19,0,Part_II_Cap_19_Drivers and Ecological Impacts of Deforestation and Forest Degradation.pdf,19,19.5,10,Hard,Indirect,0.0
P1,124,3,0baa361b-5fe5-4b3b-b481-a7b5d693e5e8,0.5117373466491699,Capítulo 15,chapter_15,chapter_19,0,Part_II_Cap_19_Drivers and Ecological Impacts of Deforestation and Forest Degradation.pdf,19,19.2,8,Hard,Indirect,0.0
P1,124,4,54062d52-06cc-4b17-b608-7539d0420419,0.5205438733100891,Capítulo 15,chapter_15,chapter_19,0,Part_II_Cap_19_Drivers and Ecological Impacts of Deforestation and Forest Degradation.pdf,19,19.2,7,Hard,Indirect,0.0
P1,124,5,1d7904e7-21b3-4495-be09-6a6990e23481,0.5239120125770569,Capítulo 15,chapter_15,chapter_19,0,Part_II_Cap_19_Drivers and Ecological Impacts of Deforestation and Forest Degradation.pdf,19,19.11,27,Hard,Indirect,0.0
P1,125,1,a7f19db1-8844-4be1-9532-2d1c4cfd518f,0.3467393219470978,Capítulo 15,chapter_15,chapter_15,1,"Part_II_Cap_15_Complex, Diverse, and Changing Agribusiness and Livelihood Systems in the Amazon.pdf",15,15.2,22,Medium-Low,Direct,0.2
P1,125,2,67b98729-bb05-4ed6-aa92-130854bc9f92,0.34961938858032227,Capítulo 15,chapter_15,chapter_17,0,"Part_II_Cap_17_Globalization, Extractivism, and Social Exclusion Threats and Opportunities to Amazon Governance in Brazil.pdf",17,17.3,19,Medium-Low,Direct,0.2
P1,125,3,97af5e5e-2b33-45a8-b16b-a3ed2d7a9182,0.3516291677951813,Capítulo 15,chapter_15,chapter_14,0,"Part_II_Cap_14_Amazon in Motion Changing Politics, Development Strategies, Peoples, Landscapes, and Livelihoods.pdf",14,3.2.3.2,25,Medium-Low,Direct,0.2
P1,125,4,a8c57580-4610-4624-a1bb-3d259ed1a812,0.3538845181465149,Capítulo 15,chapter_15,chapter_14,0,"Part_II_Cap_14_Amazon in Motion Changing Politics, Development Strategies, Peoples, Landscapes, and Livelihoods.pdf",14,14.1,20,Medium-Low,Direct,0.2
P1,125,5,d518b14e-c852-492a-8790-b02f2b69e157,0.3591373562812805,Capítulo 15,chapter_15,chapter_14,0,"Part_II_Cap_14_Amazon in Motion Changing Politics, Development Strategies, Peoples, Landscapes, and Livelihoods.pdf",14,14.5,47,Medium-Low,Direct,0.2
P1,126,1,b501fed3-d370-4b8c-98dd-bca399f36a64,1.0421791076660156,Capítulo 15,chapter_15,chapter_18,0,"Part_II_Cap_18_Globalization, Extractivism, and Social Exclusion Country-Specific Manifestations.pdf",18,68.1,47,Easy,Direct,0.0
P1,126,2,d0f554ea-953f-4b2a-aea1-3fd58feef307,1.0555408000946045,Capítulo 15,chapter_15,chapter_15,1,"Part_II_Cap_15_Complex, Diverse, and Changing Agribusiness and Livelihood Systems in the Amazon.pdf",15,15.4,17,Easy,Direct,0.0
P1,126,3,d40ac8d8-c871-4c98-8d0f-9a0e66dba7b8,1.0936436653137207,Capítulo 15,chapter_15,chapter_18,0,"Part_II_Cap_18_Globalization, Extractivism, and Social Exclusion Country-Specific Manifestations.pdf",18,68.1,47,Easy,Direct,0.0
P1,126,4,eefc0cf2-7608-4d29-82a0-59b2cf5dd898,1.1013636589050293,Capítulo 15,chapter_15,chapter_18,0,"Part_II_Cap_18_Globalization, Extractivism, and Social Exclusion Country-Specific Manifestations.pdf",18,68.1,27,Easy,Direct,0.0
P1,126,5,52f48513-c184-47a0-8da8-6b9e1ff7c3b8,1.1024259328842163,Capítulo 15,chapter_15,chapter_18,0,"Part_II_Cap_18_Globalization, Extractivism, and Social Exclusion Country-Specific Manifestations.pdf",18,68.1,27,Easy,Direct,0.0
P2,9,1,737ce6b6-210e-4816-9679-509648231687,0.835940420627594,Capítulo 17,chapter_17,chapter_16,0,"Part_II_Cap_16_The State of Conservation Policies, Protected Areas, and Indigenous Territories, from the Past to the Present.pdf",16,16.1.1.1,12,Hard,Indirect,0.42
P2,9,2,f45cd2ad-8dea-417e-81d8-cc9a2468f076,0.8442758917808533,Capítulo 17,chapter_17,chapter_16,0,"Part_II_Cap_16_The State of Conservation Policies, Protected Areas, and Indigenous Territories, from the Past to the Present.pdf",16,16.1,15,Hard,Indirect,0.42
P2,9,3,1c7b20d7-12fd-4311-bcfa-9a5775c2e10a,0.8498539328575134,Capítulo 17,chapter_17,chapter_16,0,"Part_II_Cap_16_The State of Conservation Policies, Protected Areas, and Indigenous Territories, from the Past to the Present.pdf",16,16.1.1,9,Hard,Indirect,0.42
P2,9,4,71514edf-b97f-48a2-b6b5-3a52175178e2,0.878643810749054,Capítulo 17,chapter_17,chapter_16,0,"Part_II_Cap_16_The State of Conservation Policies, Protected Areas, and Indigenous Territories, from the Past to the Present.pdf",16,25.3,12,Hard,Indirect,0.42
P2,9,5,8e825530-1bf7-4be8-8128-d2bf18636c39,0.8792638182640076,Capítulo 17,chapter_17,chapter_16,0,"Part_II_Cap_16_The State of Conservation Policies, Protected Areas, and Indigenous Territories, from the Past to the Present.pdf",16,16.1.1,9,Hard,Indirect,0.42
P2,11,1,75bf3cb8-d496-42c0-9c2e-4ac294248994,0.4328877925872803,Capítulo 17,chapter_17,chapter_11,0,Part_I_Cap_11_Economic Drivers in the Amazon from the 19th Century to the 1970s.pdf,11,11.4,13,Easy,Direct,0.5
P2,11,2,08bf7409-15f2-42bc-b3d7-20a699116b0f,0.443129301071167,Capítulo 17,chapter_17,chapter_11,0,Part_I_Cap_11_Economic Drivers in the Amazon from the 19th Century to the 1970s.pdf,11,11,5,Easy,Direct,0.5
P2,11,3,65a1b200-afbb-43c6-a6eb-6122cf8f71a7,0.4653642475605011,Capítulo 17,chapter_17,chapter_11,0,Part_I_Cap_11_Economic Drivers in the Amazon from the 19th Century to the 1970s.pdf,11,11.2,7,Easy,Direct,0.5
P2,11,4,12cb73df-e1af-4145-95b3-24eb779bb604,0.47664377093315125,Capítulo 17,chapter_17,chapter_11,0,Part_I_Cap_11_Economic Drivers in the Amazon from the 19th Century to the 1970s.pdf,11,11.6,20,Easy,Direct,0.5
P2,11,5,411f1d75-a5b2-4a6f-8052-6d56bb9f3d87,0.4880514442920685,Capítulo 17,chapter_17,chapter_11,0,Part_I_Cap_11_Economic Drivers in the Amazon from the 19th Century to the 1970s.pdf,11,11.4,14,Easy,Direct,0.5
P2,15,1,da63a527-33ee-408b-9c95-730cd0294ec8,0.4383375942707062,Capítulo 12,chapter_12,chapter_12,1,Part_I_Cap_12_Languages of the Amazon Dimensions of Diversity.pdf,12,12,4,Medium-Low,Direct,0.1
P2,15,2,fa4c75c0-a326-4bc3-839f-1cc4d88c821a,0.4396876096725464,Capítulo 12,chapter_12,chapter_12,1,Part_I_Cap_12_Languages of the Amazon Dimensions of Diversity.pdf,12,12.3,7,Medium-Low,Direct,0.1
P2,15,3,b7ec6408-01fe-4e5d-82a2-d037dd0a8f37,0.4613642394542694,Capítulo 12,chapter_12,chapter_12,1,Part_I_Cap_12_Languages of the Amazon Dimensions of Diversity.pdf,12,12.1,6,Medium-Low,Direct,0.1
P2,15,4,19e526ff-c614-47d1-a88e-e98355fad29f,0.4660823345184326,Capítulo 12,chapter_12,chapter_12,1,Part_I_Cap_12_Languages of the Amazon Dimensions of Diversity.pdf,12,12,5,Medium-Low,Direct,0.1
P2,15,5,07a0548f-c5ec-4ac1-8839-3bc0c0a12f10,0.4709041118621826,Capítulo 12,chapter_12,chapter_12,1,Part_I_Cap_12_Languages of the Amazon Dimensions of Diversity.pdf,12,12.12,22,Medium-Low,Direct,0.1
P2,27,1,01ba618f-b22d-4d20-9f2f-af986bfc1d59,0.8568405508995056,Capítulo 25,chapter_25,chapter_33,0,Part_III_Cap_33_Connecting and sharing diverse knowledges to support sustainable pathways in the Amazon.pdf,33,33.1,21,Medium-Low,Indirect,0.33
P2,27,2,592b8c32-8e91-4f91-847c-9f8e092632d2,0.8862951397895813,Capítulo 25,chapter_25,chapter_25,1,Part_III_Cap_25_A Pan-Amazonian sustainable development vision.pdf,25,25.2,8,Medium-Low,Indirect,0.33
P2,27,3,a2aba6da-75b8-4a8a-a85c-69e5ea05cb56,0.8884992599487305,Capítulo 25,chapter_25,chapter_33,0,Part_III_Cap_33_Connecting and sharing diverse knowledges to support sustainable pathways in the Amazon.pdf,33,33.1,23,Medium-Low,Indirect,0.33
P2,27,4,c2250f06-f264-4f57-a092-70d4d091b383,0.8923338651657104,Capítulo 25,chapter_25,chapter_25,1,Part_III_Cap_25_A Pan-Amazonian sustainable development vision.pdf,25,25.2.4,15,Medium-Low,Indirect,0.33
P2,27,5,b7ce40a7-576b-44be-bd42-fb71e8cf5315,0.8933945298194885,Capítulo 25,chapter_25,chapter_25,1,Part_III_Cap_25_A Pan-Amazonian sustainable development vision.pdf,25,25.1,8,Medium-Low,Indirect,0.33
P2,34,1,0e31ea7c-40cf-4306-875e-89943af3cdb0,0.40545183420181274,Capítulo 15,chapter_15,chapter_15,1,"Part_II_Cap_15_Complex, Diverse, and Changing Agribusiness and Livelihood Systems in the Amazon.pdf",15,15.1,54,Hard,Direct,0.33
P2,34,2,09f6a747-5f8c-4a6a-a225-3dc6d374b56d,0.4776659607887268,Capítulo 15,chapter_15,chapter_15,1,"Part_II_Cap_15_Complex, Diverse, and Changing Agribusiness and Livelihood Systems in the Amazon.pdf",15,15.1.1,8,Hard,Direct,0.33
P2,34,3,9da7b436-86b2-4f1d-ae7f-1a161259a5b3,0.48043423891067505,Capítulo 15,chapter_15,chapter_11,0,Part_I_Cap_11_Economic Drivers in the Amazon from the 19th Century to the 1970s.pdf,11,11.4,16,Hard,Direct,0.33
P2,34,4,d6ba6086-0fd5-4d4b-b7ca-af5492a46210,0.4882952868938446,Capítulo 15,chapter_15,chapter_15,1,"Part_II_Cap_15_Complex, Diverse, and Changing Agribusiness and Livelihood Systems in the Amazon.pdf",15,15.7,47,Hard,Direct,0.33
P2,34,5,effc359d-f463-430f-a604-6a5c8f7e0f62,0.4883192181587219,Capítulo 15,chapter_15,chapter_15,1,"Part_II_Cap_15_Complex, Diverse, and Changing Agribusiness and Livelihood Systems in the Amazon.pdf",15,15.8,53,Hard,Direct,0.33
P2,35,1,20c72b9b-bcf6-4695-83e4-c1a141222fe7,0.4160614013671875,Capítulo 7,chapter_07,chapter_05,0,Part_I_Cap_05_The Physical Hydroclimate System of the Amazon.pdf,5,5.4,22,Medium-Low,Direct,0.6
P2,35,2,158d022e-3cae-4e71-85ba-e6beb8c76a8a,0.4311489462852478,Capítulo 7,chapter_07,chapter_07,1,"Part_I_Cap_07_Biogeophysical Cycles Water Recycling, Climate Regulation.pdf",7,7.4,20,Medium-Low,Direct,0.6
P2,35,3,f996a6a6-3ab0-4e30-8130-0ec2b23e058f,0.44410592317581177,Capítulo 7,chapter_07,chapter_07,1,"Part_I_Cap_07_Biogeophysical Cycles Water Recycling, Climate Regulation.pdf",7,7,5,Medium-Low,Direct,0.6
P2,35,4,89062570-c6d9-4182-af51-8605e7bfb209,0.47174882888793945,Capítulo 7,chapter_07,chapter_05,0,Part_I_Cap_05_The Physical Hydroclimate System of the Amazon.pdf,5,5.4,22,Medium-Low,Direct,0.6
P2,35,5,41a88896-db0c-4ba2-8cd1-1a460508409c,0.4821538031101227,Capítulo 7,chapter_07,chapter_07,1,"Part_I_Cap_07_Biogeophysical Cycles Water Recycling, Climate Regulation.pdf",7,7.6,21,Medium-Low,Direct,0.6
P2,36,1,f44e1468-67e5-49ee-823c-ce7344c1b4ae,0.6442686319351196,Capítulo 32,chapter_32,chapter_32,1,Part_III_Cap_32_Milestones and challenges in the construction and expansion of participatory intercultural education in the Amazon.pdf,32,32.5.1,11,Hard,Indirect,0.22
P2,36,2,ce890b31-8051-41a5-8e11-cd21de3e0bf6,0.6589436531066895,Capítulo 32,chapter_32,chapter_32,1,Part_III_Cap_32_Milestones and challenges in the construction and expansion of participatory intercultural education in the Amazon.pdf,32,32.5.1,11,Hard,Indirect,0.22
P2,36,3,f5567c67-7342-4643-b37e-e33db04eaf45,0.7642220854759216,Capítulo 32,chapter_32,chapter_32,1,Part_III_Cap_32_Milestones and challenges in the construction and expansion of participatory intercultural education in the Amazon.pdf,32,32.6,21,Hard,Indirect,0.22
P2,36,4,6e698132-98f3-47d9-ae37-59e2f97330d1,0.7707301378250122,Capítulo 32,chapter_32,chapter_32,1,Part_III_Cap_32_Milestones and challenges in the construction and expansion of participatory intercultural education in the Amazon.pdf,32,32.5.2,13,Hard,Indirect,0.22
P2,36,5,bd812d04-60b5-4e9c-98b1-1b384ff20e18,0.7785208225250244,Capítulo 32,chapter_32,chapter_32,1,Part_III_Cap_32_Milestones and challenges in the construction and expansion of participatory intercultural education in the Amazon.pdf,32,32.6,22,Hard,Indirect,0.22
P2,53,1,2ed2381a-364f-4586-a1ad-11d56ac6f7dd,0.9134392738342285,Capítulo 28,chapter_28,chapter_28,1,Part_III_Cap_28_Restoration options for the Amazon.pdf,28,28.3.1,9,Medium-High,Direct,0.6
P2,53,2,b3a37d95-f756-4773-b58f-22fce28d78f0,0.9532448649406433,Capítulo 28,chapter_28,chapter_28,1,Part_III_Cap_28_Restoration options for the Amazon.pdf,28,28.3.1,9,Medium-High,Direct,0.6
P2,53,3,cf36181c-1d5a-4ccb-a245-b9455e76b7b0,1.014233946800232,Capítulo 28,chapter_28,chapter_28,1,Part_III_Cap_28_Restoration options for the Amazon.pdf,28,28.3.1,9,Medium-High,Direct,0.6
P2,53,4,cf43530e-23aa-47c0-806a-48fa1acbf70b,1.0320931673049927,Capítulo 28,chapter_28,chapter_28,1,Part_III_Cap_28_Restoration options for the Amazon.pdf,28,28.4.1,18,Medium-High,Direct,0.6
P2,53,5,3372b8ba-4775-4b39-b71f-e063563b066b,1.0414543151855469,Capítulo 28,chapter_28,chapter_28,1,Part_III_Cap_28_Restoration options for the Amazon.pdf,28,28.3.1,8,Medium-High,Direct,0.6
P2,58,1,f789d416-9c82-4001-a52f-71a8c787a72b,1.1870791912078857,Capítulo 4,chapter_04,chapter_34,0,Part_III_Cap_34_Boosting relations between the Amazon forest and its globalizing cities.pdf,34,34.4,25,Medium-Low,Direct,0.0
P2,58,2,be658c62-5c3d-4524-af33-4393991f6557,1.2242776155471802,Capítulo 4,chapter_04,chapter_34,0,Part_III_Cap_34_Boosting relations between the Amazon forest and its globalizing cities.pdf,34,34.4,12,Medium-Low,Direct,0.0
P2,58,3,02add963-4176-468b-a843-65483fc3f392,1.2324470281600952,Capítulo 4,chapter_04,chapter_34,0,Part_III_Cap_34_Boosting relations between the Amazon forest and its globalizing cities.pdf,34,34.10.1,20,Medium-Low,Direct,0.0
P2,58,4,51bf77bf-ee10-466c-9081-da1bb88b7665,1.2351789474487305,Capítulo 4,chapter_04,chapter_34,0,Part_III_Cap_34_Boosting relations between the Amazon forest and its globalizing cities.pdf,34,34.3,23,Medium-Low,Direct,0.0
P2,58,5,10b898c4-8030-49ec-8088-265f0591dbca,1.2405731678009033,Capítulo 4,chapter_04,chapter_15,0,"Part_II_Cap_15_Complex, Diverse, and Changing Agribusiness and Livelihood Systems in the Amazon.pdf",15,15.12,37,Medium-Low,Direct,0.0
P2,59,1,1499818a-c2f9-4233-817a-97bfe881125a,0.8965688943862915,Capítulo 12,chapter_12,chapter_12,1,Part_I_Cap_12_Languages of the Amazon Dimensions of Diversity.pdf,12,12.9,16,Hard,Indirect,0.25
P2,59,2,716d4a00-1159-4921-af01-b6b42fd5e41d,0.9178072810173035,Capítulo 12,chapter_12,chapter_12,1,Part_I_Cap_12_Languages of the Amazon Dimensions of Diversity.pdf,12,12.9,16,Hard,Indirect,0.25
P2,59,3,1cf36954-9b80-4c8c-be52-5df1dc01e6dc,0.9647214412689209,Capítulo 12,chapter_12,chapter_12,1,Part_I_Cap_12_Languages of the Amazon Dimensions of Diversity.pdf,12,12.9,18,Hard,Indirect,0.25
P2,59,4,953a1acb-7f72-4bf3-96f9-d33b6a75a66e,1.132134199142456,Capítulo 12,chapter_12,chapter_12,1,Part_I_Cap_12_Languages of the Amazon Dimensions of Diversity.pdf,12,12.15,23,Hard,Indirect,0.25
P2,59,5,954a4a78-984c-4af9-80a9-c4f557b66555,1.1327733993530273,Capítulo 12,chapter_12,chapter_09,0,Part_I_Cap_09_Peoples of the Amazon and European Colonization (16th-18th Centuries).pdf,9,9.9,29,Hard,Indirect,0.25
P2,63,1,2645d807-6ea2-4a0e-a87c-474c71911231,0.6259720325469971,Capítulo 2,chapter_02,chapter_04,0,Part_I_Cap_04_Amazonian Ecosystems and Their Ecological Functions.pdf,4,4,6,Hard,Direct,0.28
P2,63,2,6d3120bb-7cca-455f-bdce-cba081942cad,0.6396118402481079,Capítulo 2,chapter_02,chapter_30,0,Part_III_Cap_30_Opportunities and challenges for a healthy standing forest and flowing rivers bioeconomy in the Amazon.pdf,30,30.5.3,34,Hard,Direct,0.28
P2,63,3,bf30ce0c-44aa-4dce-b741-80a12527470f,0.6439265608787537,Capítulo 2,chapter_02,chapter_04,0,Part_I_Cap_04_Amazonian Ecosystems and Their Ecological Functions.pdf,4,4.2.2,14,Hard,Direct,0.28
P2,63,4,654eb763-bd35-4f9f-b224-418b06db9e13,0.648900032043457,Capítulo 2,chapter_02,chapter_04,0,Part_I_Cap_04_Amazonian Ecosystems and Their Ecological Functions.pdf,4,4.1,17,Hard,Direct,0.28
P2,63,5,b0c64f03-2a1d-4cbc-a7eb-d03dfa4acb02,0.6587895154953003,Capítulo 2,chapter_02,chapter_01,0,Part_I_Cap_01_Geology and Geodiversity of the Amazon Three Billion Years of History.pdf,1,1.7,26,Hard,Direct,0.28
P2,65,1,7b7046fa-db46-4273-9a9d-466881fa8ce7,0.4652913510799408,Capítulo Cross Chapter 1,cross_chapter_1,chapter_06,0,Part_I_Cap_06_Biogeochemical Cycles in the Amazon.pdf,6,8.85,18,Hard,Indirect,0.0
P2,65,2,f01451bd-a48e-4665-bd14-d3c61b2911d8,0.4752141833305359,Capítulo Cross Chapter 1,cross_chapter_1,chapter_06,0,Part_I_Cap_06_Biogeochemical Cycles in the Amazon.pdf,6,6.2.4,17,Hard,Indirect,0.0
P2,65,3,f3b8b0e0-20ea-4906-b34c-23a81f63df4c,0.4892864525318146,Capítulo Cross Chapter 1,cross_chapter_1,chapter_06,0,Part_I_Cap_06_Biogeochemical Cycles in the Amazon.pdf,6,8.85,19,Hard,Indirect,0.0
P2,65,4,3ff7d1ed-6342-4e24-88c2-5d8a079dddb0,0.4901437759399414,Capítulo Cross Chapter 1,cross_chapter_1,chapter_06,0,Part_I_Cap_06_Biogeochemical Cycles in the Amazon.pdf,6,6.2.4,17,Hard,Indirect,0.0
P2,65,5,f6e22e48-097f-42af-ad12-dc0ad45d924d,0.49773314595222473,Capítulo Cross Chapter 1,cross_chapter_1,chapter_06,0,Part_I_Cap_06_Biogeochemical Cycles in the Amazon.pdf,6,6.2.4,17,Hard,Indirect,0.0
P2,67,1,741bb6c2-cb44-475f-aa58-03d90c4d3205,0.4953939616680145,Capítulo Cross Chapter 1,cross_chapter_1,cross_chapter_1,1,Part_I_Cap_01_Cross Chapter 1 The Amazon Carbon Budget.pdf,1,CB1.,6,Hard,Indirect,0.0
P2,67,2,a3f8d0ec-8ec5-4cd6-a89e-9abd8b4cc257,0.5165983438491821,Capítulo Cross Chapter 1,cross_chapter_1,cross_chapter_1,1,Part_I_Cap_01_Cross Chapter 1 The Amazon Carbon Budget.pdf,1,CB1.,5,Hard,Indirect,0.0
P2,67,3,80d534d7-410e-4661-875c-5f21c84e7a4b,0.5249843597412109,Capítulo Cross Chapter 1,cross_chapter_1,cross_chapter_1,1,Part_I_Cap_01_Cross Chapter 1 The Amazon Carbon Budget.pdf,1,A,4,Hard,Indirect,0.0
P2,67,4,0217a337-c98b-4dbe-8a94-53d270fda411,0.5353727340698242,Capítulo Cross Chapter 1,cross_chapter_1,chapter_06,0,Part_I_Cap_06_Biogeochemical Cycles in the Amazon.pdf,6,6.4,13,Hard,Indirect,0.0
P2,67,5,37ee25e9-6467-4210-9870-00d768089169,0.5426955819129944,Capítulo Cross Chapter 1,cross_chapter_1,cross_chapter_1,1,Part_I_Cap_01_Cross Chapter 1 The Amazon Carbon Budget.pdf,1,CB1.,5,Hard,Indirect,0.0
P2,72,1,6e937b5f-f3ef-4b35-8577-ff5bd573191b,0.5129798054695129,Capítulo 21,chapter_21,chapter_21,1,Part_II_Cap_21_Human Well-Being and Health Impacts of the Degradation of Terrestrial and Aquatic Ecosystems.pdf,21,21,6,Hard,Indirect,0.1
P2,72,2,fd3235eb-dba5-40f8-b63e-ca821834e2e4,0.5215248465538025,Capítulo 21,chapter_21,chapter_21,1,Part_II_Cap_21_Human Well-Being and Health Impacts of the Degradation of Terrestrial and Aquatic Ecosystems.pdf,21,21.8,20,Hard,Indirect,0.1
P2,72,3,880a303e-401e-4d9e-97b9-d0b264e6584d,0.5224349498748779,Capítulo 21,chapter_21,chapter_15,0,"Part_II_Cap_15_Complex, Diverse, and Changing Agribusiness and Livelihood Systems in the Amazon.pdf",15,15.3.2,32,Hard,Indirect,0.1
P2,72,4,a29c04ce-b624-4146-8c24-7e9f90906c40,0.5268173217773438,Capítulo 21,chapter_21,chapter_34,0,Part_III_Cap_34_Boosting relations between the Amazon forest and its globalizing cities.pdf,34,34.6,13,Hard,Indirect,0.1
P2,72,5,3016de98-9d3d-4d9d-ae5a-520b3529c4ce,0.5329393744468689,Capítulo 21,chapter_21,chapter_21,1,Part_II_Cap_21_Human Well-Being and Health Impacts of the Degradation of Terrestrial and Aquatic Ecosystems.pdf,21,21,5,Hard,Indirect,0.1
P2,77,1,6aff0284-fcb2-491a-b590-9c76df3830c4,0.5264848470687866,Capítulo 26,chapter_26,chapter_26,1,Part_III_Cap_26_Sustainable Development Goals (SDGs) and the Amazon.pdf,26,26.1,8,Hard,Indirect,0.33
P2,77,2,d0d4f21f-e8b2-4b31-a3a3-8c5a2dc500a4,0.5520292520523071,Capítulo 26,chapter_26,chapter_26,1,Part_III_Cap_26_Sustainable Development Goals (SDGs) and the Amazon.pdf,26,26.1,6,Hard,Indirect,0.33
P2,77,3,b34531e1-a561-460d-8bcc-a8039b862b30,0.560858428478241,Capítulo 26,chapter_26,chapter_26,1,Part_III_Cap_26_Sustainable Development Goals (SDGs) and the Amazon.pdf,26,26.1,6,Hard,Indirect,0.33
P2,77,4,b0d3d388-2a4b-42ac-97e5-48f18479984c,0.5612009167671204,Capítulo 26,chapter_26,chapter_26,1,Part_III_Cap_26_Sustainable Development Goals (SDGs) and the Amazon.pdf,26,26.3,17,Hard,Indirect,0.33
P2,77,5,0e6ea71e-bb26-44e4-9689-6d7cfd90e1a2,0.5675137639045715,Capítulo 26,chapter_26,chapter_26,1,Part_III_Cap_26_Sustainable Development Goals (SDGs) and the Amazon.pdf,26,26.2.2.3,19,Hard,Indirect,0.33
P2,83,1,21b41f31-d641-4801-a4bc-72ec43bf05d2,0.6668142080307007,Capítulo 27,chapter_27,chapter_16,0,"Part_II_Cap_16_The State of Conservation Policies, Protected Areas, and Indigenous Territories, from the Past to the Present.pdf",16,16.3,26,Medium-Low,Direct,0.33
P2,83,2,733d10b8-186b-453e-a810-e0d72e1841b8,0.7607547640800476,Capítulo 27,chapter_27,chapter_16,0,"Part_II_Cap_16_The State of Conservation Policies, Protected Areas, and Indigenous Territories, from the Past to the Present.pdf",16,16.5,33,Medium-Low,Direct,0.33
P2,83,3,8357ebcd-2a02-4fd1-b6a4-b840607808ea,0.7937941551208496,Capítulo 27,chapter_27,chapter_16,0,"Part_II_Cap_16_The State of Conservation Policies, Protected Areas, and Indigenous Territories, from the Past to the Present.pdf",16,6.1,11,Medium-Low,Direct,0.33
P2,83,4,7902436e-5711-4b77-916e-99cc3bcac33d,0.799985945224762,Capítulo 27,chapter_27,chapter_16,0,"Part_II_Cap_16_The State of Conservation Policies, Protected Areas, and Indigenous Territories, from the Past to the Present.pdf",16,24.2,17,Medium-Low,Direct,0.33
P2,83,5,e4e66844-378f-415d-8792-95474b4586ca,0.8021641373634338,Capítulo 27,chapter_27,chapter_16,0,"Part_II_Cap_16_The State of Conservation Policies, Protected Areas, and Indigenous Territories, from the Past to the Present.pdf",16,25.3,11,Medium-Low,Direct,0.33
P2,90,1,842f3544-78c0-49d7-8da7-6d14e99877cb,0.46952810883522034,Capítulo 31,chapter_31,chapter_31,1,"Part_III_Cap_31_Strengthening land and natural resource governance and management Protected areas, Indigenous lands, and local communities’ territories.pdf",31,31.5,30,Hard,Indirect,0.37
P2,90,2,4de069fa-4aee-48ac-b0f7-5e1c902e5f65,0.4855305552482605,Capítulo 31,chapter_31,chapter_31,1,"Part_III_Cap_31_Strengthening land and natural resource governance and management Protected areas, Indigenous lands, and local communities’ territories.pdf",31,31.2,9,Hard,Indirect,0.37
P2,90,3,1fe89398-cab5-4de1-bdc8-4596220aab38,0.49883514642715454,Capítulo 31,chapter_31,chapter_31,1,"Part_III_Cap_31_Strengthening land and natural resource governance and management Protected areas, Indigenous lands, and local communities’ territories.pdf",31,31.3,14,Hard,Indirect,0.37
P2,90,4,bb31c16b-28b3-44b7-8512-70962545b62f,0.5088239312171936,Capítulo 31,chapter_31,chapter_31,1,"Part_III_Cap_31_Strengthening land and natural resource governance and management Protected areas, Indigenous lands, and local communities’ territories.pdf",31,31.2,15,Hard,Indirect,0.37
P2,90,5,284cfaad-9a4d-4f37-b943-e5df3e24c7ab,0.5103688836097717,Capítulo 31,chapter_31,chapter_31,1,"Part_III_Cap_31_Strengthening land and natural resource governance and management Protected areas, Indigenous lands, and local communities’ territories.pdf",31,31.4,29,Hard,Indirect,0.37
P2,96,1,29358e34-9f1b-46ac-8636-6032488f55b8,0.4730719327926636,Capítulo Annex 2,annex_02,annex_02,1,Annex_02_Annex II.pdf,Annex II,4.4,6,Hard,Indirect,0.0
P2,96,2,c4808ab4-550c-477b-9171-bd46a9248952,0.5038871765136719,Capítulo Annex 2,annex_02,chapter_08,0,Part_I_Cap_08_Peoples of the Amazon Before European Colonization.pdf,8,8.13,32,Hard,Indirect,0.0
P2,96,3,43ba2759-da57-413a-a13f-2a5bcd84b053,0.5173893570899963,Capítulo Annex 2,annex_02,annex_02,1,Annex_02_Annex II.pdf,Annex II,Annex II,3,Hard,Indirect,0.0
P2,96,4,46ded444-fca1-4c03-9309-71907faeec1c,0.5429849028587341,Capítulo Annex 2,annex_02,chapter_13,0,Part_I_Cap_13_African Presence in the Amazon A Glance.pdf,13,13.12,30,Hard,Indirect,0.0
P2,96,5,90ae1fe5-3858-42ac-ab0d-9acca5a41f2c,0.5443367958068848,Capítulo Annex 2,annex_02,chapter_10,0,Part_I_Cap_10_Critical Interconnections Between the Cultural and Biological Diversity of Amazonian Peoples and Ecosystems.pdf,10,10.1,9,Hard,Indirect,0.0
P2,97,1,29358e34-9f1b-46ac-8636-6032488f55b8,0.44408464431762695,Capítulo Annex 2,annex_02,annex_02,1,Annex_02_Annex II.pdf,Annex II,4.4,6,Medium-Low,Indirect,0.27
P2,97,2,b508b4e4-56ae-49d4-83a5-11e6d05f55a7,0.4622180461883545,Capítulo Annex 2,annex_02,annex_02,1,Annex_02_Annex II.pdf,Annex II,Annex II,4,Medium-Low,Indirect,0.27
P2,97,3,92d31025-63fd-4781-b413-6248db421348,0.5404777526855469,Capítulo Annex 2,annex_02,annex_02,1,Annex_02_Annex II.pdf,Annex II,Annex II,3,Medium-Low,Indirect,0.27
P2,97,4,9fc26b06-431b-434a-b017-0e50c2def8d8,0.5570929646492004,Capítulo Annex 2,annex_02,chapter_31,0,"Part_III_Cap_31_Strengthening land and natural resource governance and management Protected areas, Indigenous lands, and local communities’ territories.pdf",31,31.2.5,22,Medium-Low,Indirect,0.27
P2,97,5,215b7f01-d17a-4b7c-8504-a71f69573003,0.5606403946876526,Capítulo Annex 2,annex_02,chapter_31,0,"Part_III_Cap_31_Strengthening land and natural resource governance and management Protected areas, Indigenous lands, and local communities’ territories.pdf",31,31.2.5,22,Medium-Low,Indirect,0.27
P2,98,1,b508b4e4-56ae-49d4-83a5-11e6d05f55a7,0.520550012588501,Capítulo Annex 2,annex_02,annex_02,1,Annex_02_Annex II.pdf,Annex II,Annex II,4,Medium-Low,Direct,0.12
P2,98,2,c4808ab4-550c-477b-9171-bd46a9248952,0.5970404148101807,Capítulo Annex 2,annex_02,chapter_08,0,Part_I_Cap_08_Peoples of the Amazon Before European Colonization.pdf,8,8.13,32,Medium-Low,Direct,0.12
P2,98,3,3453ab01-a7af-4b0b-88c4-66048bcb6d0d,0.6483162641525269,Capítulo Annex 2,annex_02,chapter_31,0,"Part_III_Cap_31_Strengthening land and natural resource governance and management Protected areas, Indigenous lands, and local communities’ territories.pdf",31,31.2.5,24,Medium-Low,Direct,0.12
P2,98,4,73070c62-6c9d-4c41-a3cc-2388b6a00d6a,0.6618385314941406,Capítulo Annex 2,annex_02,chapter_26,0,Part_III_Cap_26_Sustainable Development Goals (SDGs) and the Amazon.pdf,26,26.2.4.1,27,Medium-Low,Direct,0.12
P2,98,5,0d87b1c3-206d-40e4-bd9a-7bde17155cd9,0.6663230657577515,Capítulo Annex 2,annex_02,chapter_08,0,Part_I_Cap_08_Peoples of the Amazon Before European Colonization.pdf,8,8.13,33,Medium-Low,Direct,0.12
P2,99,1,2ec7c3c5-53b5-417d-9ad9-c0ec2d5cf581,0.5708885788917542,Capítulo Cross Chapter 2,cross_chapter_2,chapter_31,0,"Part_III_Cap_31_Strengthening land and natural resource governance and management Protected areas, Indigenous lands, and local communities’ territories.pdf",31,31.2.1,16,Hard,Indirect,0.33
P2,99,2,9fc26b06-431b-434a-b017-0e50c2def8d8,0.5751911997795105,Capítulo Cross Chapter 2,cross_chapter_2,chapter_31,0,"Part_III_Cap_31_Strengthening land and natural resource governance and management Protected areas, Indigenous lands, and local communities’ territories.pdf",31,31.2.5,22,Hard,Indirect,0.33
P2,99,3,3d9cccbd-0718-49be-b2f8-d80879866175,0.5776189565658569,Capítulo Cross Chapter 2,cross_chapter_2,chapter_31,0,"Part_III_Cap_31_Strengthening land and natural resource governance and management Protected areas, Indigenous lands, and local communities’ territories.pdf",31,31.2.1,17,Hard,Indirect,0.33
P2,99,4,1e0365df-a25e-4e5b-bbbb-8dc7f39b8288,0.5854460597038269,Capítulo Cross Chapter 2,cross_chapter_2,chapter_31,0,"Part_III_Cap_31_Strengthening land and natural resource governance and management Protected areas, Indigenous lands, and local communities’ territories.pdf",31,31.2.2,18,Hard,Indirect,0.33
P2,99,5,733d10b8-186b-453e-a810-e0d72e1841b8,0.5932607650756836,Capítulo Cross Chapter 2,cross_chapter_2,chapter_16,0,"Part_II_Cap_16_The State of Conservation Policies, Protected Areas, and Indigenous Territories, from the Past to the Present.pdf",16,16.5,33,Hard,Indirect,0.33
P2,100,1,bd7c3683-c3ee-42ae-ab2f-db31e4a20e26,0.5485363006591797,Capítulo Cross Chapter 2,cross_chapter_2,chapter_03,0,Part_I_Cap_03_Biological Diversity and Ecological Networks in the Amazon.pdf,3,3.1,14,Hard,Indirect,0.15
P2,100,2,afe997cb-8b8c-48b8-a765-97b2e927bff9,0.5514130592346191,Capítulo Cross Chapter 2,cross_chapter_2,chapter_03,0,Part_I_Cap_03_Biological Diversity and Ecological Networks in the Amazon.pdf,3,3.1,13,Hard,Indirect,0.15
P2,100,3,fa931ada-dd10-483e-80c9-4f3c6a5f87ef,0.5592495799064636,Capítulo Cross Chapter 2,cross_chapter_2,chapter_15,0,"Part_II_Cap_15_Complex, Diverse, and Changing Agribusiness and Livelihood Systems in the Amazon.pdf",15,15.4.3,42,Hard,Indirect,0.15
P2,100,4,c547e0e4-8605-4dc6-b537-4bf6ddb941c0,0.5824070572853088,Capítulo Cross Chapter 2,cross_chapter_2,chapter_10,0,Part_I_Cap_10_Critical Interconnections Between the Cultural and Biological Diversity of Amazonian Peoples and Ecosystems.pdf,10,10.7,27,Hard,Indirect,0.15
P2,100,5,57ff53f5-34d9-48ce-a16e-3b3a9f65a10c,0.5918351411819458,Capítulo Cross Chapter 2,cross_chapter_2,chapter_03,0,Part_I_Cap_03_Biological Diversity and Ecological Networks in the Amazon.pdf,3,3.1,13,Hard,Indirect,0.15
P2,102,1,45fd1e1b-3e26-4dad-82b4-7ed8380d54fe,0.7157564163208008,Capítulo Cross Chapter 2,cross_chapter_2,chapter_30,0,Part_III_Cap_30_Opportunities and challenges for a healthy standing forest and flowing rivers bioeconomy in the Amazon.pdf,30,30.8,46,Medium-Low,Indirect,0.0
P2,102,2,4d2f5f8b-6edb-4daa-9d56-effd8234da73,0.7644001841545105,Capítulo Cross Chapter 2,cross_chapter_2,chapter_30,0,Part_III_Cap_30_Opportunities and challenges for a healthy standing forest and flowing rivers bioeconomy in the Amazon.pdf,30,30.5.1,28,Medium-Low,Indirect,0.0
P2,102,3,69957968-7b23-4c5f-91c2-7fefd71cfa28,0.7683528065681458,Capítulo Cross Chapter 2,cross_chapter_2,chapter_18,0,"Part_II_Cap_18_Globalization, Extractivism, and Social Exclusion Country-Specific Manifestations.pdf",18,18.1,18,Medium-Low,Indirect,0.0
P2,102,4,3761f52a-e571-47ed-9fa5-339e99d0bd9f,0.7766091823577881,Capítulo Cross Chapter 2,cross_chapter_2,chapter_25,0,Part_III_Cap_25_A Pan-Amazonian sustainable development vision.pdf,25,25.2.3,13,Medium-Low,Indirect,0.0
P2,102,5,53bf6bcd-c5e3-4243-933e-da89378654a4,0.7838501930236816,Capítulo Cross Chapter 2,cross_chapter_2,chapter_30,0,Part_III_Cap_30_Opportunities and challenges for a healthy standing forest and flowing rivers bioeconomy in the Amazon.pdf,30,30,5,Medium-Low,Indirect,0.0
P2,104,1,fcd7b311-7f26-4217-94b4-e78914336502,0.5995345115661621,Capítulo 8,chapter_08,chapter_06,0,Part_I_Cap_06_Biogeochemical Cycles in the Amazon.pdf,6,11.7,7,Hard,Indirect,0.1
P2,104,2,beb7c9ba-54c7-4a92-ab90-ff00d6ccfba7,0.6362615823745728,Capítulo 8,chapter_08,chapter_13,0,Part_I_Cap_13_African Presence in the Amazon A Glance.pdf,13,4.0,13,Hard,Indirect,0.1
P2,104,3,ab6bb450-9af1-4abb-b9ce-5abd72020107,0.6364731192588806,Capítulo 8,chapter_08,chapter_08,1,Part_I_Cap_08_Peoples of the Amazon Before European Colonization.pdf,8,8.3,12,Hard,Indirect,0.1
P2,104,4,3ed6d94a-66c4-46f5-9393-baa6778cfc83,0.6616188883781433,Capítulo 8,chapter_08,chapter_22,0,"Part_II_Cap_22_Long-Term Variability, Extremes, and Changes in Temperature and Hydro Meteorology.pdf",22,22,4,Hard,Indirect,0.1
P2,104,5,f7fa0c7c-597b-4979-ab65-d5858a92b7b8,0.6834153532981873,Capítulo 8,chapter_08,chapter_22,0,"Part_II_Cap_22_Long-Term Variability, Extremes, and Changes in Temperature and Hydro Meteorology.pdf",22,22.1,7,Hard,Indirect,0.1
P2,105,1,5408fa09-cf95-498e-bc03-0b197c622e8e,0.9716148376464844,Capítulo 8,chapter_08,chapter_14,0,"Part_II_Cap_14_Amazon in Motion Changing Politics, Development Strategies, Peoples, Landscapes, and Livelihoods.pdf",14,14.3.2.4,28,Medium-High,Direct,1.0
P2,105,2,41589280-367b-4c35-a637-08f65925eb76,0.9956419467926025,Capítulo 8,chapter_08,chapter_31,0,"Part_III_Cap_31_Strengthening land and natural resource governance and management Protected areas, Indigenous lands, and local communities’ territories.pdf",31,31.3,11,Medium-High,Direct,1.0
P2,105,3,7d63930f-c8f8-4110-b088-5ba4631d177d,0.9957485198974609,Capítulo 8,chapter_08,chapter_14,0,"Part_II_Cap_14_Amazon in Motion Changing Politics, Development Strategies, Peoples, Landscapes, and Livelihoods.pdf",14,14.3.2.4,31,Medium-High,Direct,1.0
P2,105,4,73a48715-2a7c-4a51-9200-e79a395b51cb,1.0145273208618164,Capítulo 8,chapter_08,chapter_14,0,"Part_II_Cap_14_Amazon in Motion Changing Politics, Development Strategies, Peoples, Landscapes, and Livelihoods.pdf",14,14.3.2.4,28,Medium-High,Direct,1.0
P2,105,5,bf48a48d-c322-4fa9-9e92-e4545c0431b0,1.018252968788147,Capítulo 8,chapter_08,chapter_14,0,"Part_II_Cap_14_Amazon in Motion Changing Politics, Development Strategies, Peoples, Landscapes, and Livelihoods.pdf",14,14.3.2.4,28,Medium-High,Direct,1.0
P2,106,1,6a7b9a03-3c7e-4dd6-8394-4f9d57d46817,1.1615517139434814,Capítulo 8,chapter_08,chapter_08,1,Part_I_Cap_08_Peoples of the Amazon Before European Colonization.pdf,8,8.7,25,Medium-High,Direct,1.0
P2,106,2,5aaf7250-c63a-4482-bb6a-c1c0114851ab,1.178972840309143,Capítulo 8,chapter_08,chapter_08,1,Part_I_Cap_08_Peoples of the Amazon Before European Colonization.pdf,8,8.1,11,Medium-High,Direct,1.0
P2,106,3,dddfd3cb-43c8-4f30-a04a-e79ded7fd301,1.2839598655700684,Capítulo 8,chapter_08,cross_chapter_1,0,Part_I_Cap_01_Cross Chapter 1 The Amazon Carbon Budget.pdf,1,CC1,4,Medium-High,Direct,1.0
P2,106,4,b14d8f5b-1e92-43f7-86d8-929f58812419,1.2908252477645874,Capítulo 8,chapter_08,chapter_08,1,Part_I_Cap_08_Peoples of the Amazon Before European Colonization.pdf,8,8.1,11,Medium-High,Direct,1.0
P2,106,5,399d3457-8e87-4f45-a721-9b7560352d15,1.3021987676620483,Capítulo 8,chapter_08,chapter_08,1,Part_I_Cap_08_Peoples of the Amazon Before European Colonization.pdf,8,8.14,40,Medium-High,Direct,1.0
P2,110,1,8e422a19-913a-47f6-a1a7-b48de0cecd39,0.76515793800354,Capítulo 9,chapter_09,chapter_09,1,Part_I_Cap_09_Peoples of the Amazon and European Colonization (16th-18th Centuries).pdf,9,9.10,32,Medium-High,Direct,0.5
P2,110,2,2427b6a7-be3f-4500-bdae-755f39a39de6,0.7851673364639282,Capítulo 9,chapter_09,chapter_09,1,Part_I_Cap_09_Peoples of the Amazon and European Colonization (16th-18th Centuries).pdf,9,9.10,32,Medium-High,Direct,0.5
P2,110,3,465bb9b2-aaf4-435a-982f-8deeedea3222,0.8008768558502197,Capítulo 9,chapter_09,annex_02,0,Annex_02_Annex II.pdf,Annex II,Annex II,3,Medium-High,Direct,0.5
P2,110,4,8ef2c079-7ebc-4528-9457-9583ac85d63b,0.8590143918991089,Capítulo 9,chapter_09,annex_02,0,Annex_02_Annex II.pdf,Annex II,Annex II,4,Medium-High,Direct,0.5
P2,110,5,69615e8f-925a-4ccd-b07f-e596c1673ba9,0.8598874807357788,Capítulo 9,chapter_09,chapter_09,1,Part_I_Cap_09_Peoples of the Amazon and European Colonization (16th-18th Centuries).pdf,9,9.10,31,Medium-High,Direct,0.5
P2,116,1,f789d416-9c82-4001-a52f-71a8c787a72b,0.86000657081604,Capítulo 11,chapter_11,chapter_34,0,Part_III_Cap_34_Boosting relations between the Amazon forest and its globalizing cities.pdf,34,34.4,25,Hard,Indirect,0.0
P2,116,2,969eee32-0053-43c4-8159-7c186aea4264,0.8760691285133362,Capítulo 11,chapter_11,chapter_11,1,Part_I_Cap_11_Economic Drivers in the Amazon from the 19th Century to the 1970s.pdf,11,11.3,10,Hard,Indirect,0.0
P2,116,3,c6074941-44f9-4eff-98e8-63c69d4ed942,0.8986482620239258,Capítulo 11,chapter_11,chapter_11,1,Part_I_Cap_11_Economic Drivers in the Amazon from the 19th Century to the 1970s.pdf,11,11.3,10,Hard,Indirect,0.0
P2,116,4,5c42f4e4-af4c-4edd-b8f8-35eff091b24e,0.9561311602592468,Capítulo 11,chapter_11,chapter_30,0,Part_III_Cap_30_Opportunities and challenges for a healthy standing forest and flowing rivers bioeconomy in the Amazon.pdf,30,30.4,17,Hard,Indirect,0.0
P2,116,5,99ecf682-6386-4047-9615-33e63a63d7e2,0.9581063985824585,Capítulo 11,chapter_11,chapter_11,1,Part_I_Cap_11_Economic Drivers in the Amazon from the 19th Century to the 1970s.pdf,11,11.3,10,Hard,Indirect,0.0
P2,117,1,bfcf0e30-7a6b-4a14-81da-87963f477385,0.9229328632354736,Capítulo 11,chapter_11,chapter_11,1,Part_I_Cap_11_Economic Drivers in the Amazon from the 19th Century to the 1970s.pdf,11,11.3,13,Medium-Low,Direct,0.25
P2,117,2,9cbd0001-d514-4ece-a042-8629a894a73d,0.9260365962982178,Capítulo 11,chapter_11,chapter_11,1,Part_I_Cap_11_Economic Drivers in the Amazon from the 19th Century to the 1970s.pdf,11,11.3,11,Medium-Low,Direct,0.25
P2,117,3,6e6b1bcd-ce7a-4321-b933-e023ba0cb4a9,0.968178391456604,Capítulo 11,chapter_11,chapter_11,1,Part_I_Cap_11_Economic Drivers in the Amazon from the 19th Century to the 1970s.pdf,11,11.3,10,Medium-Low,Direct,0.25
P2,117,4,87a1d8ee-9df7-4075-b016-033a0e4efae3,0.981606662273407,Capítulo 11,chapter_11,chapter_11,1,Part_I_Cap_11_Economic Drivers in the Amazon from the 19th Century to the 1970s.pdf,11,11.3,10,Medium-Low,Direct,0.25
P2,117,5,0832200e-c8de-48d3-bae8-c0d7eb8ccf72,0.9882354140281677,Capítulo 11,chapter_11,chapter_11,1,Part_I_Cap_11_Economic Drivers in the Amazon from the 19th Century to the 1970s.pdf,11,11.9,23,Medium-Low,Direct,0.25
P2,124,1,94f5f726-2033-4652-bb14-b285a4fe4ecc,0.5422161817550659,Capítulo 15,chapter_15,chapter_19,0,Part_II_Cap_19_Drivers and Ecological Impacts of Deforestation and Forest Degradation.pdf,19,19.5,10,Hard,Indirect,0.0
P2,124,2,0baa361b-5fe5-4b3b-b481-a7b5d693e5e8,0.5437526702880859,Capítulo 15,chapter_15,chapter_19,0,Part_II_Cap_19_Drivers and Ecological Impacts of Deforestation and Forest Degradation.pdf,19,19.2,8,Hard,Indirect,0.0
P2,124,3,75323a5d-2721-4101-a037-6d9fe928ffc6,0.5816493630409241,Capítulo 15,chapter_15,chapter_15,1,"Part_II_Cap_15_Complex, Diverse, and Changing Agribusiness and Livelihood Systems in the Amazon.pdf",15,15.3.2,31,Hard,Indirect,0.0
P2,124,4,54062d52-06cc-4b17-b608-7539d0420419,0.5845378637313843,Capítulo 15,chapter_15,chapter_19,0,Part_II_Cap_19_Drivers and Ecological Impacts of Deforestation and Forest Degradation.pdf,19,19.2,7,Hard,Indirect,0.0
P2,124,5,742fe23b-7c17-48ac-82b0-bda9ab6345e2,0.5903223156929016,Capítulo 15,chapter_15,chapter_17,0,"Part_II_Cap_17_Globalization, Extractivism, and Social Exclusion Threats and Opportunities to Amazon Governance in Brazil.pdf",17,17.3.3,23,Hard,Indirect,0.0
P2,125,1,97af5e5e-2b33-45a8-b16b-a3ed2d7a9182,0.40242111682891846,Capítulo 15,chapter_15,chapter_14,0,"Part_II_Cap_14_Amazon in Motion Changing Politics, Development Strategies, Peoples, Landscapes, and Livelihoods.pdf",14,3.2.3.2,25,Medium-Low,Direct,0.2
P2,125,2,e454a118-6b63-4eea-a5dd-a42266ca649a,0.4165564179420471,Capítulo 15,chapter_15,chapter_14,0,"Part_II_Cap_14_Amazon in Motion Changing Politics, Development Strategies, Peoples, Landscapes, and Livelihoods.pdf",14,3.2.3.2,25,Medium-Low,Direct,0.2
P2,125,3,59239cd1-8313-4598-805c-3edcecf638c3,0.4181986451148987,Capítulo 15,chapter_15,chapter_14,0,"Part_II_Cap_14_Amazon in Motion Changing Politics, Development Strategies, Peoples, Landscapes, and Livelihoods.pdf",14,3.2.3.2,25,Medium-Low,Direct,0.2
P2,125,4,a8c57580-4610-4624-a1bb-3d259ed1a812,0.41861605644226074,Capítulo 15,chapter_15,chapter_14,0,"Part_II_Cap_14_Amazon in Motion Changing Politics, Development Strategies, Peoples, Landscapes, and Livelihoods.pdf",14,14.1,20,Medium-Low,Direct,0.2
P2,125,5,692770ed-b688-4623-b035-d0c909dc6d32,0.4263976514339447,Capítulo 15,chapter_15,chapter_14,0,"Part_II_Cap_14_Amazon in Motion Changing Politics, Development Strategies, Peoples, Landscapes, and Livelihoods.pdf",14,3.2.3.2,25,Medium-Low,Direct,0.2
P2,126,1,d0f554ea-953f-4b2a-aea1-3fd58feef307,1.0283645391464233,Capítulo 15,chapter_15,chapter_15,1,"Part_II_Cap_15_Complex, Diverse, and Changing Agribusiness and Livelihood Systems in the Amazon.pdf",15,15.4,17,Easy,Direct,0.0
P2,126,2,b3ab2950-cd2c-4f62-9885-d56f4a40a5f6,1.0370428562164307,Capítulo 15,chapter_15,chapter_15,1,"Part_II_Cap_15_Complex, Diverse, and Changing Agribusiness and Livelihood Systems in the Amazon.pdf",15,15.4,17,Easy,Direct,0.0
P2,126,3,b99fc695-fa1a-451c-9d22-4c68e3deb6a1,1.0749595165252686,Capítulo 15,chapter_15,chapter_15,1,"Part_II_Cap_15_Complex, Diverse, and Changing Agribusiness and Livelihood Systems in the Amazon.pdf",15,15.1,10,Easy,Direct,0.0
P2,126,4,470fe806-5dd2-4f3f-9c7d-b23e46b48f8f,1.0968942642211914,Capítulo 15,chapter_15,chapter_15,1,"Part_II_Cap_15_Complex, Diverse, and Changing Agribusiness and Livelihood Systems in the Amazon.pdf",15,15.3,17,Easy,Direct,0.0
P2,126,5,4843e067-28a4-4f60-8bb3-e738e825c63c,1.1017483472824097,Capítulo 15,chapter_15,chapter_15,1,"Part_II_Cap_15_Complex, Diverse, and Changing Agribusiness and Livelihood Systems in the Amazon.pdf",15,15.3,17,Easy,Direct,0.0
P3,9,1,f45cd2ad-8dea-417e-81d8-cc9a2468f076,0.8021416664123535,Capítulo 17,chapter_17,chapter_16,0,"Part_II_Cap_16_The State of Conservation Policies, Protected Areas, and Indigenous Territories, from the Past to the Present.pdf",16,16.1,15,Hard,Indirect,0.42
P3,9,2,8e825530-1bf7-4be8-8128-d2bf18636c39,0.8179763555526733,Capítulo 17,chapter_17,chapter_16,0,"Part_II_Cap_16_The State of Conservation Policies, Protected Areas, and Indigenous Territories, from the Past to the Present.pdf",16,16.1.1,9,Hard,Indirect,0.42
P3,9,3,7df28dcf-90e2-4ada-bbed-94544a220a34,0.8236626982688904,Capítulo 17,chapter_17,chapter_16,0,"Part_II_Cap_16_The State of Conservation Policies, Protected Areas, and Indigenous Territories, from the Past to the Present.pdf",16,16.1,14,Hard,Indirect,0.42
P3,9,4,737ce6b6-210e-4816-9679-509648231687,0.8402965664863586,Capítulo 17,chapter_17,chapter_16,0,"Part_II_Cap_16_The State of Conservation Policies, Protected Areas, and Indigenous Territories, from the Past to the Present.pdf",16,16.1.1.1,12,Hard,Indirect,0.42
P3,9,5,1c7b20d7-12fd-4311-bcfa-9a5775c2e10a,0.8894219398498535,Capítulo 17,chapter_17,chapter_16,0,"Part_II_Cap_16_The State of Conservation Policies, Protected Areas, and Indigenous Territories, from the Past to the Present.pdf",16,16.1.1,9,Hard,Indirect,0.42
P3,11,1,75bf3cb8-d496-42c0-9c2e-4ac294248994,0.44187042117118835,Capítulo 17,chapter_17,chapter_11,0,Part_I_Cap_11_Economic Drivers in the Amazon from the 19th Century to the 1970s.pdf,11,11.4,13,Easy,Direct,0.5
P3,11,2,5335cb79-3883-4888-96bc-943a62a7ad48,0.4531504213809967,Capítulo 17,chapter_17,chapter_11,0,Part_I_Cap_11_Economic Drivers in the Amazon from the 19th Century to the 1970s.pdf,11,11.4,13,Easy,Direct,0.5
P3,11,3,65a1b200-afbb-43c6-a6eb-6122cf8f71a7,0.4795750379562378,Capítulo 17,chapter_17,chapter_11,0,Part_I_Cap_11_Economic Drivers in the Amazon from the 19th Century to the 1970s.pdf,11,11.2,7,Easy,Direct,0.5
P3,11,4,08bf7409-15f2-42bc-b3d7-20a699116b0f,0.48144713044166565,Capítulo 17,chapter_17,chapter_11,0,Part_I_Cap_11_Economic Drivers in the Amazon from the 19th Century to the 1970s.pdf,11,11,5,Easy,Direct,0.5
P3,11,5,a4fa2a1a-9555-4d5e-911d-1d0b067a6599,0.4972277283668518,Capítulo 17,chapter_17,chapter_11,0,Part_I_Cap_11_Economic Drivers in the Amazon from the 19th Century to the 1970s.pdf,11,11.4,14,Easy,Direct,0.5
P3,15,1,fa4c75c0-a326-4bc3-839f-1cc4d88c821a,0.24478363990783691,Capítulo 12,chapter_12,chapter_12,1,Part_I_Cap_12_Languages of the Amazon Dimensions of Diversity.pdf,12,12.3,7,Medium-Low,Direct,0.1
P3,15,2,dfac4de9-f76a-4813-8054-b8fbe42b7a3a,0.2700805068016052,Capítulo 12,chapter_12,chapter_12,1,Part_I_Cap_12_Languages of the Amazon Dimensions of Diversity.pdf,12,12.3,7,Medium-Low,Direct,0.1
P3,15,3,da63a527-33ee-408b-9c95-730cd0294ec8,0.28432103991508484,Capítulo 12,chapter_12,chapter_12,1,Part_I_Cap_12_Languages of the Amazon Dimensions of Diversity.pdf,12,12,4,Medium-Low,Direct,0.1
P3,15,4,4cf80628-5e4e-419b-b52c-d63744e54ecf,0.2907845377922058,Capítulo 12,chapter_12,chapter_12,1,Part_I_Cap_12_Languages of the Amazon Dimensions of Diversity.pdf,12,12.3,7,Medium-Low,Direct,0.1
P3,15,5,8cef9fbf-321a-4aed-97f2-e88304cfd6a7,0.300075501203537,Capítulo 12,chapter_12,chapter_12,1,Part_I_Cap_12_Languages of the Amazon Dimensions of Diversity.pdf,12,12.1,10,Medium-Low,Direct,0.1
P3,27,1,592b8c32-8e91-4f91-847c-9f8e092632d2,0.9552726745605469,Capítulo 25,chapter_25,chapter_25,1,Part_III_Cap_25_A Pan-Amazonian sustainable development vision.pdf,25,25.2,8,Medium-Low,Indirect,0.33
P3,27,2,545c0eb2-c8d1-4e5c-b21c-93fd22f02f61,0.999437689781189,Capítulo 25,chapter_25,chapter_33,0,Part_III_Cap_33_Connecting and sharing diverse knowledges to support sustainable pathways in the Amazon.pdf,33,33.2,39,Medium-Low,Indirect,0.33
P3,27,3,c2250f06-f264-4f57-a092-70d4d091b383,1.0124506950378418,Capítulo 25,chapter_25,chapter_25,1,Part_III_Cap_25_A Pan-Amazonian sustainable development vision.pdf,25,25.2.4,15,Medium-Low,Indirect,0.33
P3,27,4,e79c3a06-626d-43a0-a556-b8db6378220e,1.013230323791504,Capítulo 25,chapter_25,chapter_25,1,Part_III_Cap_25_A Pan-Amazonian sustainable development vision.pdf,25,25.5,28,Medium-Low,Indirect,0.33
P3,27,5,d073e8e1-2d77-48c0-8d5b-6cc569f977df,1.022946834564209,Capítulo 25,chapter_25,chapter_33,0,Part_III_Cap_33_Connecting and sharing diverse knowledges to support sustainable pathways in the Amazon.pdf,33,33.1,7,Medium-Low,Indirect,0.33
P3,34,1,0e31ea7c-40cf-4306-875e-89943af3cdb0,0.4262040853500366,Capítulo 15,chapter_15,chapter_15,1,"Part_II_Cap_15_Complex, Diverse, and Changing Agribusiness and Livelihood Systems in the Amazon.pdf",15,15.1,54,Hard,Direct,0.33
P3,34,2,f7e2bf49-930c-4b5b-96b6-2d58f604d721,0.5040472745895386,Capítulo 15,chapter_15,chapter_15,1,"Part_II_Cap_15_Complex, Diverse, and Changing Agribusiness and Livelihood Systems in the Amazon.pdf",15,15.2.2,14,Hard,Direct,0.33
P3,34,3,d6ba6086-0fd5-4d4b-b7ca-af5492a46210,0.5177291035652161,Capítulo 15,chapter_15,chapter_15,1,"Part_II_Cap_15_Complex, Diverse, and Changing Agribusiness and Livelihood Systems in the Amazon.pdf",15,15.7,47,Hard,Direct,0.33
P3,34,4,09f6a747-5f8c-4a6a-a225-3dc6d374b56d,0.5210199952125549,Capítulo 15,chapter_15,chapter_15,1,"Part_II_Cap_15_Complex, Diverse, and Changing Agribusiness and Livelihood Systems in the Amazon.pdf",15,15.1.1,8,Hard,Direct,0.33
P3,34,5,64c2c80f-5e5e-4602-bcc1-f80a9d10fb2e,0.5237072706222534,Capítulo 15,chapter_15,chapter_15,1,"Part_II_Cap_15_Complex, Diverse, and Changing Agribusiness and Livelihood Systems in the Amazon.pdf",15,15.6,24,Hard,Direct,0.33
P3,35,1,20c72b9b-bcf6-4695-83e4-c1a141222fe7,0.4019797742366791,Capítulo 7,chapter_07,chapter_05,0,Part_I_Cap_05_The Physical Hydroclimate System of the Amazon.pdf,5,5.4,22,Medium-Low,Direct,0.6
P3,35,2,f996a6a6-3ab0-4e30-8130-0ec2b23e058f,0.4243028461933136,Capítulo 7,chapter_07,chapter_07,1,"Part_I_Cap_07_Biogeophysical Cycles Water Recycling, Climate Regulation.pdf",7,7,5,Medium-Low,Direct,0.6
P3,35,3,158d022e-3cae-4e71-85ba-e6beb8c76a8a,0.4250457286834717,Capítulo 7,chapter_07,chapter_07,1,"Part_I_Cap_07_Biogeophysical Cycles Water Recycling, Climate Regulation.pdf",7,7.4,20,Medium-Low,Direct,0.6
P3,35,4,0bd90733-f0af-4c3e-98ba-437416ee030d,0.45944106578826904,Capítulo 7,chapter_07,chapter_05,0,Part_I_Cap_05_The Physical Hydroclimate System of the Amazon.pdf,5,5.4,21,Medium-Low,Direct,0.6
P3,35,5,41a88896-db0c-4ba2-8cd1-1a460508409c,0.509652316570282,Capítulo 7,chapter_07,chapter_07,1,"Part_I_Cap_07_Biogeophysical Cycles Water Recycling, Climate Regulation.pdf",7,7.6,21,Medium-Low,Direct,0.6
P3,36,1,f44e1468-67e5-49ee-823c-ce7344c1b4ae,0.556236982345581,Capítulo 32,chapter_32,chapter_32,1,Part_III_Cap_32_Milestones and challenges in the construction and expansion of participatory intercultural education in the Amazon.pdf,32,32.5.1,11,Hard,Indirect,0.22
P3,36,2,ce890b31-8051-41a5-8e11-cd21de3e0bf6,0.5972398519515991,Capítulo 32,chapter_32,chapter_32,1,Part_III_Cap_32_Milestones and challenges in the construction and expansion of participatory intercultural education in the Amazon.pdf,32,32.5.1,11,Hard,Indirect,0.22
P3,36,3,f5567c67-7342-4643-b37e-e33db04eaf45,0.7277425527572632,Capítulo 32,chapter_32,chapter_32,1,Part_III_Cap_32_Milestones and challenges in the construction and expansion of participatory intercultural education in the Amazon.pdf,32,32.6,21,Hard,Indirect,0.22
P3,36,4,729c63c9-cbd7-463b-84f6-00029145b128,0.7454314231872559,Capítulo 32,chapter_32,chapter_32,1,Part_III_Cap_32_Milestones and challenges in the construction and expansion of participatory intercultural education in the Amazon.pdf,32,32.5.3,16,Hard,Indirect,0.22
P3,36,5,bd812d04-60b5-4e9c-98b1-1b384ff20e18,0.7566994428634644,Capítulo 32,chapter_32,chapter_32,1,Part_III_Cap_32_Milestones and challenges in the construction and expansion of participatory intercultural education in the Amazon.pdf,32,32.6,22,Hard,Indirect,0.22
P3,53,1,b3a37d95-f756-4773-b58f-22fce28d78f0,0.9691545367240906,Capítulo 28,chapter_28,chapter_28,1,Part_III_Cap_28_Restoration options for the Amazon.pdf,28,28.3.1,9,Medium-High,Direct,0.6
P3,53,2,6eeb8003-c5b7-4f35-b88f-02d00e87ab11,1.0180593729019165,Capítulo 28,chapter_28,chapter_28,1,Part_III_Cap_28_Restoration options for the Amazon.pdf,28,28.3.1,8,Medium-High,Direct,0.6
P3,53,3,2ed2381a-364f-4586-a1ad-11d56ac6f7dd,1.0260285139083862,Capítulo 28,chapter_28,chapter_28,1,Part_III_Cap_28_Restoration options for the Amazon.pdf,28,28.3.1,9,Medium-High,Direct,0.6
P3,53,4,6a95b985-165a-4dbe-ad1b-f039ef460688,1.0397075414657593,Capítulo 28,chapter_28,chapter_20,0,Part_II_Cap_20_Drivers and Impacts of Changes in Aquatic Ecosystems.pdf,20,20.10,27,Medium-High,Direct,0.6
P3,53,5,2e6e8d00-4b57-4dd8-a002-7b8d0cf41eb7,1.040722131729126,Capítulo 28,chapter_28,chapter_20,0,Part_II_Cap_20_Drivers and Impacts of Changes in Aquatic Ecosystems.pdf,20,20.10,28,Medium-High,Direct,0.6
P3,58,1,43c3fb85-371c-4bff-a48e-81c9b967f9c8,1.0695996284484863,Capítulo 4,chapter_04,chapter_04,1,Part_I_Cap_04_Amazonian Ecosystems and Their Ecological Functions.pdf,4,4.2.2.2,19,Medium-Low,Direct,0.0
P3,58,2,2791dfc0-e69a-4396-bc82-0560bfaebd32,1.1156072616577148,Capítulo 4,chapter_04,chapter_04,1,Part_I_Cap_04_Amazonian Ecosystems and Their Ecological Functions.pdf,4,4.2.2.2,19,Medium-Low,Direct,0.0
P3,58,3,d3ae791e-8e4c-40e3-8db8-39d830799d75,1.1230617761611938,Capítulo 4,chapter_04,chapter_04,1,Part_I_Cap_04_Amazonian Ecosystems and Their Ecological Functions.pdf,4,4.2.2.2,18,Medium-Low,Direct,0.0
P3,58,4,7581ddd1-6827-4475-a4fe-6b6b4bc91e86,1.1301292181015015,Capítulo 4,chapter_04,chapter_28,0,Part_III_Cap_28_Restoration options for the Amazon.pdf,28,28.2,22,Medium-Low,Direct,0.0
P3,58,5,ca7f335d-51d7-4eb6-9490-ed9b5f2151d2,1.1332374811172485,Capítulo 4,chapter_04,chapter_19,0,Part_II_Cap_19_Drivers and Ecological Impacts of Deforestation and Forest Degradation.pdf,19,19.13,28,Medium-Low,Direct,0.0
P3,59,1,716d4a00-1159-4921-af01-b6b42fd5e41d,0.47335243225097656,Capítulo 12,chapter_12,chapter_12,1,Part_I_Cap_12_Languages of the Amazon Dimensions of Diversity.pdf,12,12.9,16,Hard,Indirect,0.25
P3,59,2,1cf36954-9b80-4c8c-be52-5df1dc01e6dc,0.5085647106170654,Capítulo 12,chapter_12,chapter_12,1,Part_I_Cap_12_Languages of the Amazon Dimensions of Diversity.pdf,12,12.9,18,Hard,Indirect,0.25
P3,59,3,1499818a-c2f9-4233-817a-97bfe881125a,0.5804111957550049,Capítulo 12,chapter_12,chapter_12,1,Part_I_Cap_12_Languages of the Amazon Dimensions of Diversity.pdf,12,12.9,16,Hard,Indirect,0.25
P3,59,4,954a4a78-984c-4af9-80a9-c4f557b66555,0.608808159828186,Capítulo 12,chapter_12,chapter_09,0,Part_I_Cap_09_Peoples of the Amazon and European Colonization (16th-18th Centuries).pdf,9,9.9,29,Hard,Indirect,0.25
P3,59,5,8190ca7d-e11e-4cb8-9501-15a25c6175e8,0.6403822302818298,Capítulo 12,chapter_12,chapter_12,1,Part_I_Cap_12_Languages of the Amazon Dimensions of Diversity.pdf,12,12.9,16,Hard,Indirect,0.25
P3,63,1,a7f90fcd-eb20-4a66-91e6-4c6cd3ddd576,0.5031198263168335,Capítulo 2,chapter_02,chapter_01,0,Part_I_Cap_01_Geology and Geodiversity of the Amazon Three Billion Years of History.pdf,1,1.4,13,Hard,Direct,0.28
P3,63,2,d0d5a616-a4b5-4610-8aee-754c9a2f7ca9,0.598236083984375,Capítulo 2,chapter_02,chapter_01,0,Part_I_Cap_01_Geology and Geodiversity of the Amazon Three Billion Years of History.pdf,1,1.2,13,Hard,Direct,0.28
P3,63,3,6b94e3d8-c894-469b-93d8-33c9b041f114,0.6228314638137817,Capítulo 2,chapter_02,chapter_01,0,Part_I_Cap_01_Geology and Geodiversity of the Amazon Three Billion Years of History.pdf,1,1.2,13,Hard,Direct,0.28
P3,63,4,7c831fff-b12e-4ca4-af4b-00f59aa4cd21,0.6381456255912781,Capítulo 2,chapter_02,chapter_01,0,Part_I_Cap_01_Geology and Geodiversity of the Amazon Three Billion Years of History.pdf,1,1.7,26,Hard,Direct,0.28
P3,63,5,654eb763-bd35-4f9f-b224-418b06db9e13,0.6460993885993958,Capítulo 2,chapter_02,chapter_04,0,Part_I_Cap_04_Amazonian Ecosystems and Their Ecological Functions.pdf,4,4.1,17,Hard,Direct,0.28
P3,65,1,adf995bd-bb0a-4979-a155-990b2e96bc6c,0.3806110620498657,Capítulo Cross Chapter 1,cross_chapter_1,chapter_06,0,Part_I_Cap_06_Biogeochemical Cycles in the Amazon.pdf,6,6.1,19,Hard,Indirect,0.0
P3,65,2,f6e22e48-097f-42af-ad12-dc0ad45d924d,0.3823143541812897,Capítulo Cross Chapter 1,cross_chapter_1,chapter_06,0,Part_I_Cap_06_Biogeochemical Cycles in the Amazon.pdf,6,6.2.4,17,Hard,Indirect,0.0
P3,65,3,741bb6c2-cb44-475f-aa58-03d90c4d3205,0.398500919342041,Capítulo Cross Chapter 1,cross_chapter_1,cross_chapter_1,1,Part_I_Cap_01_Cross Chapter 1 The Amazon Carbon Budget.pdf,1,CB1.,6,Hard,Indirect,0.0
P3,65,4,f01451bd-a48e-4665-bd14-d3c61b2911d8,0.4183432459831238,Capítulo Cross Chapter 1,cross_chapter_1,chapter_06,0,Part_I_Cap_06_Biogeochemical Cycles in the Amazon.pdf,6,6.2.4,17,Hard,Indirect,0.0
P3,65,5,e12ebe33-19be-4ca7-b7bf-47cd2d69cb77,0.42097437381744385,Capítulo Cross Chapter 1,cross_chapter_1,chapter_06,0,Part_I_Cap_06_Biogeochemical Cycles in the Amazon.pdf,6,8.85,18,Hard,Indirect,0.0
P3,67,1,741bb6c2-cb44-475f-aa58-03d90c4d3205,0.4307629466056824,Capítulo Cross Chapter 1,cross_chapter_1,cross_chapter_1,1,Part_I_Cap_01_Cross Chapter 1 The Amazon Carbon Budget.pdf,1,CB1.,6,Hard,Indirect,0.0
P3,67,2,f5d6a30d-6233-4793-9d43-c6203962d12c,0.44651538133621216,Capítulo Cross Chapter 1,cross_chapter_1,chapter_29,0,Part_III_Cap_29_Restoration priorities and benefits within landscapes and catchments and across the Amazon Basin.pdf,29,8.48,8,Hard,Indirect,0.0
P3,67,3,37ee25e9-6467-4210-9870-00d768089169,0.46281567215919495,Capítulo Cross Chapter 1,cross_chapter_1,cross_chapter_1,1,Part_I_Cap_01_Cross Chapter 1 The Amazon Carbon Budget.pdf,1,CB1.,5,Hard,Indirect,0.0
P3,67,4,041019d1-ced9-4050-a143-8d514d213d8a,0.47198349237442017,Capítulo Cross Chapter 1,cross_chapter_1,cross_chapter_1,1,Part_I_Cap_01_Cross Chapter 1 The Amazon Carbon Budget.pdf,1,A,4,Hard,Indirect,0.0
P3,67,5,d5fac884-5ffb-4e64-bdae-9334c80d921f,0.47746339440345764,Capítulo Cross Chapter 1,cross_chapter_1,cross_chapter_1,1,Part_I_Cap_01_Cross Chapter 1 The Amazon Carbon Budget.pdf,1,CB1.,7,Hard,Indirect,0.0
P3,72,1,fd3235eb-dba5-40f8-b63e-ca821834e2e4,0.4968637228012085,Capítulo 21,chapter_21,chapter_21,1,Part_II_Cap_21_Human Well-Being and Health Impacts of the Degradation of Terrestrial and Aquatic Ecosystems.pdf,21,21.8,20,Hard,Indirect,0.1
P3,72,2,a0a8efb8-4917-461a-97b9-188942849dad,0.5058465600013733,Capítulo 21,chapter_21,chapter_21,1,Part_II_Cap_21_Human Well-Being and Health Impacts of the Degradation of Terrestrial and Aquatic Ecosystems.pdf,21,21.5,15,Hard,Indirect,0.1
P3,72,3,a92403f1-4e4f-41d0-aade-6d6f1984f0f4,0.530494213104248,Capítulo 21,chapter_21,chapter_14,0,"Part_II_Cap_14_Amazon in Motion Changing Politics, Development Strategies, Peoples, Landscapes, and Livelihoods.pdf",14,14.2.2.2,13,Hard,Indirect,0.1
P3,72,4,3016de98-9d3d-4d9d-ae5a-520b3529c4ce,0.5312763452529907,Capítulo 21,chapter_21,chapter_21,1,Part_II_Cap_21_Human Well-Being and Health Impacts of the Degradation of Terrestrial and Aquatic Ecosystems.pdf,21,21,5,Hard,Indirect,0.1
P3,72,5,880a303e-401e-4d9e-97b9-d0b264e6584d,0.531398355960846,Capítulo 21,chapter_21,chapter_15,0,"Part_II_Cap_15_Complex, Diverse, and Changing Agribusiness and Livelihood Systems in the Amazon.pdf",15,15.3.2,32,Hard,Indirect,0.1
P3,77,1,6aff0284-fcb2-491a-b590-9c76df3830c4,0.4840167760848999,Capítulo 26,chapter_26,chapter_26,1,Part_III_Cap_26_Sustainable Development Goals (SDGs) and the Amazon.pdf,26,26.1,8,Hard,Indirect,0.33
P3,77,2,b0d3d388-2a4b-42ac-97e5-48f18479984c,0.49524471163749695,Capítulo 26,chapter_26,chapter_26,1,Part_III_Cap_26_Sustainable Development Goals (SDGs) and the Amazon.pdf,26,26.3,17,Hard,Indirect,0.33
P3,77,3,d0d4f21f-e8b2-4b31-a3a3-8c5a2dc500a4,0.5069738626480103,Capítulo 26,chapter_26,chapter_26,1,Part_III_Cap_26_Sustainable Development Goals (SDGs) and the Amazon.pdf,26,26.1,6,Hard,Indirect,0.33
P3,77,4,b34531e1-a561-460d-8bcc-a8039b862b30,0.515388548374176,Capítulo 26,chapter_26,chapter_26,1,Part_III_Cap_26_Sustainable Development Goals (SDGs) and the Amazon.pdf,26,26.1,6,Hard,Indirect,0.33
P3,77,5,397e657b-565a-4f1e-be04-25daa5cc8a5a,0.5183677673339844,Capítulo 26,chapter_26,chapter_26,1,Part_III_Cap_26_Sustainable Development Goals (SDGs) and the Amazon.pdf,26,26.4,23,Hard,Indirect,0.33
P3,83,1,21b41f31-d641-4801-a4bc-72ec43bf05d2,0.7148510813713074,Capítulo 27,chapter_27,chapter_16,0,"Part_II_Cap_16_The State of Conservation Policies, Protected Areas, and Indigenous Territories, from the Past to the Present.pdf",16,16.3,26,Medium-Low,Direct,0.33
P3,83,2,02df92f3-1f34-416d-a1cb-0cf43f705ac3,0.8175386190414429,Capítulo 27,chapter_27,chapter_19,0,Part_II_Cap_19_Drivers and Ecological Impacts of Deforestation and Forest Degradation.pdf,19,19.4.4,32,Medium-Low,Direct,0.33
P3,83,3,630651f7-2467-46eb-9c02-7690ad3c6da8,0.8260276317596436,Capítulo 27,chapter_27,chapter_27,1,Part_III_Cap_27_Conservation measures to counter the main threats to Amazonian biodiversity.pdf,27,27.3.1,7,Medium-Low,Direct,0.33
P3,83,4,484701c1-aed4-4a7e-82d6-56dcca4a36c5,0.8270845413208008,Capítulo 27,chapter_27,chapter_27,1,Part_III_Cap_27_Conservation measures to counter the main threats to Amazonian biodiversity.pdf,27,27.3.1,7,Medium-Low,Direct,0.33
P3,83,5,ef58bf32-7675-4cac-b7e7-4076aa0c339e,0.8288865089416504,Capítulo 27,chapter_27,chapter_28,0,Part_III_Cap_28_Restoration options for the Amazon.pdf,28,28.7,28,Medium-Low,Direct,0.33
P3,90,1,842f3544-78c0-49d7-8da7-6d14e99877cb,0.3911415934562683,Capítulo 31,chapter_31,chapter_31,1,"Part_III_Cap_31_Strengthening land and natural resource governance and management Protected areas, Indigenous lands, and local communities’ territories.pdf",31,31.5,30,Hard,Indirect,0.37
P3,90,2,29e0aded-08c3-490b-a0ed-00036554d30e,0.44969528913497925,Capítulo 31,chapter_31,chapter_31,1,"Part_III_Cap_31_Strengthening land and natural resource governance and management Protected areas, Indigenous lands, and local communities’ territories.pdf",31,31.1,6,Hard,Indirect,0.37
P3,90,3,d24b72a4-d8d8-423c-adc4-97f133f340f1,0.4531978666782379,Capítulo 31,chapter_31,chapter_31,1,"Part_III_Cap_31_Strengthening land and natural resource governance and management Protected areas, Indigenous lands, and local communities’ territories.pdf",31,31,6,Hard,Indirect,0.37
P3,90,4,8746cac4-8046-41eb-9364-044b7816af2c,0.46319466829299927,Capítulo 31,chapter_31,chapter_31,1,"Part_III_Cap_31_Strengthening land and natural resource governance and management Protected areas, Indigenous lands, and local communities’ territories.pdf",31,31.2.3,20,Hard,Indirect,0.37
P3,90,5,4de069fa-4aee-48ac-b0f7-5e1c902e5f65,0.46383169293403625,Capítulo 31,chapter_31,chapter_31,1,"Part_III_Cap_31_Strengthening land and natural resource governance and management Protected areas, Indigenous lands, and local communities’ territories.pdf",31,31.2,9,Hard,Indirect,0.37
P3,96,1,46ded444-fca1-4c03-9309-71907faeec1c,0.5192879438400269,Capítulo Annex 2,annex_02,chapter_13,0,Part_I_Cap_13_African Presence in the Amazon A Glance.pdf,13,13.12,30,Hard,Indirect,0.0
P3,96,2,43ba2759-da57-413a-a13f-2a5bcd84b053,0.540824294090271,Capítulo Annex 2,annex_02,annex_02,1,Annex_02_Annex II.pdf,Annex II,Annex II,3,Hard,Indirect,0.0
P3,96,3,7be8d382-b188-4682-9e9d-191baf2ed285,0.5664595365524292,Capítulo Annex 2,annex_02,chapter_10,0,Part_I_Cap_10_Critical Interconnections Between the Cultural and Biological Diversity of Amazonian Peoples and Ecosystems.pdf,10,10.1,9,Hard,Indirect,0.0
P3,96,4,29358e34-9f1b-46ac-8636-6032488f55b8,0.5685181617736816,Capítulo Annex 2,annex_02,annex_02,1,Annex_02_Annex II.pdf,Annex II,4.4,6,Hard,Indirect,0.0
P3,96,5,99815fbc-724e-46cf-816f-bb0291de1561,0.5871690511703491,Capítulo Annex 2,annex_02,chapter_13,0,Part_I_Cap_13_African Presence in the Amazon A Glance.pdf,13,13.1,9,Hard,Indirect,0.0
P3,97,1,61996888-8224-4bdd-80e4-64293fec0a92,0.41367191076278687,Capítulo Annex 2,annex_02,annex_02,1,Annex_02_Annex II.pdf,Annex II,4.1,6,Medium-Low,Indirect,0.27
P3,97,2,f59147ef-901b-4bb7-9149-81b317e93564,0.44354090094566345,Capítulo Annex 2,annex_02,annex_02,1,Annex_02_Annex II.pdf,Annex II,4.1,6,Medium-Low,Indirect,0.27
P3,97,3,29358e34-9f1b-46ac-8636-6032488f55b8,0.4856666624546051,Capítulo Annex 2,annex_02,annex_02,1,Annex_02_Annex II.pdf,Annex II,4.4,6,Medium-Low,Indirect,0.27
P3,97,4,b508b4e4-56ae-49d4-83a5-11e6d05f55a7,0.49401962757110596,Capítulo Annex 2,annex_02,annex_02,1,Annex_02_Annex II.pdf,Annex II,Annex II,4,Medium-Low,Indirect,0.27
P3,97,5,8ef2c079-7ebc-4528-9457-9583ac85d63b,0.49566271901130676,Capítulo Annex 2,annex_02,annex_02,1,Annex_02_Annex II.pdf,Annex II,Annex II,4,Medium-Low,Indirect,0.27
P3,98,1,b508b4e4-56ae-49d4-83a5-11e6d05f55a7,0.5175296068191528,Capítulo Annex 2,annex_02,annex_02,1,Annex_02_Annex II.pdf,Annex II,Annex II,4,Medium-Low,Direct,0.12
P3,98,2,8ef2c079-7ebc-4528-9457-9583ac85d63b,0.5588418245315552,Capítulo Annex 2,annex_02,annex_02,1,Annex_02_Annex II.pdf,Annex II,Annex II,4,Medium-Low,Direct,0.12
P3,98,3,c4808ab4-550c-477b-9171-bd46a9248952,0.5643356442451477,Capítulo Annex 2,annex_02,chapter_08,0,Part_I_Cap_08_Peoples of the Amazon Before European Colonization.pdf,8,8.13,32,Medium-Low,Direct,0.12
P3,98,4,3453ab01-a7af-4b0b-88c4-66048bcb6d0d,0.596564769744873,Capítulo Annex 2,annex_02,chapter_31,0,"Part_III_Cap_31_Strengthening land and natural resource governance and management Protected areas, Indigenous lands, and local communities’ territories.pdf",31,31.2.5,24,Medium-Low,Direct,0.12
P3,98,5,7daa8f4f-5fa8-4694-954b-be12e763ecb7,0.5982072353363037,Capítulo Annex 2,annex_02,chapter_16,0,"Part_II_Cap_16_The State of Conservation Policies, Protected Areas, and Indigenous Territories, from the Past to the Present.pdf",16,16.1.3,24,Medium-Low,Direct,0.12
P3,99,1,cc03a97f-b3fc-4045-9ac9-fff627610b1b,0.5066684484481812,Capítulo Cross Chapter 2,cross_chapter_2,chapter_31,0,"Part_III_Cap_31_Strengthening land and natural resource governance and management Protected areas, Indigenous lands, and local communities’ territories.pdf",31,31.2,15,Hard,Indirect,0.33
P3,99,2,a8199682-a882-43f4-bb4a-8c2366dea1aa,0.5215154886245728,Capítulo Cross Chapter 2,cross_chapter_2,chapter_31,0,"Part_III_Cap_31_Strengthening land and natural resource governance and management Protected areas, Indigenous lands, and local communities’ territories.pdf",31,31.4,29,Hard,Indirect,0.33
P3,99,3,74b7edaf-f6d3-49df-858b-4e185efb2048,0.5313581824302673,Capítulo Cross Chapter 2,cross_chapter_2,chapter_31,0,"Part_III_Cap_31_Strengthening land and natural resource governance and management Protected areas, Indigenous lands, and local communities’ territories.pdf",31,31.4,30,Hard,Indirect,0.33
P3,99,4,98f476de-b099-4fb9-aaa0-47303d86ac75,0.558131992816925,Capítulo Cross Chapter 2,cross_chapter_2,chapter_16,0,"Part_II_Cap_16_The State of Conservation Policies, Protected Areas, and Indigenous Territories, from the Past to the Present.pdf",16,16.4,33,Hard,Indirect,0.33
P3,99,5,27780194-f43d-4a7d-b6c6-79c24244113e,0.5608201622962952,Capítulo Cross Chapter 2,cross_chapter_2,chapter_33,0,Part_III_Cap_33_Connecting and sharing diverse knowledges to support sustainable pathways in the Amazon.pdf,33,33.1,22,Hard,Indirect,0.33
P3,100,1,b424c91c-0c8a-4052-a4b9-5b46c175b81e,0.5570966005325317,Capítulo Cross Chapter 2,cross_chapter_2,chapter_30,0,Part_III_Cap_30_Opportunities and challenges for a healthy standing forest and flowing rivers bioeconomy in the Amazon.pdf,30,30.1,16,Hard,Indirect,0.15
P3,100,2,53bf6bcd-c5e3-4243-933e-da89378654a4,0.5594788193702698,Capítulo Cross Chapter 2,cross_chapter_2,chapter_30,0,Part_III_Cap_30_Opportunities and challenges for a healthy standing forest and flowing rivers bioeconomy in the Amazon.pdf,30,30,5,Hard,Indirect,0.15
P3,100,3,afe997cb-8b8c-48b8-a765-97b2e927bff9,0.5638019442558289,Capítulo Cross Chapter 2,cross_chapter_2,chapter_03,0,Part_I_Cap_03_Biological Diversity and Ecological Networks in the Amazon.pdf,3,3.1,13,Hard,Indirect,0.15
P3,100,4,fa931ada-dd10-483e-80c9-4f3c6a5f87ef,0.5722734332084656,Capítulo Cross Chapter 2,cross_chapter_2,chapter_15,0,"Part_II_Cap_15_Complex, Diverse, and Changing Agribusiness and Livelihood Systems in the Amazon.pdf",15,15.4.3,42,Hard,Indirect,0.15
P3,100,5,c9502e46-495f-4922-a987-07189f393874,0.5750730037689209,Capítulo Cross Chapter 2,cross_chapter_2,chapter_30,0,Part_III_Cap_30_Opportunities and challenges for a healthy standing forest and flowing rivers bioeconomy in the Amazon.pdf,30,30.1,30,Hard,Indirect,0.15
P3,102,1,4d2f5f8b-6edb-4daa-9d56-effd8234da73,0.6516009569168091,Capítulo Cross Chapter 2,cross_chapter_2,chapter_30,0,Part_III_Cap_30_Opportunities and challenges for a healthy standing forest and flowing rivers bioeconomy in the Amazon.pdf,30,30.5.1,28,Medium-Low,Indirect,0.0
P3,102,2,69957968-7b23-4c5f-91c2-7fefd71cfa28,0.6523483991622925,Capítulo Cross Chapter 2,cross_chapter_2,chapter_18,0,"Part_II_Cap_18_Globalization, Extractivism, and Social Exclusion Country-Specific Manifestations.pdf",18,18.1,18,Medium-Low,Indirect,0.0
P3,102,3,e4c09211-b0a6-4907-8de6-9ce759212e56,0.6669944524765015,Capítulo Cross Chapter 2,cross_chapter_2,chapter_30,0,Part_III_Cap_30_Opportunities and challenges for a healthy standing forest and flowing rivers bioeconomy in the Amazon.pdf,30,30.1,30,Medium-Low,Indirect,0.0
P3,102,4,617ea9a1-b57b-449e-9424-9cd8ca1f50aa,0.6791543364524841,Capítulo Cross Chapter 2,cross_chapter_2,chapter_30,0,Part_III_Cap_30_Opportunities and challenges for a healthy standing forest and flowing rivers bioeconomy in the Amazon.pdf,30,30.4.1,19,Medium-Low,Indirect,0.0
P3,102,5,45fd1e1b-3e26-4dad-82b4-7ed8380d54fe,0.690238356590271,Capítulo Cross Chapter 2,cross_chapter_2,chapter_30,0,Part_III_Cap_30_Opportunities and challenges for a healthy standing forest and flowing rivers bioeconomy in the Amazon.pdf,30,30.8,46,Medium-Low,Indirect,0.0
P3,104,1,fcd7b311-7f26-4217-94b4-e78914336502,0.5739109516143799,Capítulo 8,chapter_08,chapter_06,0,Part_I_Cap_06_Biogeochemical Cycles in the Amazon.pdf,6,11.7,7,Hard,Indirect,0.1
P3,104,2,d9562185-5e18-448c-850f-976bfaa97289,0.5952771306037903,Capítulo 8,chapter_08,chapter_08,1,Part_I_Cap_08_Peoples of the Amazon Before European Colonization.pdf,8,8.3,12,Hard,Indirect,0.1
P3,104,3,314ce4ab-a3b3-4d67-8241-8b2e31077fd3,0.6142796277999878,Capítulo 8,chapter_08,chapter_06,0,Part_I_Cap_06_Biogeochemical Cycles in the Amazon.pdf,6,11.7,7,Hard,Indirect,0.1
P3,104,4,ab6bb450-9af1-4abb-b9ce-5abd72020107,0.6201200485229492,Capítulo 8,chapter_08,chapter_08,1,Part_I_Cap_08_Peoples of the Amazon Before European Colonization.pdf,8,8.3,12,Hard,Indirect,0.1
P3,104,5,dea28d21-421b-4e64-885d-7803f3be49d1,0.631686270236969,Capítulo 8,chapter_08,chapter_22,0,"Part_II_Cap_22_Long-Term Variability, Extremes, and Changes in Temperature and Hydro Meteorology.pdf",22,22.3.1,11,Hard,Indirect,0.1
P3,105,1,1bf62ecf-4761-4ab5-89ac-7bfb21e4e17a,0.8029906749725342,Capítulo 8,chapter_08,chapter_08,1,Part_I_Cap_08_Peoples of the Amazon Before European Colonization.pdf,8,8.5,23,Medium-High,Direct,1.0
P3,105,2,f3f16238-dfc6-45c2-b8ce-17fa7fb90a50,0.8336962461471558,Capítulo 8,chapter_08,chapter_08,1,Part_I_Cap_08_Peoples of the Amazon Before European Colonization.pdf,8,8.6,24,Medium-High,Direct,1.0
P3,105,3,b5347521-7740-4241-bd4e-0e52619cecb3,0.8425884246826172,Capítulo 8,chapter_08,chapter_08,1,Part_I_Cap_08_Peoples of the Amazon Before European Colonization.pdf,8,8.6,24,Medium-High,Direct,1.0
P3,105,4,a1c2fa09-3215-4079-8c08-c422c89b8109,0.8503132462501526,Capítulo 8,chapter_08,chapter_34,0,Part_III_Cap_34_Boosting relations between the Amazon forest and its globalizing cities.pdf,34,34.1,21,Medium-High,Direct,1.0
P3,105,5,1e90deb7-3f03-4720-b3c6-82025a46f7a3,0.9084150791168213,Capítulo 8,chapter_08,chapter_08,1,Part_I_Cap_08_Peoples of the Amazon Before European Colonization.pdf,8,8.5,23,Medium-High,Direct,1.0
P3,106,1,5aaf7250-c63a-4482-bb6a-c1c0114851ab,1.2121200561523438,Capítulo 8,chapter_08,chapter_08,1,Part_I_Cap_08_Peoples of the Amazon Before European Colonization.pdf,8,8.1,11,Medium-High,Direct,1.0
P3,106,2,072071ab-3684-498d-b68b-92f4d9d3910b,1.268721103668213,Capítulo 8,chapter_08,chapter_08,1,Part_I_Cap_08_Peoples of the Amazon Before European Colonization.pdf,8,8.1,10,Medium-High,Direct,1.0
P3,106,3,b14d8f5b-1e92-43f7-86d8-929f58812419,1.2951643466949463,Capítulo 8,chapter_08,chapter_08,1,Part_I_Cap_08_Peoples of the Amazon Before European Colonization.pdf,8,8.1,11,Medium-High,Direct,1.0
P3,106,4,67f62df8-94f2-43e8-981f-658d53d090d8,1.3567771911621094,Capítulo 8,chapter_08,chapter_08,1,Part_I_Cap_08_Peoples of the Amazon Before European Colonization.pdf,8,8.1,11,Medium-High,Direct,1.0
P3,106,5,e73f58fd-e29a-4e49-b38d-113f6203a562,1.3752565383911133,Capítulo 8,chapter_08,chapter_01,0,Part_I_Cap_01_Geology and Geodiversity of the Amazon Three Billion Years of History.pdf,1,1.4.1,19,Medium-High,Direct,1.0
P3,110,1,8e422a19-913a-47f6-a1a7-b48de0cecd39,0.788860559463501,Capítulo 9,chapter_09,chapter_09,1,Part_I_Cap_09_Peoples of the Amazon and European Colonization (16th-18th Centuries).pdf,9,9.10,32,Medium-High,Direct,0.5
P3,110,2,2427b6a7-be3f-4500-bdae-755f39a39de6,0.7941003441810608,Capítulo 9,chapter_09,chapter_09,1,Part_I_Cap_09_Peoples of the Amazon and European Colonization (16th-18th Centuries).pdf,9,9.10,32,Medium-High,Direct,0.5
P3,110,3,f36ff586-b589-4aa6-a8d1-4c2b375bfe5b,0.8769114017486572,Capítulo 9,chapter_09,chapter_09,1,Part_I_Cap_09_Peoples of the Amazon and European Colonization (16th-18th Centuries).pdf,9,9.10,31,Medium-High,Direct,0.5
P3,110,4,79f4e4f9-5464-4eed-95a5-f69afd050e9a,0.8797846436500549,Capítulo 9,chapter_09,chapter_09,1,Part_I_Cap_09_Peoples of the Amazon and European Colonization (16th-18th Centuries).pdf,9,9.10,33,Medium-High,Direct,0.5
P3,110,5,69615e8f-925a-4ccd-b07f-e596c1673ba9,0.8799843192100525,Capítulo 9,chapter_09,chapter_09,1,Part_I_Cap_09_Peoples of the Amazon and European Colonization (16th-18th Centuries).pdf,9,9.10,31,Medium-High,Direct,0.5
P3,116,1,969eee32-0053-43c4-8159-7c186aea4264,0.8202661871910095,Capítulo 11,chapter_11,chapter_11,1,Part_I_Cap_11_Economic Drivers in the Amazon from the 19th Century to the 1970s.pdf,11,11.3,10,Hard,Indirect,0.0
P3,116,2,c9bac348-88b2-4f81-98a2-fcefd9109976,0.8500749468803406,Capítulo 11,chapter_11,chapter_11,1,Part_I_Cap_11_Economic Drivers in the Amazon from the 19th Century to the 1970s.pdf,11,11.3,11,Hard,Indirect,0.0
P3,116,3,16253365-daa5-4f41-b210-cafb1fb1d75f,0.8733492493629456,Capítulo 11,chapter_11,chapter_11,1,Part_I_Cap_11_Economic Drivers in the Amazon from the 19th Century to the 1970s.pdf,11,11.4,16,Hard,Indirect,0.0
P3,116,4,f789d416-9c82-4001-a52f-71a8c787a72b,0.8854708671569824,Capítulo 11,chapter_11,chapter_34,0,Part_III_Cap_34_Boosting relations between the Amazon forest and its globalizing cities.pdf,34,34.4,25,Hard,Indirect,0.0
P3,116,5,99ecf682-6386-4047-9615-33e63a63d7e2,0.8906586170196533,Capítulo 11,chapter_11,chapter_11,1,Part_I_Cap_11_Economic Drivers in the Amazon from the 19th Century to the 1970s.pdf,11,11.3,10,Hard,Indirect,0.0
P3,117,1,bfcf0e30-7a6b-4a14-81da-87963f477385,0.8504591584205627,Capítulo 11,chapter_11,chapter_11,1,Part_I_Cap_11_Economic Drivers in the Amazon from the 19th Century to the 1970s.pdf,11,11.3,13,Medium-Low,Direct,0.25
P3,117,2,9cbd0001-d514-4ece-a042-8629a894a73d,0.8598087430000305,Capítulo 11,chapter_11,chapter_11,1,Part_I_Cap_11_Economic Drivers in the Amazon from the 19th Century to the 1970s.pdf,11,11.3,11,Medium-Low,Direct,0.25
P3,117,3,99ef8113-4302-44d6-bf4a-b221e1bb25f3,0.8671954274177551,Capítulo 11,chapter_11,chapter_11,1,Part_I_Cap_11_Economic Drivers in the Amazon from the 19th Century to the 1970s.pdf,11,11,4,Medium-Low,Direct,0.25
P3,117,4,4b1e9cff-bed0-4bc4-99f1-f74f0ed073e3,0.8729002475738525,Capítulo 11,chapter_11,chapter_11,1,Part_I_Cap_11_Economic Drivers in the Amazon from the 19th Century to the 1970s.pdf,11,11,4,Medium-Low,Direct,0.25
P3,117,5,0832200e-c8de-48d3-bae8-c0d7eb8ccf72,0.8791451454162598,Capítulo 11,chapter_11,chapter_11,1,Part_I_Cap_11_Economic Drivers in the Amazon from the 19th Century to the 1970s.pdf,11,11.9,23,Medium-Low,Direct,0.25
P3,124,1,94f5f726-2033-4652-bb14-b285a4fe4ecc,0.4994293451309204,Capítulo 15,chapter_15,chapter_19,0,Part_II_Cap_19_Drivers and Ecological Impacts of Deforestation and Forest Degradation.pdf,19,19.5,10,Hard,Indirect,0.0
P3,124,2,d8613215-5e3f-42c4-a6c8-b914ce254560,0.5142974853515625,Capítulo 15,chapter_15,chapter_19,0,Part_II_Cap_19_Drivers and Ecological Impacts of Deforestation and Forest Degradation.pdf,19,19,5,Hard,Indirect,0.0
P3,124,3,0baa361b-5fe5-4b3b-b481-a7b5d693e5e8,0.5173457860946655,Capítulo 15,chapter_15,chapter_19,0,Part_II_Cap_19_Drivers and Ecological Impacts of Deforestation and Forest Degradation.pdf,19,19.2,8,Hard,Indirect,0.0
P3,124,4,54062d52-06cc-4b17-b608-7539d0420419,0.5297055244445801,Capítulo 15,chapter_15,chapter_19,0,Part_II_Cap_19_Drivers and Ecological Impacts of Deforestation and Forest Degradation.pdf,19,19.2,7,Hard,Indirect,0.0
P3,124,5,9b1ef357-1aa9-4c68-a603-961568b2b9cd,0.5349349975585938,Capítulo 15,chapter_15,chapter_19,0,Part_II_Cap_19_Drivers and Ecological Impacts of Deforestation and Forest Degradation.pdf,19,19.1,6,Hard,Indirect,0.0
P3,125,1,9f0d9c93-ef3f-4403-beb6-4e09d572f741,0.3168095350265503,Capítulo 15,chapter_15,chapter_15,1,"Part_II_Cap_15_Complex, Diverse, and Changing Agribusiness and Livelihood Systems in the Amazon.pdf",15,15.3.1,31,Medium-Low,Direct,0.2
P3,125,2,692770ed-b688-4623-b035-d0c909dc6d32,0.35249626636505127,Capítulo 15,chapter_15,chapter_14,0,"Part_II_Cap_14_Amazon in Motion Changing Politics, Development Strategies, Peoples, Landscapes, and Livelihoods.pdf",14,3.2.3.2,25,Medium-Low,Direct,0.2
P3,125,3,4ea5ae44-a7f1-4250-aea9-8d79ae4b1342,0.36488014459609985,Capítulo 15,chapter_15,chapter_14,0,"Part_II_Cap_14_Amazon in Motion Changing Politics, Development Strategies, Peoples, Landscapes, and Livelihoods.pdf",14,3.2.3.2,25,Medium-Low,Direct,0.2
P3,125,4,97af5e5e-2b33-45a8-b16b-a3ed2d7a9182,0.37101390957832336,Capítulo 15,chapter_15,chapter_14,0,"Part_II_Cap_14_Amazon in Motion Changing Politics, Development Strategies, Peoples, Landscapes, and Livelihoods.pdf",14,3.2.3.2,25,Medium-Low,Direct,0.2
P3,125,5,a7f19db1-8844-4be1-9532-2d1c4cfd518f,0.37408554553985596,Capítulo 15,chapter_15,chapter_15,1,"Part_II_Cap_15_Complex, Diverse, and Changing Agribusiness and Livelihood Systems in the Amazon.pdf",15,15.2,22,Medium-Low,Direct,0.2
P3,126,1,ae3307b4-3dae-4e28-ba4a-029ce1df4c9d,0.9141139388084412,Capítulo 15,chapter_15,chapter_15,1,"Part_II_Cap_15_Complex, Diverse, and Changing Agribusiness and Livelihood Systems in the Amazon.pdf",15,2.298.177,61,Easy,Direct,0.0
P3,126,2,4843e067-28a4-4f60-8bb3-e738e825c63c,0.9638447761535645,Capítulo 15,chapter_15,chapter_15,1,"Part_II_Cap_15_Complex, Diverse, and Changing Agribusiness and Livelihood Systems in the Amazon.pdf",15,15.3,17,Easy,Direct,0.0
P3,126,3,8453bb4a-22b6-4c4d-8bf4-4337f856bc16,0.9661321640014648,Capítulo 15,chapter_15,chapter_15,1,"Part_II_Cap_15_Complex, Diverse, and Changing Agribusiness and Livelihood Systems in the Amazon.pdf",15,15.3,16,Easy,Direct,0.0
P3,126,4,b501fed3-d370-4b8c-98dd-bca399f36a64,0.9892029762268066,Capítulo 15,chapter_15,chapter_18,0,"Part_II_Cap_18_Globalization, Extractivism, and Social Exclusion Country-Specific Manifestations.pdf",18,68.1,47,Easy,Direct,0.0
P3,126,5,ade4426a-cf34-4879-bdb3-ea64252c3cba,1.02018141746521,Capítulo 15,chapter_15,chapter_18,0,"Part_II_Cap_18_Globalization, Extractivism, and Social Exclusion Country-Specific Manifestations.pdf",18,24.880,48,Easy,Direct,0.0
P4,9,1,9377d9be-0c91-41fb-8400-0cd82e602941,0.8424240350723267,Capítulo 17,chapter_17,chapter_16,0,"Part_II_Cap_16_The State of Conservation Policies, Protected Areas, and Indigenous Territories, from the Past to the Present.pdf",16,16.1.1.1,13,Hard,Indirect,0.42
P4,9,2,737ce6b6-210e-4816-9679-509648231687,0.8542013168334961,Capítulo 17,chapter_17,chapter_16,0,"Part_II_Cap_16_The State of Conservation Policies, Protected Areas, and Indigenous Territories, from the Past to the Present.pdf",16,16.1.1.1,12,Hard,Indirect,0.42
P4,9,3,7df28dcf-90e2-4ada-bbed-94544a220a34,0.8811929225921631,Capítulo 17,chapter_17,chapter_16,0,"Part_II_Cap_16_The State of Conservation Policies, Protected Areas, and Indigenous Territories, from the Past to the Present.pdf",16,16.1,14,Hard,Indirect,0.42
P4,9,4,f45cd2ad-8dea-417e-81d8-cc9a2468f076,0.9041867852210999,Capítulo 17,chapter_17,chapter_16,0,"Part_II_Cap_16_The State of Conservation Policies, Protected Areas, and Indigenous Territories, from the Past to the Present.pdf",16,16.1,15,Hard,Indirect,0.42
P4,9,5,fff28c70-1ad8-43de-8044-ea79befd650d,0.904853880405426,Capítulo 17,chapter_17,chapter_16,0,"Part_II_Cap_16_The State of Conservation Policies, Protected Areas, and Indigenous Territories, from the Past to the Present.pdf",16,16.1,16,Hard,Indirect,0.42
P4,11,1,ac50fc36-9318-4c27-a15e-477fe4f2466d,0.540285587310791,Capítulo 17,chapter_17,chapter_18,0,"Part_II_Cap_18_Globalization, Extractivism, and Social Exclusion Country-Specific Manifestations.pdf",18,100.0,12,Easy,Direct,0.5
P4,11,2,65c6c9dd-b9b2-4cab-8d32-823995b7ed8c,0.6211855411529541,Capítulo 17,chapter_17,chapter_18,0,"Part_II_Cap_18_Globalization, Extractivism, and Social Exclusion Country-Specific Manifestations.pdf",18,18.5,13,Easy,Direct,0.5
P4,11,3,241565a4-98d0-4966-8ace-3bdc2343fa84,0.6248527765274048,Capítulo 17,chapter_17,chapter_18,0,"Part_II_Cap_18_Globalization, Extractivism, and Social Exclusion Country-Specific Manifestations.pdf",18,18.5,12,Easy,Direct,0.5
P4,11,4,75e4b3c6-5f36-49b0-a299-b40ced20e43a,0.6318488717079163,Capítulo 17,chapter_17,chapter_18,0,"Part_II_Cap_18_Globalization, Extractivism, and Social Exclusion Country-Specific Manifestations.pdf",18,72.5,27,Easy,Direct,0.5
P4,11,5,ba3cae65-0314-4e20-b2cc-847954e4f056,0.6335862278938293,Capítulo 17,chapter_17,chapter_18,0,"Part_II_Cap_18_Globalization, Extractivism, and Social Exclusion Country-Specific Manifestations.pdf",18,18.2.1,17,Easy,Direct,0.5
P4,15,1,da63a527-33ee-408b-9c95-730cd0294ec8,0.36341923475265503,Capítulo 12,chapter_12,chapter_12,1,Part_I_Cap_12_Languages of the Amazon Dimensions of Diversity.pdf,12,12,4,Medium-Low,Direct,0.1
P4,15,2,b7ec6408-01fe-4e5d-82a2-d037dd0a8f37,0.43978002667427063,Capítulo 12,chapter_12,chapter_12,1,Part_I_Cap_12_Languages of the Amazon Dimensions of Diversity.pdf,12,12.1,6,Medium-Low,Direct,0.1
P4,15,3,a64f88fd-e63f-4a70-8e8e-da83455a2834,0.44465821981430054,Capítulo 12,chapter_12,chapter_10,0,Part_I_Cap_10_Critical Interconnections Between the Cultural and Biological Diversity of Amazonian Peoples and Ecosystems.pdf,10,10.2,15,Medium-Low,Direct,0.1
P4,15,4,fa4c75c0-a326-4bc3-839f-1cc4d88c821a,0.4461529552936554,Capítulo 12,chapter_12,chapter_12,1,Part_I_Cap_12_Languages of the Amazon Dimensions of Diversity.pdf,12,12.3,7,Medium-Low,Direct,0.1
P4,15,5,55eee633-84d3-4982-a17f-6c13424ca00e,0.45539382100105286,Capítulo 12,chapter_12,chapter_12,1,Part_I_Cap_12_Languages of the Amazon Dimensions of Diversity.pdf,12,12.1,10,Medium-Low,Direct,0.1
P4,27,1,592b8c32-8e91-4f91-847c-9f8e092632d2,0.8000501394271851,Capítulo 25,chapter_25,chapter_25,1,Part_III_Cap_25_A Pan-Amazonian sustainable development vision.pdf,25,25.2,8,Medium-Low,Indirect,0.33
P4,27,2,e79c3a06-626d-43a0-a556-b8db6378220e,0.8310644030570984,Capítulo 25,chapter_25,chapter_25,1,Part_III_Cap_25_A Pan-Amazonian sustainable development vision.pdf,25,25.5,28,Medium-Low,Indirect,0.33
P4,27,3,f270c44c-3066-4aeb-9c2c-8ade5fd06bb6,0.8788756728172302,Capítulo 25,chapter_25,chapter_25,1,Part_III_Cap_25_A Pan-Amazonian sustainable development vision.pdf,25,25.3.6,21,Medium-Low,Indirect,0.33
P4,27,4,fc01344f-0373-40fc-83f7-cd614e37b4c7,0.9209339022636414,Capítulo 25,chapter_25,chapter_25,1,Part_III_Cap_25_A Pan-Amazonian sustainable development vision.pdf,25,25.1,7,Medium-Low,Indirect,0.33
P4,27,5,b7ce40a7-576b-44be-bd42-fb71e8cf5315,0.9260435104370117,Capítulo 25,chapter_25,chapter_25,1,Part_III_Cap_25_A Pan-Amazonian sustainable development vision.pdf,25,25.1,8,Medium-Low,Indirect,0.33
P4,34,1,0e31ea7c-40cf-4306-875e-89943af3cdb0,0.41431838274002075,Capítulo 15,chapter_15,chapter_15,1,"Part_II_Cap_15_Complex, Diverse, and Changing Agribusiness and Livelihood Systems in the Amazon.pdf",15,15.1,54,Hard,Direct,0.33
P4,34,2,396f43fc-969a-42d5-af16-1deb03732990,0.4967208504676819,Capítulo 15,chapter_15,chapter_15,1,"Part_II_Cap_15_Complex, Diverse, and Changing Agribusiness and Livelihood Systems in the Amazon.pdf",15,15.8,29,Hard,Direct,0.33
P4,34,3,aa19c731-cbf4-44cd-8b66-9ee4ea77d2a6,0.5113971829414368,Capítulo 15,chapter_15,chapter_15,1,"Part_II_Cap_15_Complex, Diverse, and Changing Agribusiness and Livelihood Systems in the Amazon.pdf",15,15.10,33,Hard,Direct,0.33
P4,34,4,854e0a90-f448-4834-a00c-7242e1c1c137,0.5149021148681641,Capítulo 15,chapter_15,chapter_04,0,Part_I_Cap_04_Amazonian Ecosystems and Their Ecological Functions.pdf,4,4.1,23,Hard,Direct,0.33
P4,34,5,ec8a63af-26d5-4f78-9ea4-9655c334d9c2,0.5180867910385132,Capítulo 15,chapter_15,chapter_15,1,"Part_II_Cap_15_Complex, Diverse, and Changing Agribusiness and Livelihood Systems in the Amazon.pdf",15,28.46,25,Hard,Direct,0.33
P4,35,1,41a88896-db0c-4ba2-8cd1-1a460508409c,0.43357014656066895,Capítulo 7,chapter_07,chapter_07,1,"Part_I_Cap_07_Biogeophysical Cycles Water Recycling, Climate Regulation.pdf",7,7.6,21,Medium-Low,Direct,0.6
P4,35,2,10a76faf-6795-42cd-8818-52fc2d75ba17,0.446698397397995,Capítulo 7,chapter_07,chapter_07,1,"Part_I_Cap_07_Biogeophysical Cycles Water Recycling, Climate Regulation.pdf",7,27.2,12,Medium-Low,Direct,0.6
P4,35,3,bffb947c-ddc7-46a3-bfdc-ed4a3864fdf5,0.5037581324577332,Capítulo 7,chapter_07,chapter_07,1,"Part_I_Cap_07_Biogeophysical Cycles Water Recycling, Climate Regulation.pdf",7,7.3,13,Medium-Low,Direct,0.6
P4,35,4,f996a6a6-3ab0-4e30-8130-0ec2b23e058f,0.5107682943344116,Capítulo 7,chapter_07,chapter_07,1,"Part_I_Cap_07_Biogeophysical Cycles Water Recycling, Climate Regulation.pdf",7,7,5,Medium-Low,Direct,0.6
P4,35,5,0bd90733-f0af-4c3e-98ba-437416ee030d,0.5120332837104797,Capítulo 7,chapter_07,chapter_05,0,Part_I_Cap_05_The Physical Hydroclimate System of the Amazon.pdf,5,5.4,21,Medium-Low,Direct,0.6
P4,36,1,f44e1468-67e5-49ee-823c-ce7344c1b4ae,0.6372832655906677,Capítulo 32,chapter_32,chapter_32,1,Part_III_Cap_32_Milestones and challenges in the construction and expansion of participatory intercultural education in the Amazon.pdf,32,32.5.1,11,Hard,Indirect,0.22
P4,36,2,ce890b31-8051-41a5-8e11-cd21de3e0bf6,0.6957525014877319,Capítulo 32,chapter_32,chapter_32,1,Part_III_Cap_32_Milestones and challenges in the construction and expansion of participatory intercultural education in the Amazon.pdf,32,32.5.1,11,Hard,Indirect,0.22
P4,36,3,6bee6d2f-50a7-4c4a-aa0e-414fea3f88fc,0.7457372546195984,Capítulo 32,chapter_32,chapter_32,1,Part_III_Cap_32_Milestones and challenges in the construction and expansion of participatory intercultural education in the Amazon.pdf,32,32.3,18,Hard,Indirect,0.22
P4,36,4,fe3ba307-7af5-472f-a3a5-b945c82a62ce,0.7470957636833191,Capítulo 32,chapter_32,chapter_32,1,Part_III_Cap_32_Milestones and challenges in the construction and expansion of participatory intercultural education in the Amazon.pdf,32,A32.4,30,Hard,Indirect,0.22
P4,36,5,c821dcb5-a184-4ec8-b51d-f4bd79fc4ee9,0.7662537693977356,Capítulo 32,chapter_32,chapter_32,1,Part_III_Cap_32_Milestones and challenges in the construction and expansion of participatory intercultural education in the Amazon.pdf,32,32.5.3,15,Hard,Indirect,0.22
P4,53,1,b3a37d95-f756-4773-b58f-22fce28d78f0,0.9687439203262329,Capítulo 28,chapter_28,chapter_28,1,Part_III_Cap_28_Restoration options for the Amazon.pdf,28,28.3.1,9,Medium-High,Direct,0.6
P4,53,2,1d405130-e201-4874-bdc6-e56f489ccf89,0.969394326210022,Capítulo 28,chapter_28,chapter_28,1,Part_III_Cap_28_Restoration options for the Amazon.pdf,28,28.3.1,9,Medium-High,Direct,0.6
P4,53,3,995b5769-22b5-4959-8cd8-3a012020d4ad,0.9858876466751099,Capítulo 28,chapter_28,chapter_28,1,Part_III_Cap_28_Restoration options for the Amazon.pdf,28,28.3.1,8,Medium-High,Direct,0.6
P4,53,4,6a95b985-165a-4dbe-ad1b-f039ef460688,0.9904981255531311,Capítulo 28,chapter_28,chapter_20,0,Part_II_Cap_20_Drivers and Impacts of Changes in Aquatic Ecosystems.pdf,20,20.10,27,Medium-High,Direct,0.6
P4,53,5,0f9a0338-648f-4558-9231-98e3728f77d2,1.0010638236999512,Capítulo 28,chapter_28,chapter_19,0,Part_II_Cap_19_Drivers and Ecological Impacts of Deforestation and Forest Degradation.pdf,19,19.3.3.1,21,Medium-High,Direct,0.6
P4,58,1,33a4401c-4aeb-4b60-8e32-708fc6e159ba,1.0740125179290771,Capítulo 4,chapter_04,chapter_34,0,Part_III_Cap_34_Boosting relations between the Amazon forest and its globalizing cities.pdf,34,34.8,15,Medium-Low,Direct,0.0
P4,58,2,34e4fd62-845d-40c9-aa7d-6fa6bf6995fe,1.0944054126739502,Capítulo 4,chapter_04,chapter_16,0,"Part_II_Cap_16_The State of Conservation Policies, Protected Areas, and Indigenous Territories, from the Past to the Present.pdf",16,16.3.2.1,27,Medium-Low,Direct,0.0
P4,58,3,117284cf-207e-4b59-ba65-810095c1a506,1.0974440574645996,Capítulo 4,chapter_04,chapter_16,0,"Part_II_Cap_16_The State of Conservation Policies, Protected Areas, and Indigenous Territories, from the Past to the Present.pdf",16,16.2,25,Medium-Low,Direct,0.0
P4,58,4,43c3fb85-371c-4bff-a48e-81c9b967f9c8,1.0996030569076538,Capítulo 4,chapter_04,chapter_04,1,Part_I_Cap_04_Amazonian Ecosystems and Their Ecological Functions.pdf,4,4.2.2.2,19,Medium-Low,Direct,0.0
P4,58,5,5779ef17-4c35-469c-af0a-d1eca98a073c,1.100754737854004,Capítulo 4,chapter_04,chapter_18,0,"Part_II_Cap_18_Globalization, Extractivism, and Social Exclusion Country-Specific Manifestations.pdf",18,18.1,8,Medium-Low,Direct,0.0
P4,59,1,716d4a00-1159-4921-af01-b6b42fd5e41d,0.4216013252735138,Capítulo 12,chapter_12,chapter_12,1,Part_I_Cap_12_Languages of the Amazon Dimensions of Diversity.pdf,12,12.9,16,Hard,Indirect,0.25
P4,59,2,1cf36954-9b80-4c8c-be52-5df1dc01e6dc,0.45643579959869385,Capítulo 12,chapter_12,chapter_12,1,Part_I_Cap_12_Languages of the Amazon Dimensions of Diversity.pdf,12,12.9,18,Hard,Indirect,0.25
P4,59,3,954a4a78-984c-4af9-80a9-c4f557b66555,0.49991166591644287,Capítulo 12,chapter_12,chapter_09,0,Part_I_Cap_09_Peoples of the Amazon and European Colonization (16th-18th Centuries).pdf,9,9.9,29,Hard,Indirect,0.25
P4,59,4,0ff761db-7ff1-44e1-bb1e-f4ba3b35840c,0.5551284551620483,Capítulo 12,chapter_12,chapter_09,0,Part_I_Cap_09_Peoples of the Amazon and European Colonization (16th-18th Centuries).pdf,9,9.9,29,Hard,Indirect,0.25
P4,59,5,1499818a-c2f9-4233-817a-97bfe881125a,0.5900238752365112,Capítulo 12,chapter_12,chapter_12,1,Part_I_Cap_12_Languages of the Amazon Dimensions of Diversity.pdf,12,12.9,16,Hard,Indirect,0.25
P4,63,1,6d3120bb-7cca-455f-bdce-cba081942cad,0.6422795057296753,Capítulo 2,chapter_02,chapter_30,0,Part_III_Cap_30_Opportunities and challenges for a healthy standing forest and flowing rivers bioeconomy in the Amazon.pdf,30,30.5.3,34,Hard,Direct,0.28
P4,63,2,a7f90fcd-eb20-4a66-91e6-4c6cd3ddd576,0.6537609100341797,Capítulo 2,chapter_02,chapter_01,0,Part_I_Cap_01_Geology and Geodiversity of the Amazon Three Billion Years of History.pdf,1,1.4,13,Hard,Direct,0.28
P4,63,3,2645d807-6ea2-4a0e-a87c-474c71911231,0.6658918857574463,Capítulo 2,chapter_02,chapter_04,0,Part_I_Cap_04_Amazonian Ecosystems and Their Ecological Functions.pdf,4,4,6,Hard,Direct,0.28
P4,63,4,d0d5a616-a4b5-4610-8aee-754c9a2f7ca9,0.6677646040916443,Capítulo 2,chapter_02,chapter_01,0,Part_I_Cap_01_Geology and Geodiversity of the Amazon Three Billion Years of History.pdf,1,1.2,13,Hard,Direct,0.28
P4,63,5,78aa7992-fdfa-4009-95d7-6ef7d71b860e,0.6710845232009888,Capítulo 2,chapter_02,chapter_25,0,Part_III_Cap_25_A Pan-Amazonian sustainable development vision.pdf,25,25.1,20,Hard,Direct,0.28
P4,65,1,7b7046fa-db46-4273-9a9d-466881fa8ce7,0.4775630235671997,Capítulo Cross Chapter 1,cross_chapter_1,chapter_06,0,Part_I_Cap_06_Biogeochemical Cycles in the Amazon.pdf,6,8.85,18,Hard,Indirect,0.0
P4,65,2,e944ec61-c7ea-4e48-adda-934f915ee2d0,0.48413610458374023,Capítulo Cross Chapter 1,cross_chapter_1,cross_chapter_1,1,Part_I_Cap_01_Cross Chapter 1 The Amazon Carbon Budget.pdf,1,CB1.,5,Hard,Indirect,0.0
P4,65,3,11be150a-1ac8-44d9-8245-b7a534a3235b,0.48994624614715576,Capítulo Cross Chapter 1,cross_chapter_1,chapter_04,0,Part_I_Cap_04_Amazonian Ecosystems and Their Ecological Functions.pdf,4,5.79,6,Hard,Indirect,0.0
P4,65,4,26e76fc9-9de7-4e00-b07e-49926857aab8,0.4961177706718445,Capítulo Cross Chapter 1,cross_chapter_1,chapter_06,0,Part_I_Cap_06_Biogeochemical Cycles in the Amazon.pdf,6,8.85,18,Hard,Indirect,0.0
P4,65,5,2e4b82fa-924e-4f0e-8231-f9e3b8cc8920,0.5091280937194824,Capítulo Cross Chapter 1,cross_chapter_1,chapter_06,0,Part_I_Cap_06_Biogeochemical Cycles in the Amazon.pdf,6,8.85,18,Hard,Indirect,0.0
P4,67,1,f329f812-2f86-47be-a053-aecc7750a178,0.42159968614578247,Capítulo Cross Chapter 1,cross_chapter_1,cross_chapter_1,1,Part_I_Cap_01_Cross Chapter 1 The Amazon Carbon Budget.pdf,1,CB1.,8,Hard,Indirect,0.0
P4,67,2,741bb6c2-cb44-475f-aa58-03d90c4d3205,0.42353445291519165,Capítulo Cross Chapter 1,cross_chapter_1,cross_chapter_1,1,Part_I_Cap_01_Cross Chapter 1 The Amazon Carbon Budget.pdf,1,CB1.,6,Hard,Indirect,0.0
P4,67,3,f5d6a30d-6233-4793-9d43-c6203962d12c,0.4352051913738251,Capítulo Cross Chapter 1,cross_chapter_1,chapter_29,0,Part_III_Cap_29_Restoration priorities and benefits within landscapes and catchments and across the Amazon Basin.pdf,29,8.48,8,Hard,Indirect,0.0
P4,67,4,041019d1-ced9-4050-a143-8d514d213d8a,0.4412454068660736,Capítulo Cross Chapter 1,cross_chapter_1,cross_chapter_1,1,Part_I_Cap_01_Cross Chapter 1 The Amazon Carbon Budget.pdf,1,A,4,Hard,Indirect,0.0
P4,67,5,a3f8d0ec-8ec5-4cd6-a89e-9abd8b4cc257,0.448833167552948,Capítulo Cross Chapter 1,cross_chapter_1,cross_chapter_1,1,Part_I_Cap_01_Cross Chapter 1 The Amazon Carbon Budget.pdf,1,CB1.,5,Hard,Indirect,0.0
P4,72,1,880a303e-401e-4d9e-97b9-d0b264e6584d,0.5355901718139648,Capítulo 21,chapter_21,chapter_15,0,"Part_II_Cap_15_Complex, Diverse, and Changing Agribusiness and Livelihood Systems in the Amazon.pdf",15,15.3.2,32,Hard,Indirect,0.1
P4,72,2,cad3846c-8eaa-47c5-aa81-98a05d98f6a7,0.5408772826194763,Capítulo 21,chapter_21,chapter_30,0,Part_III_Cap_30_Opportunities and challenges for a healthy standing forest and flowing rivers bioeconomy in the Amazon.pdf,30,30.1,16,Hard,Indirect,0.1
P4,72,3,f72e29b6-2b65-46f7-b6a7-4c4ed9578dc7,0.5609593391418457,Capítulo 21,chapter_21,chapter_15,0,"Part_II_Cap_15_Complex, Diverse, and Changing Agribusiness and Livelihood Systems in the Amazon.pdf",15,15.1,12,Hard,Indirect,0.1
P4,72,4,3016de98-9d3d-4d9d-ae5a-520b3529c4ce,0.5612297058105469,Capítulo 21,chapter_21,chapter_21,1,Part_II_Cap_21_Human Well-Being and Health Impacts of the Degradation of Terrestrial and Aquatic Ecosystems.pdf,21,21,5,Hard,Indirect,0.1
P4,72,5,9d491d22-5efe-45a1-8f17-4fb8aa60a853,0.5658081769943237,Capítulo 21,chapter_21,chapter_30,0,Part_III_Cap_30_Opportunities and challenges for a healthy standing forest and flowing rivers bioeconomy in the Amazon.pdf,30,30.1,7,Hard,Indirect,0.1
P4,77,1,ed323c08-d364-40bf-84aa-40ecbce6cf0d,0.6796612739562988,Capítulo 26,chapter_26,cross_chapter_1,0,Part_I_Cap_01_Cross Chapter 1 The Amazon Carbon Budget.pdf,1,A,4,Hard,Indirect,0.33
P4,77,2,8a443a8a-b937-43b9-96dc-84d53810b535,0.7005318403244019,Capítulo 26,chapter_26,chapter_25,0,Part_III_Cap_25_A Pan-Amazonian sustainable development vision.pdf,25,25.2.1,8,Hard,Indirect,0.33
P4,77,3,571c27c4-9e67-4f20-92b2-229b27aa45c2,0.715781033039093,Capítulo 26,chapter_26,chapter_05,0,Part_I_Cap_05_The Physical Hydroclimate System of the Amazon.pdf,5,5.1,6,Hard,Indirect,0.33
P4,77,4,24968dc7-4cbd-4aea-b8ff-4ca316aec6bc,0.7161687016487122,Capítulo 26,chapter_26,chapter_14,0,"Part_II_Cap_14_Amazon in Motion Changing Politics, Development Strategies, Peoples, Landscapes, and Livelihoods.pdf",14,14.2.2.1,12,Hard,Indirect,0.33
P4,77,5,cd750098-c3c9-4ba1-965e-1556686c7df6,0.7196139693260193,Capítulo 26,chapter_26,chapter_04,0,Part_I_Cap_04_Amazonian Ecosystems and Their Ecological Functions.pdf,4,4.5,28,Hard,Indirect,0.33
P4,83,1,69a4c33e-0de3-4caf-ba90-6a2cb8cb1db7,0.783266544342041,Capítulo 27,chapter_27,chapter_28,0,Part_III_Cap_28_Restoration options for the Amazon.pdf,28,28.4.2.1,20,Medium-Low,Direct,0.33
P4,83,2,630651f7-2467-46eb-9c02-7690ad3c6da8,0.7858127355575562,Capítulo 27,chapter_27,chapter_27,1,Part_III_Cap_27_Conservation measures to counter the main threats to Amazonian biodiversity.pdf,27,27.3.1,7,Medium-Low,Direct,0.33
P4,83,3,d39ac2b8-f871-4fbf-b592-a65d457ce2dd,0.8441891670227051,Capítulo 27,chapter_27,chapter_27,1,Part_III_Cap_27_Conservation measures to counter the main threats to Amazonian biodiversity.pdf,27,27.3,7,Medium-Low,Direct,0.33
P4,83,4,b65747b3-69a5-4378-ac0b-0f60d0ebe72f,0.8451524972915649,Capítulo 27,chapter_27,chapter_27,1,Part_III_Cap_27_Conservation measures to counter the main threats to Amazonian biodiversity.pdf,27,27.3.2,7,Medium-Low,Direct,0.33
P4,83,5,81b2d4d8-6699-48ec-91aa-b8bb8f416336,0.8495925068855286,Capítulo 27,chapter_27,chapter_27,1,Part_III_Cap_27_Conservation measures to counter the main threats to Amazonian biodiversity.pdf,27,27.3.2,7,Medium-Low,Direct,0.33
P4,90,1,842f3544-78c0-49d7-8da7-6d14e99877cb,0.46889907121658325,Capítulo 31,chapter_31,chapter_31,1,"Part_III_Cap_31_Strengthening land and natural resource governance and management Protected areas, Indigenous lands, and local communities’ territories.pdf",31,31.5,30,Hard,Indirect,0.37
P4,90,2,d24b72a4-d8d8-423c-adc4-97f133f340f1,0.46905529499053955,Capítulo 31,chapter_31,chapter_31,1,"Part_III_Cap_31_Strengthening land and natural resource governance and management Protected areas, Indigenous lands, and local communities’ territories.pdf",31,31,6,Hard,Indirect,0.37
P4,90,3,4be80646-7fc5-43e8-8b1d-5ad18d1c776f,0.4749149680137634,Capítulo 31,chapter_31,chapter_31,1,"Part_III_Cap_31_Strengthening land and natural resource governance and management Protected areas, Indigenous lands, and local communities’ territories.pdf",31,31.3,29,Hard,Indirect,0.37
P4,90,4,29e0aded-08c3-490b-a0ed-00036554d30e,0.47504138946533203,Capítulo 31,chapter_31,chapter_31,1,"Part_III_Cap_31_Strengthening land and natural resource governance and management Protected areas, Indigenous lands, and local communities’ territories.pdf",31,31.1,6,Hard,Indirect,0.37
P4,90,5,15b0bc20-14ec-49e6-b473-3a1d35f7241f,0.4805745482444763,Capítulo 31,chapter_31,chapter_31,1,"Part_III_Cap_31_Strengthening land and natural resource governance and management Protected areas, Indigenous lands, and local communities’ territories.pdf",31,31.1,6,Hard,Indirect,0.37
P4,96,1,0ebd85ad-ef5b-4475-a6ed-25cc38d2103d,0.5700832009315491,Capítulo Annex 2,annex_02,annex_02,1,Annex_02_Annex II.pdf,Annex II,Annex II,4,Hard,Indirect,0.0
P4,96,2,29358e34-9f1b-46ac-8636-6032488f55b8,0.5810093879699707,Capítulo Annex 2,annex_02,annex_02,1,Annex_02_Annex II.pdf,Annex II,4.4,6,Hard,Indirect,0.0
P4,96,3,8ef2c079-7ebc-4528-9457-9583ac85d63b,0.6165357828140259,Capítulo Annex 2,annex_02,annex_02,1,Annex_02_Annex II.pdf,Annex II,Annex II,4,Hard,Indirect,0.0
P4,96,4,43ba2759-da57-413a-a13f-2a5bcd84b053,0.6401610374450684,Capítulo Annex 2,annex_02,annex_02,1,Annex_02_Annex II.pdf,Annex II,Annex II,3,Hard,Indirect,0.0
P4,96,5,8100465b-c29b-48a8-8c36-3d9edcf88cb1,0.6436794996261597,Capítulo Annex 2,annex_02,chapter_13,0,Part_I_Cap_13_African Presence in the Amazon A Glance.pdf,13,13.10,28,Hard,Indirect,0.0
P4,97,1,29358e34-9f1b-46ac-8636-6032488f55b8,0.5430794954299927,Capítulo Annex 2,annex_02,annex_02,1,Annex_02_Annex II.pdf,Annex II,4.4,6,Medium-Low,Indirect,0.27
P4,97,2,61996888-8224-4bdd-80e4-64293fec0a92,0.5455925464630127,Capítulo Annex 2,annex_02,annex_02,1,Annex_02_Annex II.pdf,Annex II,4.1,6,Medium-Low,Indirect,0.27
P4,97,3,92d31025-63fd-4781-b413-6248db421348,0.5517687797546387,Capítulo Annex 2,annex_02,annex_02,1,Annex_02_Annex II.pdf,Annex II,Annex II,3,Medium-Low,Indirect,0.27
P4,97,4,b508b4e4-56ae-49d4-83a5-11e6d05f55a7,0.5597748756408691,Capítulo Annex 2,annex_02,annex_02,1,Annex_02_Annex II.pdf,Annex II,Annex II,4,Medium-Low,Indirect,0.27
P4,97,5,0ebd85ad-ef5b-4475-a6ed-25cc38d2103d,0.5877107977867126,Capítulo Annex 2,annex_02,annex_02,1,Annex_02_Annex II.pdf,Annex II,Annex II,4,Medium-Low,Indirect,0.27
P4,98,1,b508b4e4-56ae-49d4-83a5-11e6d05f55a7,0.6130704879760742,Capítulo Annex 2,annex_02,annex_02,1,Annex_02_Annex II.pdf,Annex II,Annex II,4,Medium-Low,Direct,0.12
P4,98,2,59e4df3a-1064-4ed1-8b31-ad1ac0eef52b,0.6555956602096558,Capítulo Annex 2,annex_02,annex_02,1,Annex_02_Annex II.pdf,Annex II,4.5,7,Medium-Low,Direct,0.12
P4,98,3,8ef2c079-7ebc-4528-9457-9583ac85d63b,0.6574019193649292,Capítulo Annex 2,annex_02,annex_02,1,Annex_02_Annex II.pdf,Annex II,Annex II,4,Medium-Low,Direct,0.12
P4,98,4,61996888-8224-4bdd-80e4-64293fec0a92,0.6885260343551636,Capítulo Annex 2,annex_02,annex_02,1,Annex_02_Annex II.pdf,Annex II,4.1,6,Medium-Low,Direct,0.12
P4,98,5,3453ab01-a7af-4b0b-88c4-66048bcb6d0d,0.7024738788604736,Capítulo Annex 2,annex_02,chapter_31,0,"Part_III_Cap_31_Strengthening land and natural resource governance and management Protected areas, Indigenous lands, and local communities’ territories.pdf",31,31.2.5,24,Medium-Low,Direct,0.12
P4,99,1,2794e728-14a1-4d5e-a63b-71e4e41c915c,0.5624083280563354,Capítulo Cross Chapter 2,cross_chapter_2,chapter_16,0,"Part_II_Cap_16_The State of Conservation Policies, Protected Areas, and Indigenous Territories, from the Past to the Present.pdf",16,16.4,32,Hard,Indirect,0.33
P4,99,2,fa515f1a-ea93-4fe7-8d84-0a7bc4074d2f,0.5910985469818115,Capítulo Cross Chapter 2,cross_chapter_2,chapter_14,0,"Part_II_Cap_14_Amazon in Motion Changing Politics, Development Strategies, Peoples, Landscapes, and Livelihoods.pdf",14,14.2,15,Hard,Indirect,0.33
P4,99,3,15b0bc20-14ec-49e6-b473-3a1d35f7241f,0.6141709685325623,Capítulo Cross Chapter 2,cross_chapter_2,chapter_31,0,"Part_III_Cap_31_Strengthening land and natural resource governance and management Protected areas, Indigenous lands, and local communities’ territories.pdf",31,31.1,6,Hard,Indirect,0.33
P4,99,4,284cfaad-9a4d-4f37-b943-e5df3e24c7ab,0.6211778521537781,Capítulo Cross Chapter 2,cross_chapter_2,chapter_31,0,"Part_III_Cap_31_Strengthening land and natural resource governance and management Protected areas, Indigenous lands, and local communities’ territories.pdf",31,31.4,29,Hard,Indirect,0.33
P4,99,5,2e929e19-d0a8-4b90-8f6e-596c2a84d8c7,0.6230984330177307,Capítulo Cross Chapter 2,cross_chapter_2,chapter_16,0,"Part_II_Cap_16_The State of Conservation Policies, Protected Areas, and Indigenous Territories, from the Past to the Present.pdf",16,16.5,33,Hard,Indirect,0.33
P4,100,1,452ac58c-33c0-4524-8ef2-add676e90709,0.5148620009422302,Capítulo Cross Chapter 2,cross_chapter_2,chapter_30,0,Part_III_Cap_30_Opportunities and challenges for a healthy standing forest and flowing rivers bioeconomy in the Amazon.pdf,30,30,6,Hard,Indirect,0.15
P4,100,2,e5215f47-a8c2-4b43-8e64-26c79c5a4b33,0.5150374174118042,Capítulo Cross Chapter 2,cross_chapter_2,chapter_30,0,Part_III_Cap_30_Opportunities and challenges for a healthy standing forest and flowing rivers bioeconomy in the Amazon.pdf,30,30.1,30,Hard,Indirect,0.15
P4,100,3,b424c91c-0c8a-4052-a4b9-5b46c175b81e,0.5186257362365723,Capítulo Cross Chapter 2,cross_chapter_2,chapter_30,0,Part_III_Cap_30_Opportunities and challenges for a healthy standing forest and flowing rivers bioeconomy in the Amazon.pdf,30,30.1,16,Hard,Indirect,0.15
P4,100,4,e4c370e1-5563-4897-b2f5-b0ee84a324c9,0.5235294103622437,Capítulo Cross Chapter 2,cross_chapter_2,chapter_30,0,Part_III_Cap_30_Opportunities and challenges for a healthy standing forest and flowing rivers bioeconomy in the Amazon.pdf,30,30.1.1,8,Hard,Indirect,0.15
P4,100,5,c547e0e4-8605-4dc6-b537-4bf6ddb941c0,0.5306656956672668,Capítulo Cross Chapter 2,cross_chapter_2,chapter_10,0,Part_I_Cap_10_Critical Interconnections Between the Cultural and Biological Diversity of Amazonian Peoples and Ecosystems.pdf,10,10.7,27,Hard,Indirect,0.15
P4,102,1,a77d576e-556d-4df0-bfb0-3c106bf4960a,0.7837836742401123,Capítulo Cross Chapter 2,cross_chapter_2,chapter_25,0,Part_III_Cap_25_A Pan-Amazonian sustainable development vision.pdf,25,25.2.5,16,Medium-Low,Indirect,0.0
P4,102,2,d8252bbf-7823-482c-b723-bf86222f830a,0.7873688340187073,Capítulo Cross Chapter 2,cross_chapter_2,chapter_14,0,"Part_II_Cap_14_Amazon in Motion Changing Politics, Development Strategies, Peoples, Landscapes, and Livelihoods.pdf",14,14.7,60,Medium-Low,Indirect,0.0
P4,102,3,0cdb466b-fe5d-4ea7-8161-7da493d892ef,0.7884517908096313,Capítulo Cross Chapter 2,cross_chapter_2,chapter_25,0,Part_III_Cap_25_A Pan-Amazonian sustainable development vision.pdf,25,25.2.5,16,Medium-Low,Indirect,0.0
P4,102,4,d02c32e4-ba14-4d23-a052-5b1eaa895ee1,0.7925828099250793,Capítulo Cross Chapter 2,cross_chapter_2,chapter_25,0,Part_III_Cap_25_A Pan-Amazonian sustainable development vision.pdf,25,25.32,35,Medium-Low,Indirect,0.0
P4,102,5,669e2a04-19b2-4846-8f7d-4a25b48744ba,0.8048023581504822,Capítulo Cross Chapter 2,cross_chapter_2,chapter_25,0,Part_III_Cap_25_A Pan-Amazonian sustainable development vision.pdf,25,25.2.5,15,Medium-Low,Indirect,0.0
P4,104,1,edc0eea9-1275-4dae-8142-0613d12f5a8e,0.7822107076644897,Capítulo 8,chapter_08,chapter_14,0,"Part_II_Cap_14_Amazon in Motion Changing Politics, Development Strategies, Peoples, Landscapes, and Livelihoods.pdf",14,14.4.1,37,Hard,Indirect,0.1
P4,104,2,45d79253-4f5b-4005-8c64-3fc20d6f2f39,0.8106927871704102,Capítulo 8,chapter_08,chapter_14,0,"Part_II_Cap_14_Amazon in Motion Changing Politics, Development Strategies, Peoples, Landscapes, and Livelihoods.pdf",14,14.5,48,Hard,Indirect,0.1
P4,104,3,5a15f23b-dcb0-4643-a00d-9a6712293b64,0.8108841180801392,Capítulo 8,chapter_08,chapter_14,0,"Part_II_Cap_14_Amazon in Motion Changing Politics, Development Strategies, Peoples, Landscapes, and Livelihoods.pdf",14,14.1,7,Hard,Indirect,0.1
P4,104,4,b810c84a-e4dd-4f6b-a7f2-e4ce8398144a,0.8214110732078552,Capítulo 8,chapter_08,chapter_14,0,"Part_II_Cap_14_Amazon in Motion Changing Politics, Development Strategies, Peoples, Landscapes, and Livelihoods.pdf",14,14.7,57,Hard,Indirect,0.1
P4,104,5,92ef35d5-2ab7-4694-bf02-16271eced7cd,0.8228065967559814,Capítulo 8,chapter_08,chapter_15,0,"Part_II_Cap_15_Complex, Diverse, and Changing Agribusiness and Livelihood Systems in the Amazon.pdf",15,15.4.1,39,Hard,Indirect,0.1
P4,105,1,1621685a-63f6-4a90-bf36-dd6118b24034,0.824350893497467,Capítulo 8,chapter_08,chapter_01,0,Part_I_Cap_01_Geology and Geodiversity of the Amazon Three Billion Years of History.pdf,1,1.6.2,29,Medium-High,Direct,1.0
P4,105,2,8e42b349-eb36-4f05-857b-f932f9edaeb1,0.8289721012115479,Capítulo 8,chapter_08,chapter_01,0,Part_I_Cap_01_Geology and Geodiversity of the Amazon Three Billion Years of History.pdf,1,1.6.3,29,Medium-High,Direct,1.0
P4,105,3,0fb609ca-2033-4fd8-b9cf-e6441c153168,0.8308730125427246,Capítulo 8,chapter_08,chapter_01,0,Part_I_Cap_01_Geology and Geodiversity of the Amazon Three Billion Years of History.pdf,1,1.9,30,Medium-High,Direct,1.0
P4,105,4,a711dcf0-6594-4ccd-8519-15d47f58ada8,0.8403291702270508,Capítulo 8,chapter_08,chapter_08,1,Part_I_Cap_08_Peoples of the Amazon Before European Colonization.pdf,8,8.10,31,Medium-High,Direct,1.0
P4,105,5,000b9052-b2b9-49c2-9037-d8d8ca8afaf8,0.8441035151481628,Capítulo 8,chapter_08,chapter_01,0,Part_I_Cap_01_Geology and Geodiversity of the Amazon Three Billion Years of History.pdf,1,1.0,8,Medium-High,Direct,1.0
P4,106,1,b14d8f5b-1e92-43f7-86d8-929f58812419,1.2333282232284546,Capítulo 8,chapter_08,chapter_08,1,Part_I_Cap_08_Peoples of the Amazon Before European Colonization.pdf,8,8.1,11,Medium-High,Direct,1.0
P4,106,2,e73f58fd-e29a-4e49-b38d-113f6203a562,1.2893931865692139,Capítulo 8,chapter_08,chapter_01,0,Part_I_Cap_01_Geology and Geodiversity of the Amazon Three Billion Years of History.pdf,1,1.4.1,19,Medium-High,Direct,1.0
P4,106,3,5aaf7250-c63a-4482-bb6a-c1c0114851ab,1.3424264192581177,Capítulo 8,chapter_08,chapter_08,1,Part_I_Cap_08_Peoples of the Amazon Before European Colonization.pdf,8,8.1,11,Medium-High,Direct,1.0
P4,106,4,072071ab-3684-498d-b68b-92f4d9d3910b,1.348975658416748,Capítulo 8,chapter_08,chapter_08,1,Part_I_Cap_08_Peoples of the Amazon Before European Colonization.pdf,8,8.1,10,Medium-High,Direct,1.0
P4,106,5,a143d6de-0eaa-44b4-b51d-42579902a2d0,1.382480263710022,Capítulo 8,chapter_08,chapter_08,1,Part_I_Cap_08_Peoples of the Amazon Before European Colonization.pdf,8,8.1,10,Medium-High,Direct,1.0
P4,110,1,69615e8f-925a-4ccd-b07f-e596c1673ba9,0.6737501621246338,Capítulo 9,chapter_09,chapter_09,1,Part_I_Cap_09_Peoples of the Amazon and European Colonization (16th-18th Centuries).pdf,9,9.10,31,Medium-High,Direct,0.5
P4,110,2,f36ff586-b589-4aa6-a8d1-4c2b375bfe5b,0.6845172643661499,Capítulo 9,chapter_09,chapter_09,1,Part_I_Cap_09_Peoples of the Amazon and European Colonization (16th-18th Centuries).pdf,9,9.10,31,Medium-High,Direct,0.5
P4,110,3,37a6ca96-cfe3-47e0-ad25-64fa47d23bbd,0.6949748396873474,Capítulo 9,chapter_09,chapter_09,1,Part_I_Cap_09_Peoples of the Amazon and European Colonization (16th-18th Centuries).pdf,9,9.10,31,Medium-High,Direct,0.5
P4,110,4,2427b6a7-be3f-4500-bdae-755f39a39de6,0.6968221068382263,Capítulo 9,chapter_09,chapter_09,1,Part_I_Cap_09_Peoples of the Amazon and European Colonization (16th-18th Centuries).pdf,9,9.10,32,Medium-High,Direct,0.5
P4,110,5,8471b1f1-9834-482a-aa3f-57aa99d42046,0.7289563417434692,Capítulo 9,chapter_09,chapter_09,1,Part_I_Cap_09_Peoples of the Amazon and European Colonization (16th-18th Centuries).pdf,9,9.10,32,Medium-High,Direct,0.5
P4,116,1,969eee32-0053-43c4-8159-7c186aea4264,0.7358524799346924,Capítulo 11,chapter_11,chapter_11,1,Part_I_Cap_11_Economic Drivers in the Amazon from the 19th Century to the 1970s.pdf,11,11.3,10,Hard,Indirect,0.0
P4,116,2,c6074941-44f9-4eff-98e8-63c69d4ed942,0.7980436086654663,Capítulo 11,chapter_11,chapter_11,1,Part_I_Cap_11_Economic Drivers in the Amazon from the 19th Century to the 1970s.pdf,11,11.3,10,Hard,Indirect,0.0
P4,116,3,0693096d-9198-496b-b3bb-7755c3bb641a,0.8258203864097595,Capítulo 11,chapter_11,chapter_11,1,Part_I_Cap_11_Economic Drivers in the Amazon from the 19th Century to the 1970s.pdf,11,11.1,8,Hard,Indirect,0.0
P4,116,4,8a427711-51ab-4d18-9ec5-a2738759b8fc,0.9027870297431946,Capítulo 11,chapter_11,chapter_11,1,Part_I_Cap_11_Economic Drivers in the Amazon from the 19th Century to the 1970s.pdf,11,11.2,6,Hard,Indirect,0.0
P4,116,5,c79c0694-4c83-4f1a-87a0-ca02fb52bbad,0.911004900932312,Capítulo 11,chapter_11,chapter_02,0,Part_I_Cap_02_Evolution of Amazonian Biodiversity.pdf,2,2.4.4,24,Hard,Indirect,0.0
P4,117,1,90f0468f-25d7-47bb-978e-164fa43576a1,1.0162605047225952,Capítulo 11,chapter_11,chapter_01,0,Part_I_Cap_01_Geology and Geodiversity of the Amazon Three Billion Years of History.pdf,1,1.2.3,10,Medium-Low,Direct,0.25
P4,117,2,015a63db-3a43-48a9-bb0b-f778d4021419,1.0217885971069336,Capítulo 11,chapter_11,chapter_11,1,Part_I_Cap_11_Economic Drivers in the Amazon from the 19th Century to the 1970s.pdf,11,11.2,8,Medium-Low,Direct,0.25
P4,117,3,e2370d1a-e6a4-438b-a9d9-1fd80ddec7b2,1.0276532173156738,Capítulo 11,chapter_11,chapter_01,0,Part_I_Cap_01_Geology and Geodiversity of the Amazon Three Billion Years of History.pdf,1,1.2.3.2,11,Medium-Low,Direct,0.25
P4,117,4,99ef8113-4302-44d6-bf4a-b221e1bb25f3,1.037791132926941,Capítulo 11,chapter_11,chapter_11,1,Part_I_Cap_11_Economic Drivers in the Amazon from the 19th Century to the 1970s.pdf,11,11,4,Medium-Low,Direct,0.25
P4,117,5,bfcf0e30-7a6b-4a14-81da-87963f477385,1.042189121246338,Capítulo 11,chapter_11,chapter_11,1,Part_I_Cap_11_Economic Drivers in the Amazon from the 19th Century to the 1970s.pdf,11,11.3,13,Medium-Low,Direct,0.25
P4,124,1,0baa361b-5fe5-4b3b-b481-a7b5d693e5e8,0.3886391222476959,Capítulo 15,chapter_15,chapter_19,0,Part_II_Cap_19_Drivers and Ecological Impacts of Deforestation and Forest Degradation.pdf,19,19.2,8,Hard,Indirect,0.0
P4,124,2,bb5a6767-dbeb-4763-9639-6e3ac16507da,0.3950377404689789,Capítulo 15,chapter_15,chapter_19,0,Part_II_Cap_19_Drivers and Ecological Impacts of Deforestation and Forest Degradation.pdf,19,19.1,12,Hard,Indirect,0.0
P4,124,3,a568069c-a407-45e7-afb3-65fd53d43a2c,0.407819926738739,Capítulo 15,chapter_15,chapter_19,0,Part_II_Cap_19_Drivers and Ecological Impacts of Deforestation and Forest Degradation.pdf,19,19.7,41,Hard,Indirect,0.0
P4,124,4,ff12b9ed-eaf1-4504-9351-ee421b733129,0.4217827320098877,Capítulo 15,chapter_15,chapter_19,0,Part_II_Cap_19_Drivers and Ecological Impacts of Deforestation and Forest Degradation.pdf,19,19.1,6,Hard,Indirect,0.0
P4,124,5,14186b5b-0d2f-463e-a50e-3c8b2927c848,0.42593109607696533,Capítulo 15,chapter_15,chapter_14,0,"Part_II_Cap_14_Amazon in Motion Changing Politics, Development Strategies, Peoples, Landscapes, and Livelihoods.pdf",14,14.7,66,Hard,Indirect,0.0
P4,125,1,9f0d9c93-ef3f-4403-beb6-4e09d572f741,0.34646931290626526,Capítulo 15,chapter_15,chapter_15,1,"Part_II_Cap_15_Complex, Diverse, and Changing Agribusiness and Livelihood Systems in the Amazon.pdf",15,15.3.1,31,Medium-Low,Direct,0.2
P4,125,2,ad38b50c-591b-49d1-8571-f309af70b0c5,0.3991829752922058,Capítulo 15,chapter_15,chapter_17,0,"Part_II_Cap_17_Globalization, Extractivism, and Social Exclusion Threats and Opportunities to Amazon Governance in Brazil.pdf",17,17.7,34,Medium-Low,Direct,0.2
P4,125,3,67b98729-bb05-4ed6-aa92-130854bc9f92,0.40236571431159973,Capítulo 15,chapter_15,chapter_17,0,"Part_II_Cap_17_Globalization, Extractivism, and Social Exclusion Threats and Opportunities to Amazon Governance in Brazil.pdf",17,17.3,19,Medium-Low,Direct,0.2
P4,125,4,270145cb-0c4d-4803-bd3f-3bb7fea5f06d,0.4125184416770935,Capítulo 15,chapter_15,chapter_14,0,"Part_II_Cap_14_Amazon in Motion Changing Politics, Development Strategies, Peoples, Landscapes, and Livelihoods.pdf",14,14.7,64,Medium-Low,Direct,0.2
P4,125,5,78a78cac-d45d-4c55-ae79-28af66c2e88f,0.4175114631652832,Capítulo 15,chapter_15,chapter_14,0,"Part_II_Cap_14_Amazon in Motion Changing Politics, Development Strategies, Peoples, Landscapes, and Livelihoods.pdf",14,14.7,54,Medium-Low,Direct,0.2
P4,126,1,9871f1f8-b435-46a6-876b-923f11a8d539,1.1989556550979614,Capítulo 15,chapter_15,chapter_33,0,Part_III_Cap_33_Connecting and sharing diverse knowledges to support sustainable pathways in the Amazon.pdf,33,33.2,12,Easy,Direct,0.0
P4,126,2,551cb92d-38c7-4960-9066-bb4520fa990f,1.2248001098632812,Capítulo 15,chapter_15,chapter_33,0,Part_III_Cap_33_Connecting and sharing diverse knowledges to support sustainable pathways in the Amazon.pdf,33,33.2,32,Easy,Direct,0.0
P4,126,3,3204e26b-5f63-4607-a62c-7837e142e8db,1.2422900199890137,Capítulo 15,chapter_15,chapter_33,0,Part_III_Cap_33_Connecting and sharing diverse knowledges to support sustainable pathways in the Amazon.pdf,33,33.2,12,Easy,Direct,0.0
P4,126,4,8b854a10-9dcb-4057-bf0b-03f9c531d444,1.2462897300720215,Capítulo 15,chapter_15,chapter_15,1,"Part_II_Cap_15_Complex, Diverse, and Changing Agribusiness and Livelihood Systems in the Amazon.pdf",15,2.298.177,61,Easy,Direct,0.0
P4,126,5,545c0eb2-c8d1-4e5c-b21c-93fd22f02f61,1.249018669128418,Capítulo 15,chapter_15,chapter_33,0,Part_III_Cap_33_Connecting and sharing diverse knowledges to support sustainable pathways in the Amazon.pdf,33,33.2,39,Easy,Direct,0.0
