question_id;variant;rank;chunk_id;chapter_original;chapter_id;target_id;source;page;section_number;distance;hit
1;P0;1;e3a48771-3257-4b47-99ce-8f167291aa23;6;chapter_06;chapter_06;Part_I_Cap_06_Biogeochemical Cycles in the Amazon.pdf;7;6.2.2.1;0.4185265898704529;1
1;P0;2;b3eeea3c-2558-427d-8dc6-2b9765abe5ea;23;chapter_23;chapter_06;Part_II_Cap_23_Impacts of Deforestation and Climate Change on Biodiversity, Ecological Processes, and Environmental Adaptation.pdf;12;23.1.3;0.48248958587646484;0
1;P0;3;11be150a-1ac8-44d9-8245-b7a534a3235b;4;chapter_04;chapter_06;Part_I_Cap_04_Amazonian Ecosystems and Their Ecological Functions.pdf;6;5.79;0.48580402135849;0
1;P0;4;9789ba69-21bd-4ae5-be4c-caa3ea38d4b4;29;chapter_29;chapter_06;Part_III_Cap_29_Restoration priorities and benefits within landscapes and catchments and across the Amazon Basin.pdf;8;2.4;0.5021140575408936;0
1;P0;5;d62a549c-c64a-4ec6-854c-585b787fcac3;23;chapter_23;chapter_06;Part_II_Cap_23_Impacts of Deforestation and Climate Change on Biodiversity, Ecological Processes, and Environmental Adaptation.pdf;13;23.1.3;0.5185999274253845;0
1;P0;6;15aa94f1-7599-4281-a315-560c3539fdcc;6;chapter_06;chapter_06;Part_I_Cap_06_Biogeochemical Cycles in the Amazon.pdf;9;6.2;0.5282889604568481;1
1;P0;7;16d8ff29-984e-476b-a6c5-8f3c9fe1ab47;4;chapter_04;chapter_06;Part_I_Cap_04_Amazonian Ecosystems and Their Ecological Functions.pdf;20;4.3.1.1;0.5440614223480225;0
1;P0;8;dbb44653-d774-4940-a228-22fa4b8c4e12;23;chapter_23;chapter_06;Part_II_Cap_23_Impacts of Deforestation and Climate Change on Biodiversity, Ecological Processes, and Environmental Adaptation.pdf;14;23.2;0.5455914735794067;0
1;P0;9;54a4e8e9-156f-4b51-8358-2611aeb08662;6;chapter_06;chapter_06;Part_I_Cap_06_Biogeochemical Cycles in the Amazon.pdf;11;6.2.2.4;0.5501264333724976;1
1;P0;10;dda5fb9d-bc72-48ad-ad39-5baaed980f13;23;chapter_23;chapter_06;Part_II_Cap_23_Impacts of Deforestation and Climate Change on Biodiversity, Ecological Processes, and Environmental Adaptation.pdf;12;23.1.3;0.5501331090927124;0
2;P0;1;ba9d66b4-3318-4698-baab-355b4f374831;34;chapter_34;chapter_34;Part_III_Cap_34_Boosting relations between the Amazon forest and its globalizing cities.pdf;19;34.10.1;0.4551845192909241;1
2;P0;2;6d7bfb46-0ec4-45ae-a5e8-82277e89e539;34;chapter_34;chapter_34;Part_III_Cap_34_Boosting relations between the Amazon forest and its globalizing cities.pdf;20;34.10.1;0.480438768863678;1
2;P0;3;af8a874d-0970-4404-8251-2b4db004f2c7;34;chapter_34;chapter_34;Part_III_Cap_34_Boosting relations between the Amazon forest and its globalizing cities.pdf;17;34.5;0.4938547909259796;1
2;P0;4;f19de105-2e1d-4fd1-8e64-85eb51e65e01;34;chapter_34;chapter_34;Part_III_Cap_34_Boosting relations between the Amazon forest and its globalizing cities.pdf;19;34.10.1;0.5000412464141846;1
2;P0;5;836c1d5d-f6c7-43f2-803b-443d400dfa7c;34;chapter_34;chapter_34;Part_III_Cap_34_Boosting relations between the Amazon forest and its globalizing cities.pdf;6;34;0.5087337493896484;1
2;P0;6;73554937-6c4b-441b-b56c-ddb5eeceaeb9;34;chapter_34;chapter_34;Part_III_Cap_34_Boosting relations between the Amazon forest and its globalizing cities.pdf;6;34.1;0.525846004486084;1
2;P0;7;2bd681fa-c171-4ccd-9b44-6080ab96930c;34;chapter_34;chapter_34;Part_III_Cap_34_Boosting relations between the Amazon forest and its globalizing cities.pdf;7;34.1;0.5277540683746338;1
2;P0;8;f43623cf-ad02-43a1-a666-c9a3735e2c10;34;chapter_34;chapter_34;Part_III_Cap_34_Boosting relations between the Amazon forest and its globalizing cities.pdf;7;34.1.1;0.5333344340324402;1
2;P0;9;7b04d434-4458-493e-93cb-d3dd617d8e8b;34;chapter_34;chapter_34;Part_III_Cap_34_Boosting relations between the Amazon forest and its globalizing cities.pdf;11;34.3;0.5340933799743652;1
2;P0;10;b61bd214-5c87-4068-8e09-0aaa54e5e341;34;chapter_34;chapter_34;Part_III_Cap_34_Boosting relations between the Amazon forest and its globalizing cities.pdf;9;34.1;0.537068247795105;1
3;P0;1;979cc96a-6d2e-4bf5-b0d5-d9f27af7121a;33;chapter_33;chapter_33;Part_III_Cap_33_Connecting and sharing diverse knowledges to support sustainable pathways in the Amazon.pdf;26;33.2;0.5073878169059753;1
3;P0;2;07d3f1c6-4400-4103-b85b-e6d98303881d;31;chapter_31;chapter_33;Part_III_Cap_31_Strengthening land and natural resource governance and management Protected areas, Indigenous lands, and local communities’ territories.pdf;16;31.2.1;0.6116183400154114;0
3;P0;3;eafcaa32-8612-4266-aee6-4f2bf77ef648;33;chapter_33;chapter_33;Part_III_Cap_33_Connecting and sharing diverse knowledges to support sustainable pathways in the Amazon.pdf;14;33.2.1;0.6943769454956055;1
3;P0;4;9848129e-4265-4b1d-8d46-090c6f9d8147;31;chapter_31;chapter_33;Part_III_Cap_31_Strengthening land and natural resource governance and management Protected areas, Indigenous lands, and local communities’ territories.pdf;8;24.3;0.6949727535247803;0
3;P0;5;57ab5a69-44ed-4372-a92b-c17bb553d28f;31;chapter_31;chapter_33;Part_III_Cap_31_Strengthening land and natural resource governance and management Protected areas, Indigenous lands, and local communities’ territories.pdf;21;31.2.4;0.7187550663948059;0
3;P0;6;52882f50-7f66-4917-bc9e-05215462daa0;18;chapter_18;chapter_33;Part_II_Cap_18_Globalization, Extractivism, and Social Exclusion Country-Specific Manifestations.pdf;17;18.2.1;0.7277688980102539;0
3;P0;7;425c3ab0-723f-48a1-9795-5177f3997934;31;chapter_31;chapter_33;Part_III_Cap_31_Strengthening land and natural resource governance and management Protected areas, Indigenous lands, and local communities’ territories.pdf;20;31.2.4;0.7319062948226929;0
3;P0;8;aeec9135-3475-41e8-ab45-d45a07c608fc;33;chapter_33;chapter_33;Part_III_Cap_33_Connecting and sharing diverse knowledges to support sustainable pathways in the Amazon.pdf;26;33.2;0.7436681985855103;1
3;P0;9;d62e41a6-6232-4fdd-bb88-f967dd8aaf96;31;chapter_31;chapter_33;Part_III_Cap_31_Strengthening land and natural resource governance and management Protected areas, Indigenous lands, and local communities’ territories.pdf;5;31;0.7492293119430542;0
3;P0;10;163353f7-26ca-447c-b594-1158adfc11f0;31;chapter_31;chapter_33;Part_III_Cap_31_Strengthening land and natural resource governance and management Protected areas, Indigenous lands, and local communities’ territories.pdf;21;31.2.4;0.7497811317443848;0
4;P0;1;bf60317b-45e7-4279-b25b-bbab8756b7be;28;chapter_28;chapter_28;Part_III_Cap_28_Restoration options for the Amazon.pdf;22;28.5;0.36498674750328064;1
4;P0;2;ffb90566-4a23-49bb-a2c8-be4b2407e551;28;chapter_28;chapter_28;Part_III_Cap_28_Restoration options for the Amazon.pdf;23;28.5;0.3993355631828308;1
4;P0;3;415dda9c-7f14-4c98-bf8b-f3057a189dcc;28;chapter_28;chapter_28;Part_III_Cap_28_Restoration options for the Amazon.pdf;23;28.5;0.4052121639251709;1
4;P0;4;b5fd2505-3291-413e-a184-82ac62f122e9;28;chapter_28;chapter_28;Part_III_Cap_28_Restoration options for the Amazon.pdf;5;28;0.555992066860199;1
4;P0;5;6dce0367-5095-40ef-8af6-9c48bf0ab239;28;chapter_28;chapter_28;Part_III_Cap_28_Restoration options for the Amazon.pdf;8;28.2.5;0.5654920935630798;1
4;P0;6;4a9e206b-60c9-4660-9031-e67c5cca8c3a;29;chapter_29;chapter_28;Part_III_Cap_29_Restoration priorities and benefits within landscapes and catchments and across the Amazon Basin.pdf;6;29.1;0.5663907527923584;0
4;P0;7;c0d63047-d171-44ff-aa56-275e3f369ba6;28;chapter_28;chapter_28;Part_III_Cap_28_Restoration options for the Amazon.pdf;8;28.3;0.584298849105835;1
4;P0;8;77a63a3e-28a4-4983-86c0-a07de17f15c9;28;chapter_28;chapter_28;Part_III_Cap_28_Restoration options for the Amazon.pdf;6;28.2;0.5870088338851929;1
4;P0;9;51ee33f4-e182-48c9-b351-047fb3ed22c2;28;chapter_28;chapter_28;Part_III_Cap_28_Restoration options for the Amazon.pdf;6;28.2;0.5937479734420776;1
4;P0;10;22b61b94-43a7-4e84-9444-8fcb60ff52f1;28;chapter_28;chapter_28;Part_III_Cap_28_Restoration options for the Amazon.pdf;23;28.6;0.6149970293045044;1
5;P0;1;e91568ee-e947-423b-aed7-a257818fa5a9;19;chapter_19;chapter_19;Part_II_Cap_19_Drivers and Ecological Impacts of Deforestation and Forest Degradation.pdf;30;19.4.3;1.095700740814209;1
5;P0;2;39415afe-9462-49f9-89e6-304b6d1ce425;27;chapter_27;chapter_19;Part_III_Cap_27_Conservation measures to counter the main threats to Amazonian biodiversity.pdf;8;27.3.4;1.28909170627594;0
5;P0;3;50ffce4e-c7b8-46c2-8383-e2b75f981209;19;chapter_19;chapter_19;Part_II_Cap_19_Drivers and Ecological Impacts of Deforestation and Forest Degradation.pdf;33;19.6;1.2931197881698608;1
5;P0;4;f0b6109c-3d60-42dc-a896-6e5d18c5791b;19;chapter_19;chapter_19;Part_II_Cap_19_Drivers and Ecological Impacts of Deforestation and Forest Degradation.pdf;31;19.14;1.3688533306121826;1
5;P0;5;66036aea-f212-4d2a-9c89-0ff70400247e;19;chapter_19;chapter_19;Part_II_Cap_19_Drivers and Ecological Impacts of Deforestation and Forest Degradation.pdf;31;19.4.3;1.3898075819015503;1
5;P0;6;c104aa3e-5bc1-4a58-8cbd-90e37d2e472c;19;chapter_19;chapter_19;Part_II_Cap_19_Drivers and Ecological Impacts of Deforestation and Forest Degradation.pdf;30;19.4.3;1.4167907238006592;1
5;P0;7;de0c7220-208b-42d4-a531-97099ecea7a7;27;chapter_27;chapter_19;Part_III_Cap_27_Conservation measures to counter the main threats to Amazonian biodiversity.pdf;9;27.3.4;1.423203706741333;0
5;P0;8;84a55364-f2d6-4bf4-bd76-87b62bf8b69e;19;chapter_19;chapter_19;Part_II_Cap_19_Drivers and Ecological Impacts of Deforestation and Forest Degradation.pdf;31;19.14;1.4375026226043701;1
5;P0;9;bf3d6657-1340-4c2c-857b-fcd51c68e8e9;29;chapter_29;chapter_19;Part_III_Cap_29_Restoration priorities and benefits within landscapes and catchments and across the Amazon Basin.pdf;17;29.4;1.473073959350586;0
5;P0;10;e31eca2b-ddb0-43d9-a5fe-6fe7b5d48013;29;chapter_29;chapter_19;Part_III_Cap_29_Restoration priorities and benefits within landscapes and catchments and across the Amazon Basin.pdf;17;29.4;1.475266933441162;0
6;P0;1;27ab2d5a-0e82-4d9f-bd27-3982194b3237;32;chapter_32;chapter_32;Part_III_Cap_32_Milestones and challenges in the construction and expansion of participatory intercultural education in the Amazon.pdf;18;32.5.4;0.8523043990135193;1
6;P0;2;ca3c4263-829f-4844-9126-6ada70622486;32;chapter_32;chapter_32;Part_III_Cap_32_Milestones and challenges in the construction and expansion of participatory intercultural education in the Amazon.pdf;18;32.5.4;0.8831315636634827;1
6;P0;3;1df84123-5e50-480d-8f71-43c3f68de540;32;chapter_32;chapter_32;Part_III_Cap_32_Milestones and challenges in the construction and expansion of participatory intercultural education in the Amazon.pdf;19;32.5.4;0.9437158703804016;1
6;P0;4;f44e1468-67e5-49ee-823c-ce7344c1b4ae;32;chapter_32;chapter_32;Part_III_Cap_32_Milestones and challenges in the construction and expansion of participatory intercultural education in the Amazon.pdf;11;32.5.1;0.9801641702651978;1
6;P0;5;076f9b9d-1696-452a-8c40-4ce1c26cfe5d;32;chapter_32;chapter_32;Part_III_Cap_32_Milestones and challenges in the construction and expansion of participatory intercultural education in the Amazon.pdf;22;32.6;0.9829421043395996;1
6;P0;6;c19179d3-eba0-4357-a1d5-98953ea57c85;32;chapter_32;chapter_32;Part_III_Cap_32_Milestones and challenges in the construction and expansion of participatory intercultural education in the Amazon.pdf;19;32.5.4;0.991129457950592;1
6;P0;7;a90efa6e-7bf1-4b6c-a53c-cfa24ff0fd5d;32;chapter_32;chapter_32;Part_III_Cap_32_Milestones and challenges in the construction and expansion of participatory intercultural education in the Amazon.pdf;10;32.4;1.0022016763687134;1
6;P0;8;03ecb5fc-2d9a-454d-b2ff-7e155a2ac6f5;32;chapter_32;chapter_32;Part_III_Cap_32_Milestones and challenges in the construction and expansion of participatory intercultural education in the Amazon.pdf;8;32.2;1.0093915462493896;1
6;P0;9;3d3bd03a-4813-4e06-8303-7e37ebd2bf55;32;chapter_32;chapter_32;Part_III_Cap_32_Milestones and challenges in the construction and expansion of participatory intercultural education in the Amazon.pdf;9;32.3;1.0289039611816406;1
6;P0;10;193f2fbf-74fd-4fc5-917f-7dcf855efdeb;32;chapter_32;chapter_32;Part_III_Cap_32_Milestones and challenges in the construction and expansion of participatory intercultural education in the Amazon.pdf;10;32.5;1.0289981365203857;1
7;P0;1;fdf47690-4eae-4ad6-81c0-0e9fea8865a8;34;chapter_34;chapter_34;Part_III_Cap_34_Boosting relations between the Amazon forest and its globalizing cities.pdf;14;34.6;0.39362528920173645;1
7;P0;2;94ed2f66-8d52-4386-85c8-f16fee75e2ee;34;chapter_34;chapter_34;Part_III_Cap_34_Boosting relations between the Amazon forest and its globalizing cities.pdf;14;34.6;0.48966237902641296;1
7;P0;3;f8cef3c1-6dc8-4836-932e-8d5eeba4552c;34;chapter_34;chapter_34;Part_III_Cap_34_Boosting relations between the Amazon forest and its globalizing cities.pdf;14;34.6;0.5623135566711426;1
7;P0;4;28317217-8ddf-4a28-a315-7ac3c48da142;34;chapter_34;chapter_34;Part_III_Cap_34_Boosting relations between the Amazon forest and its globalizing cities.pdf;14;34.6;0.5803648829460144;1
7;P0;5;e8ea0dbc-c88d-4ff4-8730-cfe84dcf0893;21;chapter_21;chapter_34;Part_II_Cap_21_Human Well-Being and Health Impacts of the Degradation of Terrestrial and Aquatic Ecosystems.pdf;16;21.3;0.5847708582878113;0
7;P0;6;3ad197e4-28a5-4cab-b987-74da05ebfa16;21;chapter_21;chapter_34;Part_II_Cap_21_Human Well-Being and Health Impacts of the Degradation of Terrestrial and Aquatic Ecosystems.pdf;20;21.8;0.5971163511276245;0
7;P0;7;09257443-5496-4ed2-853d-ecd8c1113d60;34;chapter_34;chapter_34;Part_III_Cap_34_Boosting relations between the Amazon forest and its globalizing cities.pdf;14;34.6;0.6019688844680786;1
7;P0;8;1d412f1f-52c3-432d-9382-910c7a22a6e5;14;chapter_14;chapter_34;Part_II_Cap_14_Amazon in Motion Changing Politics, Development Strategies, Peoples, Landscapes, and Livelihoods.pdf;43;14.4.4;0.6623021364212036;0
7;P0;9;e4d7f5f3-9fc5-403c-911a-e138b9f49e3d;14;chapter_14;chapter_34;Part_II_Cap_14_Amazon in Motion Changing Politics, Development Strategies, Peoples, Landscapes, and Livelihoods.pdf;7;14.3.1;0.6653813719749451;0
7;P0;10;a29c04ce-b624-4146-8c24-7e9f90906c40;34;chapter_34;chapter_34;Part_III_Cap_34_Boosting relations between the Amazon forest and its globalizing cities.pdf;13;34.6;0.6656257510185242;1
8;P0;1;471fbc6a-6f09-4aa3-b0ff-8b6c64be611e;11;chapter_11;chapter_11;Part_I_Cap_11_Economic Drivers in the Amazon from the 19th Century to the 1970s.pdf;12;11.3;0.745776891708374;1
8;P0;2;77755681-58c5-4b5e-bdfc-e6e09295ee8a;11;chapter_11;chapter_11;Part_I_Cap_11_Economic Drivers in the Amazon from the 19th Century to the 1970s.pdf;11;11.3;0.7727807760238647;1
8;P0;3;2126e8e5-54d3-47f2-867e-7bb47e32ae44;11;chapter_11;chapter_11;Part_I_Cap_11_Economic Drivers in the Amazon from the 19th Century to the 1970s.pdf;12;11.3;0.7800682783126831;1
8;P0;4;cb282b2f-e2f1-4c69-9414-fc7bf56eaf5e;11;chapter_11;chapter_11;Part_I_Cap_11_Economic Drivers in the Amazon from the 19th Century to the 1970s.pdf;13;11.3;0.7850826382637024;1
8;P0;5;4202e4b0-9645-4560-ba45-53898da984bd;11;chapter_11;chapter_11;Part_I_Cap_11_Economic Drivers in the Amazon from the 19th Century to the 1970s.pdf;12;11.3;0.7906938791275024;1
8;P0;6;c6db1e15-7f43-49e8-8afa-41dba639f65d;11;chapter_11;chapter_11;Part_I_Cap_11_Economic Drivers in the Amazon from the 19th Century to the 1970s.pdf;13;11.3;0.8036278486251831;1
8;P0;7;7f00103d-30a2-4d12-b44c-a6d309cfd304;11;chapter_11;chapter_11;Part_I_Cap_11_Economic Drivers in the Amazon from the 19th Century to the 1970s.pdf;12;11.3;0.8086395263671875;1
8;P0;8;87911b12-a6e9-4ea8-acfe-16c94d69e310;11;chapter_11;chapter_11;Part_I_Cap_11_Economic Drivers in the Amazon from the 19th Century to the 1970s.pdf;11;11.3;0.8146041631698608;1
8;P0;9;bfcf0e30-7a6b-4a14-81da-87963f477385;11;chapter_11;chapter_11;Part_I_Cap_11_Economic Drivers in the Amazon from the 19th Century to the 1970s.pdf;13;11.3;0.8197338581085205;1
8;P0;10;7dbbdae6-b370-48aa-881d-b1d017b2cfa6;11;chapter_11;chapter_11;Part_I_Cap_11_Economic Drivers in the Amazon from the 19th Century to the 1970s.pdf;12;11.3;0.8227861523628235;1
9;P0;1;737ce6b6-210e-4816-9679-509648231687;16;chapter_16;chapter_17;Part_II_Cap_16_The State of Conservation Policies, Protected Areas, and Indigenous Territories, from the Past to the Present.pdf;12;16.1.1.1;0.8249451518058777;0
9;P0;2;f45cd2ad-8dea-417e-81d8-cc9a2468f076;16;chapter_16;chapter_17;Part_II_Cap_16_The State of Conservation Policies, Protected Areas, and Indigenous Territories, from the Past to the Present.pdf;15;16.1;0.8260888457298279;0
9;P0;3;8e825530-1bf7-4be8-8128-d2bf18636c39;16;chapter_16;chapter_17;Part_II_Cap_16_The State of Conservation Policies, Protected Areas, and Indigenous Territories, from the Past to the Present.pdf;9;16.1.1;0.830375611782074;0
9;P0;4;7df28dcf-90e2-4ada-bbed-94544a220a34;16;chapter_16;chapter_17;Part_II_Cap_16_The State of Conservation Policies, Protected Areas, and Indigenous Territories, from the Past to the Present.pdf;14;16.1;0.836889386177063;0
9;P0;5;4e6e1c22-8611-4929-8586-d8624765c8b6;16;chapter_16;chapter_17;Part_II_Cap_16_The State of Conservation Policies, Protected Areas, and Indigenous Territories, from the Past to the Present.pdf;17;16.4;0.8855977654457092;0
9;P0;6;1c7b20d7-12fd-4311-bcfa-9a5775c2e10a;16;chapter_16;chapter_17;Part_II_Cap_16_The State of Conservation Policies, Protected Areas, and Indigenous Territories, from the Past to the Present.pdf;9;16.1.1;0.8928301930427551;0
9;P0;7;f36459a4-f478-4e51-8023-8190ec470d09;16;chapter_16;chapter_17;Part_II_Cap_16_The State of Conservation Policies, Protected Areas, and Indigenous Territories, from the Past to the Present.pdf;18;16.15;0.8947084546089172;0
9;P0;8;fd41b4ea-5770-4bd5-bb94-354d61b01dc9;16;chapter_16;chapter_17;Part_II_Cap_16_The State of Conservation Policies, Protected Areas, and Indigenous Territories, from the Past to the Present.pdf;27;16.3.2.1;0.9188652634620667;0
9;P0;9;4a521372-7ecb-4269-a7e5-5af28346c197;16;chapter_16;chapter_17;Part_II_Cap_16_The State of Conservation Policies, Protected Areas, and Indigenous Territories, from the Past to the Present.pdf;9;16.1.1;0.9341966509819031;0
9;P0;10;8e1ca21d-c6b3-4b78-b683-f78819e21730;16;chapter_16;chapter_17;Part_II_Cap_16_The State of Conservation Policies, Protected Areas, and Indigenous Territories, from the Past to the Present.pdf;27;16.3.2.1;0.9370732307434082;0
10;P0;1;178a41b2-c2e3-4920-864b-f2c0f13da847;1;chapter_01;chapter_06;Part_I_Cap_01_Geology and Geodiversity of the Amazon Three Billion Years of History.pdf;21;1.5;0.378353089094162;0
10;P0;2;239a10bb-cde6-451b-a626-13469ba73c7a;6;chapter_06;chapter_06;Part_I_Cap_06_Biogeochemical Cycles in the Amazon.pdf;21;6.3.2;0.4370371401309967;1
10;P0;3;0d1f89d3-ec62-4718-9f92-3235d4381f27;6;chapter_06;chapter_06;Part_I_Cap_06_Biogeochemical Cycles in the Amazon.pdf;18;6.3;0.4625590145587921;1
10;P0;4;3f0d8405-eb2f-4eba-a23a-1a11563a8778;6;chapter_06;chapter_06;Part_I_Cap_06_Biogeochemical Cycles in the Amazon.pdf;19;8.85;0.500531017780304;1
10;P0;5;ba5a94a7-fdd3-49ee-90d3-86c9ab6d7ce9;6;chapter_06;chapter_06;Part_I_Cap_06_Biogeochemical Cycles in the Amazon.pdf;10;6.2.2.2;0.5407829284667969;1
10;P0;6;e95ab583-f6a4-4996-9a25-9f47239d6074;1;chapter_01;chapter_06;Part_I_Cap_01_Geology and Geodiversity of the Amazon Three Billion Years of History.pdf;21;1.5;0.5782102346420288;0
10;P0;7;c49f52fc-4f9a-4653-b76d-13fecec5f833;6;chapter_06;chapter_06;Part_I_Cap_06_Biogeochemical Cycles in the Amazon.pdf;10;6.2.2.2;0.5785677433013916;1
10;P0;8;75e48ad0-6387-456b-b8b6-7969435b60eb;6;chapter_06;chapter_06;Part_I_Cap_06_Biogeochemical Cycles in the Amazon.pdf;21;6.3.2;0.5889163613319397;1
10;P0;9;6059da8e-030d-43ae-8273-fc001cff7750;6;chapter_06;chapter_06;Part_I_Cap_06_Biogeochemical Cycles in the Amazon.pdf;20;6.3.1;0.6057945489883423;1
10;P0;10;b209cfe4-c5ed-439c-990e-40eeda5541bc;6;chapter_06;chapter_06;Part_I_Cap_06_Biogeochemical Cycles in the Amazon.pdf;21;6.3.2;0.6189936399459839;1
11;P0;1;75bf3cb8-d496-42c0-9c2e-4ac294248994;11;chapter_11;chapter_17;Part_I_Cap_11_Economic Drivers in the Amazon from the 19th Century to the 1970s.pdf;13;11.4;0.4213167428970337;0
11;P0;2;5335cb79-3883-4888-96bc-943a62a7ad48;11;chapter_11;chapter_17;Part_I_Cap_11_Economic Drivers in the Amazon from the 19th Century to the 1970s.pdf;13;11.4;0.44140639901161194;0
11;P0;3;e5c40499-5a05-4904-8e80-998530c9f880;11;chapter_11;chapter_17;Part_I_Cap_11_Economic Drivers in the Amazon from the 19th Century to the 1970s.pdf;5;11;0.46782639622688293;0
11;P0;4;65a1b200-afbb-43c6-a6eb-6122cf8f71a7;11;chapter_11;chapter_17;Part_I_Cap_11_Economic Drivers in the Amazon from the 19th Century to the 1970s.pdf;7;11.2;0.4750278890132904;0
11;P0;5;a4fa2a1a-9555-4d5e-911d-1d0b067a6599;11;chapter_11;chapter_17;Part_I_Cap_11_Economic Drivers in the Amazon from the 19th Century to the 1970s.pdf;14;11.4;0.48260748386383057;0
11;P0;6;08bf7409-15f2-42bc-b3d7-20a699116b0f;11;chapter_11;chapter_17;Part_I_Cap_11_Economic Drivers in the Amazon from the 19th Century to the 1970s.pdf;5;11;0.48891255259513855;0
11;P0;7;3c2cf3e6-1e92-4254-a444-d61b129306be;14;chapter_14;chapter_17;Part_II_Cap_14_Amazon in Motion Changing Politics, Development Strategies, Peoples, Landscapes, and Livelihoods.pdf;16;14.2;0.5140199065208435;0
11;P0;8;3cdd498a-7714-42a9-8f69-f38a5619a2ba;11;chapter_11;chapter_17;Part_I_Cap_11_Economic Drivers in the Amazon from the 19th Century to the 1970s.pdf;17;11.5;0.5184321403503418;0
11;P0;9;869b9719-ef66-46fe-8b8c-c4b04734c639;11;chapter_11;chapter_17;Part_I_Cap_11_Economic Drivers in the Amazon from the 19th Century to the 1970s.pdf;20;11.6;0.5232411623001099;0
11;P0;10;8ac68c15-7dae-43e9-8bad-659a314b6263;11;chapter_11;chapter_17;Part_I_Cap_11_Economic Drivers in the Amazon from the 19th Century to the 1970s.pdf;14;11.4;0.5233012437820435;0
12;P0;1;51ee33f4-e182-48c9-b351-047fb3ed22c2;28;chapter_28;chapter_28;Part_III_Cap_28_Restoration options for the Amazon.pdf;6;28.2;0.349185585975647;1
12;P0;2;d304e9a5-acd8-41cf-b145-c4fd3c924354;28;chapter_28;chapter_28;Part_III_Cap_28_Restoration options for the Amazon.pdf;7;28.2.5;0.3638337552547455;1
12;P0;3;e45cb6e5-692e-4467-babc-f922b941b500;28;chapter_28;chapter_28;Part_III_Cap_28_Restoration options for the Amazon.pdf;7;28.2.2;0.3684832453727722;1
12;P0;4;ece06363-4bae-47b0-b302-85270d8acfb8;28;chapter_28;chapter_28;Part_III_Cap_28_Restoration options for the Amazon.pdf;6;28.2;0.3701852560043335;1
12;P0;5;b5fd2505-3291-413e-a184-82ac62f122e9;28;chapter_28;chapter_28;Part_III_Cap_28_Restoration options for the Amazon.pdf;5;28;0.37217986583709717;1
12;P0;6;77a63a3e-28a4-4983-86c0-a07de17f15c9;28;chapter_28;chapter_28;Part_III_Cap_28_Restoration options for the Amazon.pdf;6;28.2;0.40874385833740234;1
12;P0;7;ffb90566-4a23-49bb-a2c8-be4b2407e551;28;chapter_28;chapter_28;Part_III_Cap_28_Restoration options for the Amazon.pdf;23;28.5;0.43545129895210266;1
12;P0;8;c0d63047-d171-44ff-aa56-275e3f369ba6;28;chapter_28;chapter_28;Part_III_Cap_28_Restoration options for the Amazon.pdf;8;28.3;0.4385763704776764;1
12;P0;9;6dce0367-5095-40ef-8af6-9c48bf0ab239;28;chapter_28;chapter_28;Part_III_Cap_28_Restoration options for the Amazon.pdf;8;28.2.5;0.44345444440841675;1
12;P0;10;07dd6f52-c5d6-473b-9297-29574027b10b;28;chapter_28;chapter_28;Part_III_Cap_28_Restoration options for the Amazon.pdf;6;28.2.1;0.4501499533653259;1
13;P0;1;be9758f2-7c1f-4d50-8952-7dedcb627d4f;33;chapter_33;chapter_33;Part_III_Cap_33_Connecting and sharing diverse knowledges to support sustainable pathways in the Amazon.pdf;35;33.2;0.4681605100631714;1
13;P0;2;b0fe3aab-6161-472c-9f16-b5960caebee0;33;chapter_33;chapter_33;Part_III_Cap_33_Connecting and sharing diverse knowledges to support sustainable pathways in the Amazon.pdf;15;33.2.3;0.49215561151504517;1
13;P0;3;1ce57cc7-dff2-4650-9fbc-91e6223cae60;33;chapter_33;chapter_33;Part_III_Cap_33_Connecting and sharing diverse knowledges to support sustainable pathways in the Amazon.pdf;36;33.2;0.5403776168823242;1
13;P0;4;e694a93a-1f91-4086-8b1c-1b5628bc0c40;33;chapter_33;chapter_33;Part_III_Cap_33_Connecting and sharing diverse knowledges to support sustainable pathways in the Amazon.pdf;36;33.2;0.5561156272888184;1
13;P0;5;76e1723c-7cb3-4042-96cb-526dac2a2448;34;chapter_34;chapter_33;Part_III_Cap_34_Boosting relations between the Amazon forest and its globalizing cities.pdf;15;34.7;0.5671471953392029;0
13;P0;6;b5fb808a-c14f-47c7-a65e-e34dd20e15c4;34;chapter_34;chapter_33;Part_III_Cap_34_Boosting relations between the Amazon forest and its globalizing cities.pdf;15;34.7;0.5729289054870605;0
13;P0;7;48aa9e34-575e-4570-a657-0a1730d54340;33;chapter_33;chapter_33;Part_III_Cap_33_Connecting and sharing diverse knowledges to support sustainable pathways in the Amazon.pdf;36;33.2;0.5938058495521545;1
13;P0;8;2a223869-35c3-495f-a825-ca68e82e2b54;25;chapter_25;chapter_33;Part_III_Cap_25_A Pan-Amazonian sustainable development vision.pdf;28;25.4.3.2;0.6205581426620483;0
13;P0;9;669e2a04-19b2-4846-8f7d-4a25b48744ba;25;chapter_25;chapter_33;Part_III_Cap_25_A Pan-Amazonian sustainable development vision.pdf;15;25.2.5;0.63421630859375;0
13;P0;10;6e698132-98f3-47d9-ae37-59e2f97330d1;32;chapter_32;chapter_33;Part_III_Cap_32_Milestones and challenges in the construction and expansion of participatory intercultural education in the Amazon.pdf;13;32.5.2;0.6342545747756958;0
14;P0;1;c28e24bf-d2cb-490c-8ba0-f59b5f36f5b6;31;chapter_31;chapter_10;Part_III_Cap_31_Strengthening land and natural resource governance and management Protected areas, Indigenous lands, and local communities’ territories.pdf;13;31.3;0.8979183435440063;0
14;P0;2;d0ebba81-b7a9-4191-b02a-0e9f86ed828b;31;chapter_31;chapter_10;Part_III_Cap_31_Strengthening land and natural resource governance and management Protected areas, Indigenous lands, and local communities’ territories.pdf;31;31.6;0.9111431241035461;0
14;P0;3;2cdc6fa5-3ea0-455f-aa4c-6cb31ab670d4;10;chapter_10;chapter_10;Part_I_Cap_10_Critical Interconnections Between the Cultural and Biological Diversity of Amazonian Peoples and Ecosystems.pdf;25;10.7;0.9276185631752014;1
14;P0;4;1396c27d-7a61-4521-ae3f-757252a7174c;14;chapter_14;chapter_10;Part_II_Cap_14_Amazon in Motion Changing Politics, Development Strategies, Peoples, Landscapes, and Livelihoods.pdf;51;14.6;0.9406486749649048;0
14;P0;5;b75153ce-d195-411a-9ff1-a5dadb21c4b4;31;chapter_31;chapter_10;Part_III_Cap_31_Strengthening land and natural resource governance and management Protected areas, Indigenous lands, and local communities’ territories.pdf;14;31.2;0.9500281810760498;0
14;P0;6;0d882ee4-a412-4feb-9fc8-14f5ed6aea31;31;chapter_31;chapter_10;Part_III_Cap_31_Strengthening land and natural resource governance and management Protected areas, Indigenous lands, and local communities’ territories.pdf;15;31.2;0.959259033203125;0
14;P0;7;b119ed46-de98-4ec0-bbe5-329f1606001d;14;chapter_14;chapter_10;Part_II_Cap_14_Amazon in Motion Changing Politics, Development Strategies, Peoples, Landscapes, and Livelihoods.pdf;50;14.6;0.9620059132575989;0
14;P0;8;49b16382-c8bf-4844-a3be-174e54b2ae39;31;chapter_31;chapter_10;Part_III_Cap_31_Strengthening land and natural resource governance and management Protected areas, Indigenous lands, and local communities’ territories.pdf;32;31.6;0.9699445962905884;0
14;P0;9;fc7968e4-fbd9-4eaf-b74c-c18ef57e3d4e;31;chapter_31;chapter_10;Part_III_Cap_31_Strengthening land and natural resource governance and management Protected areas, Indigenous lands, and local communities’ territories.pdf;6;31.1;0.9700452089309692;0
14;P0;10;82503337-4cbc-49e1-b0f8-e984dd2cc668;18;chapter_18;chapter_10;Part_II_Cap_18_Globalization, Extractivism, and Social Exclusion Country-Specific Manifestations.pdf;34;18.6;0.9706308841705322;0
15;P0;1;fa4c75c0-a326-4bc3-839f-1cc4d88c821a;12;chapter_12;chapter_12;Part_I_Cap_12_Languages of the Amazon Dimensions of Diversity.pdf;7;12.3;0.21623559296131134;1
15;P0;2;da63a527-33ee-408b-9c95-730cd0294ec8;12;chapter_12;chapter_12;Part_I_Cap_12_Languages of the Amazon Dimensions of Diversity.pdf;4;12;0.25905129313468933;1
15;P0;3;dfac4de9-f76a-4813-8054-b8fbe42b7a3a;12;chapter_12;chapter_12;Part_I_Cap_12_Languages of the Amazon Dimensions of Diversity.pdf;7;12.3;0.2651416063308716;1
15;P0;4;07a0548f-c5ec-4ac1-8839-3bc0c0a12f10;12;chapter_12;chapter_12;Part_I_Cap_12_Languages of the Amazon Dimensions of Diversity.pdf;22;12.12;0.2672739326953888;1
15;P0;5;19e526ff-c614-47d1-a88e-e98355fad29f;12;chapter_12;chapter_12;Part_I_Cap_12_Languages of the Amazon Dimensions of Diversity.pdf;5;12;0.2768673300743103;1
15;P0;6;4cf80628-5e4e-419b-b52c-d63744e54ecf;12;chapter_12;chapter_12;Part_I_Cap_12_Languages of the Amazon Dimensions of Diversity.pdf;7;12.3;0.27748510241508484;1
15;P0;7;d85d5102-6cd8-4c34-a9d8-8a6d0edf3914;12;chapter_12;chapter_12;Part_I_Cap_12_Languages of the Amazon Dimensions of Diversity.pdf;24;4.4;0.28841811418533325;1
15;P0;8;b7ec6408-01fe-4e5d-82a2-d037dd0a8f37;12;chapter_12;chapter_12;Part_I_Cap_12_Languages of the Amazon Dimensions of Diversity.pdf;6;12.1;0.28912854194641113;1
15;P0;9;8cef9fbf-321a-4aed-97f2-e88304cfd6a7;12;chapter_12;chapter_12;Part_I_Cap_12_Languages of the Amazon Dimensions of Diversity.pdf;10;12.1;0.2893039584159851;1
15;P0;10;0b7cd5fd-18ee-444d-9e4e-af8aa0a7aa14;12;chapter_12;chapter_12;Part_I_Cap_12_Languages of the Amazon Dimensions of Diversity.pdf;23;12.14;0.3073771595954895;1
16;P0;1;60388689-ee93-4147-96f5-99787a879479;1;chapter_01;chapter_01;Part_I_Cap_01_Geology and Geodiversity of the Amazon Three Billion Years of History.pdf;20;1.5;0.9460161924362183;1
16;P0;2;62ef52ce-5007-4a0f-a46f-cd124a72a992;1;chapter_01;chapter_01;Part_I_Cap_01_Geology and Geodiversity of the Amazon Three Billion Years of History.pdf;20;1.3;0.9479728937149048;1
16;P0;3;68e1f344-3ae9-4d3a-a9df-dcbd4e5313fe;1;chapter_01;chapter_01;Part_I_Cap_01_Geology and Geodiversity of the Amazon Three Billion Years of History.pdf;8;1.2.1.1;1.0390102863311768;1
16;P0;4;ef7895a0-753e-4e32-8223-af23ab470319;1;chapter_01;chapter_01;Part_I_Cap_01_Geology and Geodiversity of the Amazon Three Billion Years of History.pdf;20;1.5;1.0445383787155151;1
16;P0;5;f6c34051-7340-47e1-8eb1-d36596229cfd;1;chapter_01;chapter_01;Part_I_Cap_01_Geology and Geodiversity of the Amazon Three Billion Years of History.pdf;21;1.4.2;1.0491946935653687;1
16;P0;6;319a09d9-d389-406b-af1d-78427ff14937;1;chapter_01;chapter_01;Part_I_Cap_01_Geology and Geodiversity of the Amazon Three Billion Years of History.pdf;20;1.3;1.0504848957061768;1
16;P0;7;91d9f533-7805-49c5-8ab3-d28e7c30349e;1;chapter_01;chapter_01;Part_I_Cap_01_Geology and Geodiversity of the Amazon Three Billion Years of History.pdf;13;1.4;1.0750854015350342;1
16;P0;8;02b315d1-be20-497d-a547-ce96c52088d9;1;chapter_01;chapter_01;Part_I_Cap_01_Geology and Geodiversity of the Amazon Three Billion Years of History.pdf;9;1.2;1.075380802154541;1
16;P0;9;9cff2b56-d6a3-42f7-b4fa-40d2fbb06594;1;chapter_01;chapter_01;Part_I_Cap_01_Geology and Geodiversity of the Amazon Three Billion Years of History.pdf;21;1.4.2;1.082077980041504;1
16;P0;10;8aee3487-bb57-4f4f-9af2-81be3e65d0ac;1;chapter_01;chapter_01;Part_I_Cap_01_Geology and Geodiversity of the Amazon Three Billion Years of History.pdf;9;1.2;1.083120346069336;1
17;P0;1;0a0f413e-2ca2-46a7-9052-1085fced8199;14;chapter_14;chapter_14;Part_II_Cap_14_Amazon in Motion Changing Politics, Development Strategies, Peoples, Landscapes, and Livelihoods.pdf;9;14.1;0.2936200201511383;1
17;P0;2;5fb6117e-5774-46fb-ad11-def369a3fb20;14;chapter_14;chapter_14;Part_II_Cap_14_Amazon in Motion Changing Politics, Development Strategies, Peoples, Landscapes, and Livelihoods.pdf;10;14.1;0.36475348472595215;1
17;P0;3;95c74c2a-9ea1-43f0-93e4-06091ab0b72c;15;chapter_15;chapter_14;Part_II_Cap_15_Complex, Diverse, and Changing Agribusiness and Livelihood Systems in the Amazon.pdf;43;15.5;0.4511394500732422;0
17;P0;4;799e81fd-d8b1-4458-a4b4-c1f9a74440c8;30;chapter_30;chapter_14;Part_III_Cap_30_Opportunities and challenges for a healthy standing forest and flowing rivers bioeconomy in the Amazon.pdf;34;30.5.3;0.4617941379547119;0
17;P0;5;6fdf1ac8-f3e2-45f0-ae54-efca0148be0e;30;chapter_30;chapter_14;Part_III_Cap_30_Opportunities and challenges for a healthy standing forest and flowing rivers bioeconomy in the Amazon.pdf;54;30.9;0.4676922857761383;0
17;P0;6;08483755-1a24-431d-8bda-51a9cbfbf866;30;chapter_30;chapter_14;Part_III_Cap_30_Opportunities and challenges for a healthy standing forest and flowing rivers bioeconomy in the Amazon.pdf;43;30.7.4;0.4754798412322998;0
17;P0;7;ad1dad69-7495-4456-9b79-a5546b2a6f55;30;chapter_30;chapter_14;Part_III_Cap_30_Opportunities and challenges for a healthy standing forest and flowing rivers bioeconomy in the Amazon.pdf;17;30.4;0.4776079058647156;0
17;P0;8;3f2747d8-5dff-4c7e-960a-6d8c429e460e;15;chapter_15;chapter_14;Part_II_Cap_15_Complex, Diverse, and Changing Agribusiness and Livelihood Systems in the Amazon.pdf;20;15.2.4;0.48002201318740845;0
17;P0;9;7513e06f-490e-47a0-b7d9-3df4f749a752;30;chapter_30;chapter_14;Part_III_Cap_30_Opportunities and challenges for a healthy standing forest and flowing rivers bioeconomy in the Amazon.pdf;49;30.9;0.4882439374923706;0
17;P0;10;a3bddd26-4f83-486d-a899-2a4bb51db82b;25;chapter_25;chapter_14;Part_III_Cap_25_A Pan-Amazonian sustainable development vision.pdf;15;25.2.5;0.49080342054367065;0
18;P0;1;278badf4-acd0-4d28-94c4-e1061548f2bf;23;chapter_23;chapter_22;Part_II_Cap_23_Impacts of Deforestation and Climate Change on Biodiversity, Ecological Processes, and Environmental Adaptation.pdf;24;23.3.2;0.31130319833755493;0
18;P0;2;81c9dadf-b407-4ee6-939b-031e7727a9b1;22;chapter_22;chapter_22;Part_II_Cap_22_Long-Term Variability, Extremes, and Changes in Temperature and Hydro Meteorology.pdf;21;22.3.4;0.36046236753463745;1
18;P0;3;5c554f4c-9b41-4435-a67b-61b40bbd3118;23;chapter_23;chapter_22;Part_II_Cap_23_Impacts of Deforestation and Climate Change on Biodiversity, Ecological Processes, and Environmental Adaptation.pdf;23;23.3.2;0.38288190960884094;0
18;P0;4;e5e84e6a-0794-4b61-9377-b2b64ff70978;23;chapter_23;chapter_22;Part_II_Cap_23_Impacts of Deforestation and Climate Change on Biodiversity, Ecological Processes, and Environmental Adaptation.pdf;24;23.3.2;0.3833787739276886;0
18;P0;5;9b43f6ef-3e55-4fa3-b76f-146e17e9a785;23;chapter_23;chapter_22;Part_II_Cap_23_Impacts of Deforestation and Climate Change on Biodiversity, Ecological Processes, and Environmental Adaptation.pdf;23;23.3.2;0.38892555236816406;0
18;P0;6;f9796880-84d4-46e7-be9c-1c9a81eaf122;23;chapter_23;chapter_22;Part_II_Cap_23_Impacts of Deforestation and Climate Change on Biodiversity, Ecological Processes, and Environmental Adaptation.pdf;27;23.4.3;0.3942718803882599;0
18;P0;7;912e6ef7-e1f6-4b3d-97f6-2c99f501dbd5;5;chapter_05;chapter_22;Part_I_Cap_05_The Physical Hydroclimate System of the Amazon.pdf;22;5.4;0.4131999909877777;0
18;P0;8;aae9fa70-721a-491f-9be4-c250a041218d;23;chapter_23;chapter_22;Part_II_Cap_23_Impacts of Deforestation and Climate Change on Biodiversity, Ecological Processes, and Environmental Adaptation.pdf;23;23.3.2;0.4174475371837616;0
18;P0;9;3c57548e-d046-4a52-b7e4-588f1c08e7e6;22;chapter_22;chapter_22;Part_II_Cap_22_Long-Term Variability, Extremes, and Changes in Temperature and Hydro Meteorology.pdf;21;22.3.4;0.4186377227306366;1
18;P0;10;ba9436ea-25cf-4c54-9617-c5672c61b592;23;chapter_23;chapter_22;Part_II_Cap_23_Impacts of Deforestation and Climate Change on Biodiversity, Ecological Processes, and Environmental Adaptation.pdf;20;23.3;0.42267748713493347;0
19;P0;1;95f8e5e4-a94e-4720-b6c0-9aacdb900674;32;chapter_32;chapter_32;Part_III_Cap_32_Milestones and challenges in the construction and expansion of participatory intercultural education in the Amazon.pdf;31;A32.4;0.8230984210968018;1
19;P0;2;e8b49e6d-7b1b-4e99-ac89-8e11e91075e5;32;chapter_32;chapter_32;Part_III_Cap_32_Milestones and challenges in the construction and expansion of participatory intercultural education in the Amazon.pdf;7;32.2;0.8335719108581543;1
19;P0;3;f6427264-fc37-4cbe-a44f-d09f106005b1;32;chapter_32;chapter_32;Part_III_Cap_32_Milestones and challenges in the construction and expansion of participatory intercultural education in the Amazon.pdf;8;32.2;0.8357899188995361;1
19;P0;4;4685ae99-4294-4e29-b1f8-f2c85ed7f0cf;32;chapter_32;chapter_32;Part_III_Cap_32_Milestones and challenges in the construction and expansion of participatory intercultural education in the Amazon.pdf;30;A32.4;0.8380242586135864;1
19;P0;5;0a0e4925-14ab-43f5-ad5d-bcc57e4bb0ea;32;chapter_32;chapter_32;Part_III_Cap_32_Milestones and challenges in the construction and expansion of participatory intercultural education in the Amazon.pdf;8;32.2;0.8433558344841003;1
19;P0;6;a66f5505-4421-4720-baaf-801ad897fe0f;32;chapter_32;chapter_32;Part_III_Cap_32_Milestones and challenges in the construction and expansion of participatory intercultural education in the Amazon.pdf;29;A32.4;0.844117283821106;1
19;P0;7;1b451149-44c3-4686-aa2b-bc36a06696f5;32;chapter_32;chapter_32;Part_III_Cap_32_Milestones and challenges in the construction and expansion of participatory intercultural education in the Amazon.pdf;30;A32.4;0.8496640920639038;1
19;P0;8;441b2796-4cd5-4265-9fd5-6796648ac1ca;32;chapter_32;chapter_32;Part_III_Cap_32_Milestones and challenges in the construction and expansion of participatory intercultural education in the Amazon.pdf;31;A32.6;0.8613882064819336;1
19;P0;9;1c553f0e-113c-4c64-9039-dd090f972a89;32;chapter_32;chapter_32;Part_III_Cap_32_Milestones and challenges in the construction and expansion of participatory intercultural education in the Amazon.pdf;24;32.7;0.8637664914131165;1
19;P0;10;0055aad5-3708-4101-a73a-210d31f85ca7;32;chapter_32;chapter_32;Part_III_Cap_32_Milestones and challenges in the construction and expansion of participatory intercultural education in the Amazon.pdf;24;32.8;0.8639329671859741;1
20;P0;1;3842f224-4719-4349-a786-43451e26d2ea;12;chapter_12;chapter_12;Part_I_Cap_12_Languages of the Amazon Dimensions of Diversity.pdf;20;12.10;0.22336405515670776;1
20;P0;2;d972e2d4-c832-4be2-8218-b6fb45c38e21;12;chapter_12;chapter_12;Part_I_Cap_12_Languages of the Amazon Dimensions of Diversity.pdf;21;12.10;0.24024388194084167;1
20;P0;3;b57d65a3-822e-42a6-9149-66d8797a4d1e;12;chapter_12;chapter_12;Part_I_Cap_12_Languages of the Amazon Dimensions of Diversity.pdf;22;12.12;0.29534515738487244;1
20;P0;4;292ef5d9-bc83-44c5-aa67-f85225b80476;12;chapter_12;chapter_12;Part_I_Cap_12_Languages of the Amazon Dimensions of Diversity.pdf;20;12.10;0.3146715760231018;1
20;P0;5;19e526ff-c614-47d1-a88e-e98355fad29f;12;chapter_12;chapter_12;Part_I_Cap_12_Languages of the Amazon Dimensions of Diversity.pdf;5;12;0.32658642530441284;1
20;P0;6;07a0548f-c5ec-4ac1-8839-3bc0c0a12f10;12;chapter_12;chapter_12;Part_I_Cap_12_Languages of the Amazon Dimensions of Diversity.pdf;22;12.12;0.33034855127334595;1
20;P0;7;d1806ae7-901a-43d8-bab0-d19a6b4dab86;12;chapter_12;chapter_12;Part_I_Cap_12_Languages of the Amazon Dimensions of Diversity.pdf;23;12.15;0.3361302614212036;1
20;P0;8;a7c26829-cf87-4596-a8f1-65bea96e2484;12;chapter_12;chapter_12;Part_I_Cap_12_Languages of the Amazon Dimensions of Diversity.pdf;20;12.10;0.34096598625183105;1
20;P0;9;98322378-b720-40da-a08a-e4407d97ba76;12;chapter_12;chapter_12;Part_I_Cap_12_Languages of the Amazon Dimensions of Diversity.pdf;20;12.10;0.3435337543487549;1
20;P0;10;18971270-a296-4f86-9f92-503045c81b6b;12;chapter_12;chapter_12;Part_I_Cap_12_Languages of the Amazon Dimensions of Diversity.pdf;20;12.10;0.34357303380966187;1
21;P0;1;b10be960-d519-4902-b641-f48cc7a5c1bb;5;chapter_05;chapter_05;Part_I_Cap_05_The Physical Hydroclimate System of the Amazon.pdf;25;5.5.2;0.39842087030410767;1
21;P0;2;44459ebc-d1b0-417a-8c0a-e3814cb4e931;4;chapter_04;chapter_05;Part_I_Cap_04_Amazonian Ecosystems and Their Ecological Functions.pdf;18;4.2.2.2;0.4892736077308655;0
21;P0;3;8bef5be2-2a07-4c04-b5f6-f71bf5bf9573;4;chapter_04;chapter_05;Part_I_Cap_04_Amazonian Ecosystems and Their Ecological Functions.pdf;19;4.2.2.2;0.4905628561973572;0
21;P0;4;f1727d60-bd57-46d3-abe6-e4d48f8978de;4;chapter_04;chapter_05;Part_I_Cap_04_Amazonian Ecosystems and Their Ecological Functions.pdf;15;4.5;0.49724382162094116;0
21;P0;5;e9136dd0-2c62-4982-b256-b8c147d271e8;4;chapter_04;chapter_05;Part_I_Cap_04_Amazonian Ecosystems and Their Ecological Functions.pdf;18;4.2.2.2;0.5027092695236206;0
21;P0;6;ed74f3bb-b656-4487-9827-852ae4a57bda;4;chapter_04;chapter_05;Part_I_Cap_04_Amazonian Ecosystems and Their Ecological Functions.pdf;18;4.2.2.2;0.5209266543388367;0
21;P0;7;f3b8b0e0-20ea-4906-b34c-23a81f63df4c;6;chapter_06;chapter_05;Part_I_Cap_06_Biogeochemical Cycles in the Amazon.pdf;19;8.85;0.5224641561508179;0
21;P0;8;5281c0b2-b11d-41da-8aca-f6b6fcde5b6a;4;chapter_04;chapter_05;Part_I_Cap_04_Amazonian Ecosystems and Their Ecological Functions.pdf;18;4.2.2.2;0.5383207201957703;0
21;P0;9;538e7893-9f4f-4d60-a36c-d7fc679bb415;5;chapter_05;chapter_05;Part_I_Cap_05_The Physical Hydroclimate System of the Amazon.pdf;29;5.9;0.5487930178642273;1
21;P0;10;69ca3ed0-bbdd-4cdf-8b19-6fe49399e8a9;5;chapter_05;chapter_05;Part_I_Cap_05_The Physical Hydroclimate System of the Amazon.pdf;25;5.5.2;0.5561324954032898;1
22;P0;1;fec5b79f-8155-4bab-a110-8c7159216ebe;33;chapter_33;cross_chapter_2;Part_III_Cap_33_Connecting and sharing diverse knowledges to support sustainable pathways in the Amazon.pdf;17;33.3;0.33396661281585693;0
22;P0;2;592fad2c-0aaf-4683-898b-2f4396894b27;2;cross_chapter_2;cross_chapter_2;Part_I_Cap_02_Cross Chapter 2 Legacy from the Ancestors Amazonian Biocultural Landscapes and Global Sustainability in a Post-COVID-19 World.pdf;6;CC2.4;0.3489581346511841;1
22;P0;3;1ce57cc7-dff2-4650-9fbc-91e6223cae60;33;chapter_33;cross_chapter_2;Part_III_Cap_33_Connecting and sharing diverse knowledges to support sustainable pathways in the Amazon.pdf;36;33.2;0.3655761182308197;0
22;P0;4;0475b87e-5394-4e08-b3fa-7c4be5ebabe2;33;chapter_33;cross_chapter_2;Part_III_Cap_33_Connecting and sharing diverse knowledges to support sustainable pathways in the Amazon.pdf;23;33.1;0.37185096740722656;0
22;P0;5;36595fb7-099c-487d-911c-81a769562964;33;chapter_33;cross_chapter_2;Part_III_Cap_33_Connecting and sharing diverse knowledges to support sustainable pathways in the Amazon.pdf;21;33.1;0.3803175389766693;0
22;P0;6;feb8d6d9-b769-44a6-9585-821ebce76160;25;chapter_25;cross_chapter_2;Part_III_Cap_25_A Pan-Amazonian sustainable development vision.pdf;13;25.2.3;0.38413581252098083;0
22;P0;7;1026956b-e3de-4f9e-99bb-f21b8e63bc06;33;chapter_33;cross_chapter_2;Part_III_Cap_33_Connecting and sharing diverse knowledges to support sustainable pathways in the Amazon.pdf;17;33.3;0.384998619556427;0
22;P0;8;a474ed83-7272-483e-bc9a-ec69ebfd42ad;33;chapter_33;cross_chapter_2;Part_III_Cap_33_Connecting and sharing diverse knowledges to support sustainable pathways in the Amazon.pdf;21;33.1;0.3857124447822571;0
22;P0;9;eceba3dc-9beb-4b97-b5bd-c29632cee08f;31;chapter_31;cross_chapter_2;Part_III_Cap_31_Strengthening land and natural resource governance and management Protected areas, Indigenous lands, and local communities’ territories.pdf;14;31.2;0.3860260844230652;0
22;P0;10;27780194-f43d-4a7d-b6c6-79c24244113e;33;chapter_33;cross_chapter_2;Part_III_Cap_33_Connecting and sharing diverse knowledges to support sustainable pathways in the Amazon.pdf;22;33.1;0.38737648725509644;0
23;P0;1;33c83fd3-cc82-4b9c-8056-e276f7a420ae;30;chapter_30;chapter_29;Part_III_Cap_30_Opportunities and challenges for a healthy standing forest and flowing rivers bioeconomy in the Amazon.pdf;28;30.5.1;0.9388574361801147;0
23;P0;2;b50901fa-dff7-49ad-b1e9-b5e05967b437;29;chapter_29;chapter_29;Part_III_Cap_29_Restoration priorities and benefits within landscapes and catchments and across the Amazon Basin.pdf;20;29.6.1;1.0220043659210205;1
23;P0;3;948705f5-5a73-4b0f-950a-431fac4f1568;29;chapter_29;chapter_29;Part_III_Cap_29_Restoration priorities and benefits within landscapes and catchments and across the Amazon Basin.pdf;22;29.7.3;1.0327341556549072;1
23;P0;4;710e0ace-fcd0-4f03-a3ec-351502278df8;30;chapter_30;chapter_29;Part_III_Cap_30_Opportunities and challenges for a healthy standing forest and flowing rivers bioeconomy in the Amazon.pdf;28;30.5.1;1.0554665327072144;0
23;P0;5;18987230-23dd-49e2-9bc4-e9d193c8bb0a;29;chapter_29;chapter_29;Part_III_Cap_29_Restoration priorities and benefits within landscapes and catchments and across the Amazon Basin.pdf;20;29.6.1;1.0655943155288696;1
23;P0;6;1d9121e5-a907-43c6-b680-98695e728894;34;chapter_34;chapter_29;Part_III_Cap_34_Boosting relations between the Amazon forest and its globalizing cities.pdf;25;34.4;1.1901369094848633;0
23;P0;7;9e9d23c1-c837-459b-9875-8eab388ee249;28;chapter_28;chapter_29;Part_III_Cap_28_Restoration options for the Amazon.pdf;16;28.3.4.3;1.201269507408142;0
23;P0;8;64e6aea1-4ed4-40e4-95c6-4b84226bd49c;29;chapter_29;chapter_29;Part_III_Cap_29_Restoration priorities and benefits within landscapes and catchments and across the Amazon Basin.pdf;22;29.7.3;1.2054228782653809;1
23;P0;9;d2fd1bf0-cc66-4513-afef-29afa9ca8230;29;chapter_29;chapter_29;Part_III_Cap_29_Restoration priorities and benefits within landscapes and catchments and across the Amazon Basin.pdf;19;29.5;1.2134853601455688;1
23;P0;10;e828063c-781a-4403-9f77-37dcaed2404d;34;chapter_34;chapter_29;Part_III_Cap_34_Boosting relations between the Amazon forest and its globalizing cities.pdf;25;34.4;1.2503994703292847;0
24;P0;1;4ea969b7-110b-45eb-9210-25733ff96cb4;34;chapter_34;chapter_34;Part_III_Cap_34_Boosting relations between the Amazon forest and its globalizing cities.pdf;12;34.5;0.6111913919448853;1
24;P0;2;d9b96ca0-472f-48d2-b4f0-b3635db763c3;34;chapter_34;chapter_34;Part_III_Cap_34_Boosting relations between the Amazon forest and its globalizing cities.pdf;13;34.4;0.7099038362503052;1
24;P0;3;08f3e1e2-3d4e-4d50-989b-839d98eaa1fc;34;chapter_34;chapter_34;Part_III_Cap_34_Boosting relations between the Amazon forest and its globalizing cities.pdf;13;34.4;0.749173104763031;1
24;P0;4;0e272250-54ad-4124-9981-cebb1870d9a0;34;chapter_34;chapter_34;Part_III_Cap_34_Boosting relations between the Amazon forest and its globalizing cities.pdf;32;34.10;0.7699818015098572;1
24;P0;5;bace3f41-063b-4177-b9b5-06d1ebdaef54;19;chapter_19;chapter_34;Part_II_Cap_19_Drivers and Ecological Impacts of Deforestation and Forest Degradation.pdf;19;19.3.2.3;0.7792623043060303;0
24;P0;6;82d72140-2c0d-4fc0-b858-128bbfa64620;30;chapter_30;chapter_34;Part_III_Cap_30_Opportunities and challenges for a healthy standing forest and flowing rivers bioeconomy in the Amazon.pdf;10;30.1.1;0.78291916847229;0
24;P0;7;6334d988-649f-49b2-b47b-e7bf86339776;15;chapter_15;chapter_34;Part_II_Cap_15_Complex, Diverse, and Changing Agribusiness and Livelihood Systems in the Amazon.pdf;42;15.4.3;0.7981334328651428;0
24;P0;8;1fb36dd7-a6dc-4cd3-94b0-c97a66c496a1;30;chapter_30;chapter_34;Part_III_Cap_30_Opportunities and challenges for a healthy standing forest and flowing rivers bioeconomy in the Amazon.pdf;40;30.7.1;0.8004615902900696;0
24;P0;9;e260d46a-70a1-46ea-a52d-73e3d9bc60cc;34;chapter_34;chapter_34;Part_III_Cap_34_Boosting relations between the Amazon forest and its globalizing cities.pdf;5;34;0.8009183406829834;1
24;P0;10;6de753b9-6682-4b32-b223-27262df0452e;34;chapter_34;chapter_34;Part_III_Cap_34_Boosting relations between the Amazon forest and its globalizing cities.pdf;21;34.12;0.8159624934196472;1
25;P0;1;8cef9fbf-321a-4aed-97f2-e88304cfd6a7;12;chapter_12;chapter_12;Part_I_Cap_12_Languages of the Amazon Dimensions of Diversity.pdf;10;12.1;0.5819056034088135;1
25;P0;2;811da100-e499-46d9-b679-827ee4be5a08;12;chapter_12;chapter_12;Part_I_Cap_12_Languages of the Amazon Dimensions of Diversity.pdf;6;12.1;0.63963383436203;1
25;P0;3;18971270-a296-4f86-9f92-503045c81b6b;12;chapter_12;chapter_12;Part_I_Cap_12_Languages of the Amazon Dimensions of Diversity.pdf;20;12.10;0.6551884412765503;1
25;P0;4;7d7c664d-9e20-4c83-b982-c8c5e6c42f68;12;chapter_12;chapter_12;Part_I_Cap_12_Languages of the Amazon Dimensions of Diversity.pdf;17;12.9;0.670619547367096;1
25;P0;5;3c77c188-420a-44ad-b891-9255f3a302ac;12;chapter_12;chapter_12;Part_I_Cap_12_Languages of the Amazon Dimensions of Diversity.pdf;8;12.2;0.6734444499015808;1
25;P0;6;da63a527-33ee-408b-9c95-730cd0294ec8;12;chapter_12;chapter_12;Part_I_Cap_12_Languages of the Amazon Dimensions of Diversity.pdf;4;12;0.6873189210891724;1
25;P0;7;19e526ff-c614-47d1-a88e-e98355fad29f;12;chapter_12;chapter_12;Part_I_Cap_12_Languages of the Amazon Dimensions of Diversity.pdf;5;12;0.6911458969116211;1
25;P0;8;07a0548f-c5ec-4ac1-8839-3bc0c0a12f10;12;chapter_12;chapter_12;Part_I_Cap_12_Languages of the Amazon Dimensions of Diversity.pdf;22;12.12;0.6984056830406189;1
25;P0;9;5de30698-d4cc-45e5-b7c2-23d069abdf94;12;chapter_12;chapter_12;Part_I_Cap_12_Languages of the Amazon Dimensions of Diversity.pdf;25;4.4;0.6992501020431519;1
25;P0;10;1ef6c4f2-64fe-4ae5-a71a-1c8bf84ead6d;12;chapter_12;chapter_12;Part_I_Cap_12_Languages of the Amazon Dimensions of Diversity.pdf;10;12.5;0.7014656066894531;1
26;P0;1;12e0f0ff-67c2-4a84-a724-5d5809816257;28;chapter_28;chapter_28;Part_III_Cap_28_Restoration options for the Amazon.pdf;22;28.2;0.5594621300697327;1
26;P0;2;b2ff58ee-c079-499c-97e3-ee3778d038b4;28;chapter_28;chapter_28;Part_III_Cap_28_Restoration options for the Amazon.pdf;22;28.2;0.5732870101928711;1
26;P0;3;b4c85f84-6436-4aa8-adc2-2683a596a933;28;chapter_28;chapter_28;Part_III_Cap_28_Restoration options for the Amazon.pdf;22;28.2;0.6530656218528748;1
26;P0;4;46532844-be82-4c99-9fd4-6695cbaa1116;28;chapter_28;chapter_28;Part_III_Cap_28_Restoration options for the Amazon.pdf;22;28.2;0.6837952136993408;1
26;P0;5;7581ddd1-6827-4475-a4fe-6b6b4bc91e86;28;chapter_28;chapter_28;Part_III_Cap_28_Restoration options for the Amazon.pdf;22;28.2;0.7562617659568787;1
26;P0;6;007b613f-d1a1-4eb1-a776-69db35c04829;28;chapter_28;chapter_28;Part_III_Cap_28_Restoration options for the Amazon.pdf;21;28.4.2.2;0.7857269048690796;1
26;P0;7;43e7a004-e47a-4267-aedc-f561dce442eb;20;chapter_20;chapter_28;Part_II_Cap_20_Drivers and Impacts of Changes in Aquatic Ecosystems.pdf;34;20.13;0.7968736290931702;0
26;P0;8;5ba64110-10a3-4308-880f-2cd9716571d5;28;chapter_28;chapter_28;Part_III_Cap_28_Restoration options for the Amazon.pdf;21;28.4.2.2;0.8078954219818115;1
26;P0;9;cf43530e-23aa-47c0-806a-48fa1acbf70b;28;chapter_28;chapter_28;Part_III_Cap_28_Restoration options for the Amazon.pdf;18;28.4.1;0.8261029720306396;1
26;P0;10;f2eb0b49-0a7a-486e-ac42-47e95c1d48df;28;chapter_28;chapter_28;Part_III_Cap_28_Restoration options for the Amazon.pdf;6;28;0.8364048004150391;1
27;P0;1;c2dd63d3-e1ea-4a2e-8bb8-e931da6214bf;25;chapter_25;chapter_25;Part_III_Cap_25_A Pan-Amazonian sustainable development vision.pdf;18;25.3;0.6536932587623596;1
27;P0;2;6fe3fb8b-2ab2-49c3-80a2-da840ebaa121;33;chapter_33;chapter_25;Part_III_Cap_33_Connecting and sharing diverse knowledges to support sustainable pathways in the Amazon.pdf;22;33.1;0.6758674383163452;0
27;P0;3;c7a0fc05-c2de-4cc4-9e41-98157df9f5af;25;chapter_25;chapter_25;Part_III_Cap_25_A Pan-Amazonian sustainable development vision.pdf;6;25;0.6902561187744141;1
27;P0;4;160c0e6e-e96d-4a39-aeb5-c5eb482375da;25;chapter_25;chapter_25;Part_III_Cap_25_A Pan-Amazonian sustainable development vision.pdf;7;25.1;0.6926512122154236;1
27;P0;5;592b8c32-8e91-4f91-847c-9f8e092632d2;25;chapter_25;chapter_25;Part_III_Cap_25_A Pan-Amazonian sustainable development vision.pdf;8;25.2;0.6960145235061646;1
27;P0;6;fc01344f-0373-40fc-83f7-cd614e37b4c7;25;chapter_25;chapter_25;Part_III_Cap_25_A Pan-Amazonian sustainable development vision.pdf;7;25.1;0.7032963037490845;1
27;P0;7;3e5a7670-2d6e-4643-9680-2925233ebe64;25;chapter_25;chapter_25;Part_III_Cap_25_A Pan-Amazonian sustainable development vision.pdf;22;25.4;0.7075158357620239;1
27;P0;8;01ba618f-b22d-4d20-9f2f-af986bfc1d59;33;chapter_33;chapter_25;Part_III_Cap_33_Connecting and sharing diverse knowledges to support sustainable pathways in the Amazon.pdf;21;33.1;0.709898829460144;0
27;P0;9;e79c3a06-626d-43a0-a556-b8db6378220e;25;chapter_25;chapter_25;Part_III_Cap_25_A Pan-Amazonian sustainable development vision.pdf;28;25.5;0.7136247754096985;1
27;P0;10;b7ce40a7-576b-44be-bd42-fb71e8cf5315;25;chapter_25;chapter_25;Part_III_Cap_25_A Pan-Amazonian sustainable development vision.pdf;8;25.1;0.7140400409698486;1
28;P0;1;c5ef19fc-164a-451a-bfdc-3f3196d868cb;17;chapter_17;chapter_17;Part_II_Cap_17_Globalization, Extractivism, and Social Exclusion Threats and Opportunities to Amazon Governance in Brazil.pdf;21;17.3.2;0.5593017339706421;1
28;P0;2;e786558d-fb60-42ab-9971-c0c94c94bb87;16;chapter_16;chapter_17;Part_II_Cap_16_The State of Conservation Policies, Protected Areas, and Indigenous Territories, from the Past to the Present.pdf;33;16.4;0.691634476184845;0
28;P0;3;15fc1b89-6e92-44cf-be65-c553d1a60dec;25;chapter_25;chapter_17;Part_III_Cap_25_A Pan-Amazonian sustainable development vision.pdf;24;25.4.1.4;0.6996914148330688;0
28;P0;4;03cdf995-b277-4753-88af-7df87f1092f9;16;chapter_16;chapter_17;Part_II_Cap_16_The State of Conservation Policies, Protected Areas, and Indigenous Territories, from the Past to the Present.pdf;13;16.1.1.1;0.7019152641296387;0
28;P0;5;697de077-2c75-4db3-b884-516ce523fbc8;25;chapter_25;chapter_17;Part_III_Cap_25_A Pan-Amazonian sustainable development vision.pdf;14;25.2.4;0.7020724415779114;0
28;P0;6;ca56c9e8-a569-4981-be55-f10b4fd83c1b;17;chapter_17;chapter_17;Part_II_Cap_17_Globalization, Extractivism, and Social Exclusion Threats and Opportunities to Amazon Governance in Brazil.pdf;23;17.3.3;0.7034509181976318;1
28;P0;7;160c0e6e-e96d-4a39-aeb5-c5eb482375da;25;chapter_25;chapter_17;Part_III_Cap_25_A Pan-Amazonian sustainable development vision.pdf;7;25.1;0.7038052678108215;0
28;P0;8;91b65c4e-5cc8-4021-8765-83e12a8d6b8c;29;chapter_29;chapter_17;Part_III_Cap_29_Restoration priorities and benefits within landscapes and catchments and across the Amazon Basin.pdf;23;29.7.4;0.7090740203857422;0
28;P0;9;99081d9c-934b-4e5e-aa44-f21ae5784d5d;25;chapter_25;chapter_17;Part_III_Cap_25_A Pan-Amazonian sustainable development vision.pdf;22;25.4.1.2;0.7100552320480347;0
28;P0;10;97812bee-dd2d-43f5-9607-4c3a2ea88e55;25;chapter_25;chapter_17;Part_III_Cap_25_A Pan-Amazonian sustainable development vision.pdf;34;25.31;0.7122143507003784;0
29;P0;1;da759d2e-a9c0-4440-8c6d-cb35f419ae59;1;chapter_01;chapter_01;Part_I_Cap_01_Geology and Geodiversity of the Amazon Three Billion Years of History.pdf;22;1.5;0.5167592763900757;1
29;P0;2;62ef52ce-5007-4a0f-a46f-cd124a72a992;1;chapter_01;chapter_01;Part_I_Cap_01_Geology and Geodiversity of the Amazon Three Billion Years of History.pdf;20;1.3;0.5267690420150757;1
29;P0;3;f6c34051-7340-47e1-8eb1-d36596229cfd;1;chapter_01;chapter_01;Part_I_Cap_01_Geology and Geodiversity of the Amazon Three Billion Years of History.pdf;21;1.4.2;0.540646493434906;1
29;P0;4;60388689-ee93-4147-96f5-99787a879479;1;chapter_01;chapter_01;Part_I_Cap_01_Geology and Geodiversity of the Amazon Three Billion Years of History.pdf;20;1.5;0.5544180870056152;1
29;P0;5;ef7895a0-753e-4e32-8223-af23ab470319;1;chapter_01;chapter_01;Part_I_Cap_01_Geology and Geodiversity of the Amazon Three Billion Years of History.pdf;20;1.5;0.5594503879547119;1
29;P0;6;9cff2b56-d6a3-42f7-b4fa-40d2fbb06594;1;chapter_01;chapter_01;Part_I_Cap_01_Geology and Geodiversity of the Amazon Three Billion Years of History.pdf;21;1.4.2;0.5685077905654907;1
29;P0;7;92a5b81f-70bd-4a34-b7d4-c1d65f54db9f;6;chapter_06;chapter_01;Part_I_Cap_06_Biogeochemical Cycles in the Amazon.pdf;10;6.2.2.2;0.5731562972068787;0
29;P0;8;d5a53ef7-20e8-422d-98fa-838f32c7322c;1;chapter_01;chapter_01;Part_I_Cap_01_Geology and Geodiversity of the Amazon Three Billion Years of History.pdf;19;1.4;0.5856401324272156;1
29;P0;9;3f0d8405-eb2f-4eba-a23a-1a11563a8778;6;chapter_06;chapter_01;Part_I_Cap_06_Biogeochemical Cycles in the Amazon.pdf;19;8.85;0.6013019680976868;0
29;P0;10;319a09d9-d389-406b-af1d-78427ff14937;1;chapter_01;chapter_01;Part_I_Cap_01_Geology and Geodiversity of the Amazon Three Billion Years of History.pdf;20;1.3;0.6113279461860657;1
30;P0;1;43e0bc7d-06f4-487c-ace4-6c4b43ee5466;25;chapter_25;chapter_25;Part_III_Cap_25_A Pan-Amazonian sustainable development vision.pdf;20;25.3.4;0.43270590901374817;1
30;P0;2;49ce6c37-0b89-419e-8dec-9d9002f196b8;14;chapter_14;chapter_25;Part_II_Cap_14_Amazon in Motion Changing Politics, Development Strategies, Peoples, Landscapes, and Livelihoods.pdf;43;14.4.4;0.47680938243865967;0
30;P0;3;e260d46a-70a1-46ea-a52d-73e3d9bc60cc;34;chapter_34;chapter_25;Part_III_Cap_34_Boosting relations between the Amazon forest and its globalizing cities.pdf;5;34;0.47903838753700256;0
30;P0;4;e5166036-1df4-4630-b023-d1182a2dc2c8;25;chapter_25;chapter_25;Part_III_Cap_25_A Pan-Amazonian sustainable development vision.pdf;20;25.3.4;0.484637975692749;1
30;P0;5;b739a697-b0dd-49c4-ba37-8a1f78ffd869;25;chapter_25;chapter_25;Part_III_Cap_25_A Pan-Amazonian sustainable development vision.pdf;20;25.3.4;0.48856407403945923;1
30;P0;6;01b043a3-a52b-45e6-adda-b06290a2beca;34;chapter_34;chapter_25;Part_III_Cap_34_Boosting relations between the Amazon forest and its globalizing cities.pdf;33;34.10;0.4982824921607971;0
30;P0;7;78bb13d9-5baf-4b41-8314-e8f45de54c09;25;chapter_25;chapter_25;Part_III_Cap_25_A Pan-Amazonian sustainable development vision.pdf;31;25.5;0.5025436282157898;1
30;P0;8;7041c678-2723-435f-9434-379d9c7cce22;34;chapter_34;chapter_25;Part_III_Cap_34_Boosting relations between the Amazon forest and its globalizing cities.pdf;15;34.8;0.5049672722816467;0
30;P0;9;f7a05db3-9857-4416-a6d9-3896ce1c8164;14;chapter_14;chapter_25;Part_II_Cap_14_Amazon in Motion Changing Politics, Development Strategies, Peoples, Landscapes, and Livelihoods.pdf;52;14.6;0.5060433745384216;0
30;P0;10;ea57c75e-c14e-4453-9820-948e3aac5401;14;chapter_14;chapter_25;Part_II_Cap_14_Amazon in Motion Changing Politics, Development Strategies, Peoples, Landscapes, and Livelihoods.pdf;43;14.4.4;0.508582592010498;0
31;P0;1;d899f79d-6f23-416b-890f-ff3c974980ce;22;chapter_22;chapter_22;Part_II_Cap_22_Long-Term Variability, Extremes, and Changes in Temperature and Hydro Meteorology.pdf;12;22.3.1;0.2840244472026825;1
31;P0;2;c7c3050c-8803-4c89-842a-3b550a0bedde;5;chapter_05;chapter_22;Part_I_Cap_05_The Physical Hydroclimate System of the Amazon.pdf;23;5.5.1;0.2870776653289795;0
31;P0;3;57ea590b-ae54-4c06-a1fb-718dd4067317;5;chapter_05;chapter_22;Part_I_Cap_05_The Physical Hydroclimate System of the Amazon.pdf;11;5.2.4.1;0.2971845269203186;0
31;P0;4;7dccb77d-4659-4b53-a141-d94ca8f6b1b7;5;chapter_05;chapter_22;Part_I_Cap_05_The Physical Hydroclimate System of the Amazon.pdf;23;5.5.1;0.3001748025417328;0
31;P0;5;f4fab17d-c6bc-435f-bfdc-42e5be4ff392;5;chapter_05;chapter_22;Part_I_Cap_05_The Physical Hydroclimate System of the Amazon.pdf;9;5.2.1.3;0.30162471532821655;0
31;P0;6;c64412b2-59b8-4e95-ada7-4f4e53eb55f1;5;chapter_05;chapter_22;Part_I_Cap_05_The Physical Hydroclimate System of the Amazon.pdf;23;5.5;0.30474162101745605;0
31;P0;7;bc10b6d1-56b2-455c-a20e-cbde380231fc;5;chapter_05;chapter_22;Part_I_Cap_05_The Physical Hydroclimate System of the Amazon.pdf;11;5.2.4.1;0.3133581280708313;0
31;P0;8;36289990-82bc-42a2-8db9-3553a173e205;22;chapter_22;chapter_22;Part_II_Cap_22_Long-Term Variability, Extremes, and Changes in Temperature and Hydro Meteorology.pdf;11;22.3.1;0.3195667266845703;1
31;P0;9;6971ea79-61a3-4236-a736-1e0bcc0ff431;4;chapter_04;chapter_22;Part_I_Cap_04_Amazonian Ecosystems and Their Ecological Functions.pdf;25;4.3.2;0.326526939868927;0
31;P0;10;bf7b3da2-bc0c-4ebf-819c-dd1eab318283;5;chapter_05;chapter_22;Part_I_Cap_05_The Physical Hydroclimate System of the Amazon.pdf;28;5.9;0.3272474408149719;0
32;P0;1;8fada929-e9f2-4e59-8f7c-1ac72735f6ae;6;chapter_06;chapter_06;Part_I_Cap_06_Biogeochemical Cycles in the Amazon.pdf;30;6.8;0.48966312408447266;1
32;P0;2;de340b8a-b89e-4844-b536-3ab32244facd;6;chapter_06;chapter_06;Part_I_Cap_06_Biogeochemical Cycles in the Amazon.pdf;30;6.8;0.5845686197280884;1
32;P0;3;af15939a-b206-4b99-9fe9-331d2957183a;6;chapter_06;chapter_06;Part_I_Cap_06_Biogeochemical Cycles in the Amazon.pdf;31;6.8;0.6091198921203613;1
32;P0;4;60b5e4a3-50d0-4281-863d-d320c2f2943f;6;chapter_06;chapter_06;Part_I_Cap_06_Biogeochemical Cycles in the Amazon.pdf;29;6.7;0.6288104057312012;1
32;P0;5;e83a38df-619c-46a0-bf2c-dc50cfc4aba4;6;chapter_06;chapter_06;Part_I_Cap_06_Biogeochemical Cycles in the Amazon.pdf;38;6.8;0.6344487071037292;1
32;P0;6;d5634483-db55-49bc-867c-d90acb869bde;6;chapter_06;chapter_06;Part_I_Cap_06_Biogeochemical Cycles in the Amazon.pdf;30;6.8;0.6686117649078369;1
32;P0;7;855f113f-d2fe-4182-a125-d3ae986e7f67;6;chapter_06;chapter_06;Part_I_Cap_06_Biogeochemical Cycles in the Amazon.pdf;31;6.8;0.6705775856971741;1
32;P0;8;6a6ec1ae-9f1a-496b-a802-eb3899951679;6;chapter_06;chapter_06;Part_I_Cap_06_Biogeochemical Cycles in the Amazon.pdf;37;6.8;0.6809587478637695;1
32;P0;9;0f20a36c-2df9-4aa4-ac77-a7d1cd5c82da;6;chapter_06;chapter_06;Part_I_Cap_06_Biogeochemical Cycles in the Amazon.pdf;21;6.3.2;0.6872209310531616;1
32;P0;10;334bf11c-309d-43f5-8f9e-f9c52953a581;7;chapter_07;chapter_06;Part_I_Cap_07_Biogeophysical Cycles Water Recycling, Climate Regulation.pdf;17;7.2.3;0.6904324293136597;0
33;P0;1;6c9e50f8-cd23-4e11-a2a2-641921cf6087;14;chapter_14;chapter_14;Part_II_Cap_14_Amazon in Motion Changing Politics, Development Strategies, Peoples, Landscapes, and Livelihoods.pdf;19;14.1;0.4097374975681305;1
33;P0;2;ca56c9e8-a569-4981-be55-f10b4fd83c1b;17;chapter_17;chapter_14;Part_II_Cap_17_Globalization, Extractivism, and Social Exclusion Threats and Opportunities to Amazon Governance in Brazil.pdf;23;17.3.3;0.46230119466781616;0
33;P0;3;6079f80d-b2b3-4cad-b868-99202180c4d1;14;chapter_14;chapter_14;Part_II_Cap_14_Amazon in Motion Changing Politics, Development Strategies, Peoples, Landscapes, and Livelihoods.pdf;19;14.1;0.488053560256958;1
33;P0;4;a8c57580-4610-4624-a1bb-3d259ed1a812;14;chapter_14;chapter_14;Part_II_Cap_14_Amazon in Motion Changing Politics, Development Strategies, Peoples, Landscapes, and Livelihoods.pdf;20;14.1;0.5091878175735474;1
33;P0;5;742fe23b-7c17-48ac-82b0-bda9ab6345e2;17;chapter_17;chapter_14;Part_II_Cap_17_Globalization, Extractivism, and Social Exclusion Threats and Opportunities to Amazon Governance in Brazil.pdf;23;17.3.3;0.5160141587257385;0
33;P0;6;b69b9fee-75d0-47bb-9d72-313455b51e0e;14;chapter_14;chapter_14;Part_II_Cap_14_Amazon in Motion Changing Politics, Development Strategies, Peoples, Landscapes, and Livelihoods.pdf;16;14.2;0.5248667001724243;1
33;P0;7;1ae97bf0-3dc2-41bb-8ac4-f3b399887f19;14;chapter_14;chapter_14;Part_II_Cap_14_Amazon in Motion Changing Politics, Development Strategies, Peoples, Landscapes, and Livelihoods.pdf;19;14.1;0.5285612344741821;1
33;P0;8;d1f2f78b-ac62-44ec-9100-7a176de52814;14;chapter_14;chapter_14;Part_II_Cap_14_Amazon in Motion Changing Politics, Development Strategies, Peoples, Landscapes, and Livelihoods.pdf;19;14.1;0.5312186479568481;1
33;P0;9;961bb7c8-ed97-45ea-9b64-86de2d203f43;25;chapter_25;chapter_14;Part_III_Cap_25_A Pan-Amazonian sustainable development vision.pdf;16;25.2.5;0.5363054275512695;0
33;P0;10;3961b9ab-8b02-4a73-96a2-11876ae87d77;17;chapter_17;chapter_14;Part_II_Cap_17_Globalization, Extractivism, and Social Exclusion Threats and Opportunities to Amazon Governance in Brazil.pdf;19;17.3;0.5431009531021118;0
34;P0;1;0e31ea7c-40cf-4306-875e-89943af3cdb0;15;chapter_15;chapter_15;Part_II_Cap_15_Complex, Diverse, and Changing Agribusiness and Livelihood Systems in the Amazon.pdf;54;15.1;0.40900760889053345;1
34;P0;2;f7e2bf49-930c-4b5b-96b6-2d58f604d721;15;chapter_15;chapter_15;Part_II_Cap_15_Complex, Diverse, and Changing Agribusiness and Livelihood Systems in the Amazon.pdf;14;15.2.2;0.41017210483551025;1
34;P0;3;effc359d-f463-430f-a604-6a5c8f7e0f62;15;chapter_15;chapter_15;Part_II_Cap_15_Complex, Diverse, and Changing Agribusiness and Livelihood Systems in the Amazon.pdf;53;15.8;0.4744485020637512;1
34;P0;4;09f6a747-5f8c-4a6a-a225-3dc6d374b56d;15;chapter_15;chapter_15;Part_II_Cap_15_Complex, Diverse, and Changing Agribusiness and Livelihood Systems in the Amazon.pdf;8;15.1.1;0.4767463207244873;1
34;P0;5;3b2ef99b-c907-4955-984d-4700a225788b;15;chapter_15;chapter_15;Part_II_Cap_15_Complex, Diverse, and Changing Agribusiness and Livelihood Systems in the Amazon.pdf;10;15.2.1;0.47937777638435364;1
34;P0;6;e17b41c8-5335-4434-862e-9f4871fbe2ef;15;chapter_15;chapter_15;Part_II_Cap_15_Complex, Diverse, and Changing Agribusiness and Livelihood Systems in the Amazon.pdf;6;15;0.4885329604148865;1
34;P0;7;d6ba6086-0fd5-4d4b-b7ca-af5492a46210;15;chapter_15;chapter_15;Part_II_Cap_15_Complex, Diverse, and Changing Agribusiness and Livelihood Systems in the Amazon.pdf;47;15.7;0.49176305532455444;1
34;P0;8;36bf297d-6350-4077-8a4d-6009684d027f;15;chapter_15;chapter_15;Part_II_Cap_15_Complex, Diverse, and Changing Agribusiness and Livelihood Systems in the Amazon.pdf;16;15.2;0.4937303066253662;1
34;P0;9;9bf04a32-bc0b-4919-bba6-38f98b6b07c8;2;cross_chapter_2;chapter_15;Part_I_Cap_02_Cross Chapter 2 Legacy from the Ancestors Amazonian Biocultural Landscapes and Global Sustainability in a Post-COVID-19 World.pdf;4;CC2.1;0.49873676896095276;0
34;P0;10;2575b78a-5bd7-4b8d-b0d0-633e385653f1;15;chapter_15;chapter_15;Part_II_Cap_15_Complex, Diverse, and Changing Agribusiness and Livelihood Systems in the Amazon.pdf;57;0.32;0.4995231032371521;1
35;P0;1;f996a6a6-3ab0-4e30-8130-0ec2b23e058f;7;chapter_07;chapter_07;Part_I_Cap_07_Biogeophysical Cycles Water Recycling, Climate Regulation.pdf;5;7;0.3949752449989319;1
35;P0;2;20c72b9b-bcf6-4695-83e4-c1a141222fe7;5;chapter_05;chapter_07;Part_I_Cap_05_The Physical Hydroclimate System of the Amazon.pdf;22;5.4;0.40230900049209595;0
35;P0;3;158d022e-3cae-4e71-85ba-e6beb8c76a8a;7;chapter_07;chapter_07;Part_I_Cap_07_Biogeophysical Cycles Water Recycling, Climate Regulation.pdf;20;7.4;0.4346632957458496;1
35;P0;4;41a88896-db0c-4ba2-8cd1-1a460508409c;7;chapter_07;chapter_07;Part_I_Cap_07_Biogeophysical Cycles Water Recycling, Climate Regulation.pdf;21;7.6;0.4525352716445923;1
35;P0;5;0bd90733-f0af-4c3e-98ba-437416ee030d;5;chapter_05;chapter_07;Part_I_Cap_05_The Physical Hydroclimate System of the Amazon.pdf;21;5.4;0.4720410108566284;0
35;P0;6;cb161713-569b-415d-80a5-ec4b7fddfaed;5;chapter_05;chapter_07;Part_I_Cap_05_The Physical Hydroclimate System of the Amazon.pdf;27;5.8;0.49182915687561035;0
35;P0;7;c4440888-1679-45a1-b80b-4452a52e1ace;4;chapter_04;chapter_07;Part_I_Cap_04_Amazonian Ecosystems and Their Ecological Functions.pdf;24;4.1;0.4964245855808258;0
35;P0;8;d4530d28-a35f-4ac7-a5b5-6d170d7766ff;7;chapter_07;chapter_07;Part_I_Cap_07_Biogeophysical Cycles Water Recycling, Climate Regulation.pdf;20;7.4;0.4982398450374603;1
35;P0;9;a8b711da-ece3-4fb6-b39e-f28f172a458e;7;chapter_07;chapter_07;Part_I_Cap_07_Biogeophysical Cycles Water Recycling, Climate Regulation.pdf;6;7.1;0.5008966326713562;1
35;P0;10;89062570-c6d9-4182-af51-8605e7bfb209;5;chapter_05;chapter_07;Part_I_Cap_05_The Physical Hydroclimate System of the Amazon.pdf;22;5.4;0.5047458410263062;0
36;P0;1;f44e1468-67e5-49ee-823c-ce7344c1b4ae;32;chapter_32;chapter_32;Part_III_Cap_32_Milestones and challenges in the construction and expansion of participatory intercultural education in the Amazon.pdf;11;32.5.1;0.5059004426002502;1
36;P0;2;ce890b31-8051-41a5-8e11-cd21de3e0bf6;32;chapter_32;chapter_32;Part_III_Cap_32_Milestones and challenges in the construction and expansion of participatory intercultural education in the Amazon.pdf;11;32.5.1;0.5306415557861328;1
36;P0;3;5b9aca02-e513-4b93-ad9d-19789ea8dc42;32;chapter_32;chapter_32;Part_III_Cap_32_Milestones and challenges in the construction and expansion of participatory intercultural education in the Amazon.pdf;10;32.5.1;0.6838204264640808;1
36;P0;4;f5567c67-7342-4643-b37e-e33db04eaf45;32;chapter_32;chapter_32;Part_III_Cap_32_Milestones and challenges in the construction and expansion of participatory intercultural education in the Amazon.pdf;21;32.6;0.6988407969474792;1
36;P0;5;858e1551-6dbb-4744-b00b-a08a840990dc;32;chapter_32;chapter_32;Part_III_Cap_32_Milestones and challenges in the construction and expansion of participatory intercultural education in the Amazon.pdf;8;32.2;0.7318992614746094;1
36;P0;6;6649e1df-3323-44d9-9ce8-6e4193d13f7f;32;chapter_32;chapter_32;Part_III_Cap_32_Milestones and challenges in the construction and expansion of participatory intercultural education in the Amazon.pdf;11;32.5.1;0.7394716739654541;1
36;P0;7;7126c07b-4691-42c4-ac8c-e18b060a6d60;32;chapter_32;chapter_32;Part_III_Cap_32_Milestones and challenges in the construction and expansion of participatory intercultural education in the Amazon.pdf;25;32.9;0.7469521760940552;1
36;P0;8;8558543a-07f1-4b42-98c8-a5e65d691fe1;32;chapter_32;chapter_32;Part_III_Cap_32_Milestones and challenges in the construction and expansion of participatory intercultural education in the Amazon.pdf;11;32.5.1;0.7503933310508728;1
36;P0;9;c2ae6813-5ea7-419b-8e38-15e1903d632b;32;chapter_32;chapter_32;Part_III_Cap_32_Milestones and challenges in the construction and expansion of participatory intercultural education in the Amazon.pdf;23;32.6;0.7695673704147339;1
36;P0;10;ca3c4263-829f-4844-9126-6ada70622486;32;chapter_32;chapter_32;Part_III_Cap_32_Milestones and challenges in the construction and expansion of participatory intercultural education in the Amazon.pdf;18;32.5.4;0.7698503732681274;1
37;P0;1;d8613215-5e3f-42c4-a6c8-b914ce254560;19;chapter_19;chapter_19;Part_II_Cap_19_Drivers and Ecological Impacts of Deforestation and Forest Degradation.pdf;5;19;0.4304758310317993;1
37;P0;2;fc7d3dc4-c223-4b0d-8f73-67a4299d6931;19;chapter_19;chapter_19;Part_II_Cap_19_Drivers and Ecological Impacts of Deforestation and Forest Degradation.pdf;5;19;0.4660218358039856;1
37;P0;3;1d7904e7-21b3-4495-be09-6a6990e23481;19;chapter_19;chapter_19;Part_II_Cap_19_Drivers and Ecological Impacts of Deforestation and Forest Degradation.pdf;27;19.11;0.48009008169174194;1
37;P0;4;23c1f7b7-f1de-464d-a101-4ec3c60d482e;19;chapter_19;chapter_19;Part_II_Cap_19_Drivers and Ecological Impacts of Deforestation and Forest Degradation.pdf;27;19.12;0.48059120774269104;1
37;P0;5;90ef3c76-bac3-48c5-bb91-586ffd2a6111;21;chapter_21;chapter_19;Part_II_Cap_21_Human Well-Being and Health Impacts of the Degradation of Terrestrial and Aquatic Ecosystems.pdf;6;21;0.4898557662963867;0
37;P0;6;3b72c139-6e35-4bd1-a7e7-a6dbc828d227;23;chapter_23;chapter_19;Part_II_Cap_23_Impacts of Deforestation and Climate Change on Biodiversity, Ecological Processes, and Environmental Adaptation.pdf;4;23;0.507146954536438;0
37;P0;7;eabe1699-c0ab-428f-9ff9-942a956631bb;19;chapter_19;chapter_19;Part_II_Cap_19_Drivers and Ecological Impacts of Deforestation and Forest Degradation.pdf;25;19.4;0.524746835231781;1
37;P0;8;54062d52-06cc-4b17-b608-7539d0420419;19;chapter_19;chapter_19;Part_II_Cap_19_Drivers and Ecological Impacts of Deforestation and Forest Degradation.pdf;7;19.2;0.527234673500061;1
37;P0;9;0baa361b-5fe5-4b3b-b481-a7b5d693e5e8;19;chapter_19;chapter_19;Part_II_Cap_19_Drivers and Ecological Impacts of Deforestation and Forest Degradation.pdf;8;19.2;0.528558611869812;1
37;P0;10;f04cf71a-421b-4c54-88d6-a581ae6f6e51;19;chapter_19;chapter_19;Part_II_Cap_19_Drivers and Ecological Impacts of Deforestation and Forest Degradation.pdf;33;19.6;0.5329634547233582;1
38;P0;1;b457b778-21ab-4d39-9327-ac005d97035f;8;chapter_08;chapter_08;Part_I_Cap_08_Peoples of the Amazon Before European Colonization.pdf;24;8.6;0.7382684350013733;1
38;P0;2;9dcfeb01-064c-4041-8971-c54c38a52591;8;chapter_08;chapter_08;Part_I_Cap_08_Peoples of the Amazon Before European Colonization.pdf;25;8.6;0.9626867175102234;1
38;P0;3;2b61bb86-e171-40be-a2df-97879d311c5d;10;chapter_10;chapter_08;Part_I_Cap_10_Critical Interconnections Between the Cultural and Biological Diversity of Amazonian Peoples and Ecosystems.pdf;18;10.4;0.9863274097442627;0
38;P0;4;05c1c198-dec8-4f47-8405-0480936a327b;10;chapter_10;chapter_08;Part_I_Cap_10_Critical Interconnections Between the Cultural and Biological Diversity of Amazonian Peoples and Ecosystems.pdf;13;10.3;1.011737585067749;0
38;P0;5;e3679704-a410-4b9a-b0bf-26c5cf664094;8;chapter_08;chapter_08;Part_I_Cap_08_Peoples of the Amazon Before European Colonization.pdf;6;8;1.0212180614471436;1
38;P0;6;975e12d3-e0e4-413b-87c2-f409d2df4c86;10;chapter_10;chapter_08;Part_I_Cap_10_Critical Interconnections Between the Cultural and Biological Diversity of Amazonian Peoples and Ecosystems.pdf;14;10.2;1.0242094993591309;0
38;P0;7;e3c393a0-a354-46ed-9339-96c7e15f8edb;9;chapter_09;chapter_08;Part_I_Cap_09_Peoples of the Amazon and European Colonization (16th-18th Centuries).pdf;29;9.9;1.0263534784317017;0
38;P0;8;88a0ed35-9699-44dd-ac8d-1b89c9b06eaa;8;chapter_08;chapter_08;Part_I_Cap_08_Peoples of the Amazon Before European Colonization.pdf;6;8;1.0363006591796875;1
38;P0;9;c650e516-1204-407e-981f-e1e0e1a747fa;Annex II;annex_02;chapter_08;Annex_02_Annex II.pdf;5;2.1;1.037152647972107;0
38;P0;10;516c15db-7b80-47b2-a6aa-aa2889848515;8;chapter_08;chapter_08;Part_I_Cap_08_Peoples of the Amazon Before European Colonization.pdf;28;8.9;1.0385161638259888;1
39;P0;1;e017d9fc-803b-476f-b285-9253b8a9cd91;9;chapter_09;chapter_09;Part_I_Cap_09_Peoples of the Amazon and European Colonization (16th-18th Centuries).pdf;34;9.11;0.435143381357193;1
39;P0;2;60d6a3db-d3c1-483e-a957-5139728c1900;9;chapter_09;chapter_09;Part_I_Cap_09_Peoples of the Amazon and European Colonization (16th-18th Centuries).pdf;31;9.9;0.4616016745567322;1
39;P0;3;76373b56-ba79-4f6b-b2b7-79236618854b;9;chapter_09;chapter_09;Part_I_Cap_09_Peoples of the Amazon and European Colonization (16th-18th Centuries).pdf;5;9;0.5080943703651428;1
39;P0;4;f84b05a9-4e60-4868-ba66-998617dc80d7;9;chapter_09;chapter_09;Part_I_Cap_09_Peoples of the Amazon and European Colonization (16th-18th Centuries).pdf;30;9.9;0.5091376304626465;1
39;P0;5;1fb38f64-0d6b-4f5e-a3f0-afa4b5ece9db;9;chapter_09;chapter_09;Part_I_Cap_09_Peoples of the Amazon and European Colonization (16th-18th Centuries).pdf;30;9.9;0.5197391510009766;1
39;P0;6;6d7d8cc4-490f-47d1-90c6-d2aa9c4a16b7;9;chapter_09;chapter_09;Part_I_Cap_09_Peoples of the Amazon and European Colonization (16th-18th Centuries).pdf;30;9.9;0.5284934639930725;1
39;P0;7;5a55dc40-9069-4582-b384-3a8a110e4d4e;10;chapter_10;chapter_09;Part_I_Cap_10_Critical Interconnections Between the Cultural and Biological Diversity of Amazonian Peoples and Ecosystems.pdf;8;10.1;0.5350624322891235;0
39;P0;8;387fb0c4-557e-4481-914a-94cba651dd1d;9;chapter_09;chapter_09;Part_I_Cap_09_Peoples of the Amazon and European Colonization (16th-18th Centuries).pdf;27;9.11;0.5434907078742981;1
39;P0;9;b20071cc-cc8f-4a08-8fc0-f4e402e7d2f6;9;chapter_09;chapter_09;Part_I_Cap_09_Peoples of the Amazon and European Colonization (16th-18th Centuries).pdf;27;9.11;0.5445330739021301;1
39;P0;10;013e3ba8-d8ff-4ef8-b9f8-2cf83401fdbb;9;chapter_09;chapter_09;Part_I_Cap_09_Peoples of the Amazon and European Colonization (16th-18th Centuries).pdf;28;9.12;0.5452574491500854;1
40;P0;1;4a449390-d0d5-427c-804e-cc704b36ca79;23;chapter_23;chapter_23;Part_II_Cap_23_Impacts of Deforestation and Climate Change on Biodiversity, Ecological Processes, and Environmental Adaptation.pdf;8;23.1.1.2;0.3398090600967407;1
40;P0;2;c6f0f1e7-b8fb-4f02-b7a0-ef9553516247;23;chapter_23;chapter_23;Part_II_Cap_23_Impacts of Deforestation and Climate Change on Biodiversity, Ecological Processes, and Environmental Adaptation.pdf;8;23.1.1.2;0.3625875413417816;1
40;P0;3;7b0fe02c-ba0f-480f-9175-246087c14fcc;23;chapter_23;chapter_23;Part_II_Cap_23_Impacts of Deforestation and Climate Change on Biodiversity, Ecological Processes, and Environmental Adaptation.pdf;8;23.1.1.2;0.36305612325668335;1
40;P0;4;1866a3c4-d05d-4980-aa04-a9ddf7359f15;27;chapter_27;chapter_23;Part_III_Cap_27_Conservation measures to counter the main threats to Amazonian biodiversity.pdf;9;27.4;0.3690877854824066;0
40;P0;5;98d0c033-b69c-42c3-acbe-38720ba8609c;23;chapter_23;chapter_23;Part_II_Cap_23_Impacts of Deforestation and Climate Change on Biodiversity, Ecological Processes, and Environmental Adaptation.pdf;6;23.1;0.3776428699493408;1
40;P0;6;0afca780-9005-414d-9b4b-f674b2eb2deb;2;chapter_02;chapter_23;Part_I_Cap_02_Evolution of Amazonian Biodiversity.pdf;20;2.7;0.3781142234802246;0
40;P0;7;d597d124-74d2-4bdd-8027-2727fcdd9c00;27;chapter_27;chapter_23;Part_III_Cap_27_Conservation measures to counter the main threats to Amazonian biodiversity.pdf;9;27.4;0.38591644167900085;0
40;P0;8;cd750098-c3c9-4ba1-965e-1556686c7df6;4;chapter_04;chapter_23;Part_I_Cap_04_Amazonian Ecosystems and Their Ecological Functions.pdf;28;4.5;0.3926326632499695;0
40;P0;9;8cf9688d-4027-4145-a7be-31f8e87ca5bd;23;chapter_23;chapter_23;Part_II_Cap_23_Impacts of Deforestation and Climate Change on Biodiversity, Ecological Processes, and Environmental Adaptation.pdf;28;23.6;0.4015226364135742;1
40;P0;10;f598bc2b-4bdb-4ff5-8e0d-ed87e95fa14c;23;chapter_23;chapter_23;Part_II_Cap_23_Impacts of Deforestation and Climate Change on Biodiversity, Ecological Processes, and Environmental Adaptation.pdf;6;23.1;0.40697211027145386;1
41;P0;1;224a0e77-23ce-42bf-83b2-97b0bddbe50a;20;chapter_20;chapter_20;Part_II_Cap_20_Drivers and Impacts of Changes in Aquatic Ecosystems.pdf;7;20.1;0.2930888831615448;1
41;P0;2;68cb4a08-5481-4424-8c81-1dbeace6c3c8;20;chapter_20;chapter_20;Part_II_Cap_20_Drivers and Impacts of Changes in Aquatic Ecosystems.pdf;24;20.9;0.5139978528022766;1
41;P0;3;44fde1d9-e8df-40b9-bb98-fe53bf99d167;20;chapter_20;chapter_20;Part_II_Cap_20_Drivers and Impacts of Changes in Aquatic Ecosystems.pdf;24;20.8;0.5151756405830383;1
41;P0;4;129003f0-127e-4347-b753-486c9a99cd58;20;chapter_20;chapter_20;Part_II_Cap_20_Drivers and Impacts of Changes in Aquatic Ecosystems.pdf;24;20.9;0.5395777225494385;1
41;P0;5;c56c4ae1-aa9b-4c38-8ff5-d39634e1dce9;20;chapter_20;chapter_20;Part_II_Cap_20_Drivers and Impacts of Changes in Aquatic Ecosystems.pdf;26;20.9;0.5653715133666992;1
41;P0;6;f8e5b1f1-02bc-4882-8847-bf2510656afd;20;chapter_20;chapter_20;Part_II_Cap_20_Drivers and Impacts of Changes in Aquatic Ecosystems.pdf;25;20.8;0.5687428712844849;1
41;P0;7;85c98f8e-32c9-4f5d-8337-aa826dac718f;20;chapter_20;chapter_20;Part_II_Cap_20_Drivers and Impacts of Changes in Aquatic Ecosystems.pdf;44;20.14;0.5741887092590332;1
41;P0;8;92145f10-4987-411c-bfcc-471f46aff0b9;23;chapter_23;chapter_20;Part_II_Cap_23_Impacts of Deforestation and Climate Change on Biodiversity, Ecological Processes, and Environmental Adaptation.pdf;9;23.1.1.3;0.6083065867424011;0
41;P0;9;bb8f7465-9bbe-4ddf-a93b-a8d5e2c15f42;19;chapter_19;chapter_20;Part_II_Cap_19_Drivers and Ecological Impacts of Deforestation and Forest Degradation.pdf;25;19.10;0.6420968174934387;0
41;P0;10;1697b24e-eea8-4d43-91f5-0dac3e105d69;20;chapter_20;chapter_20;Part_II_Cap_20_Drivers and Impacts of Changes in Aquatic Ecosystems.pdf;34;20.14;0.6614354848861694;1
42;P0;1;7beb7be2-6527-4937-80fd-a2298f658f3e;4;chapter_04;chapter_04;Part_I_Cap_04_Amazonian Ecosystems and Their Ecological Functions.pdf;21;4.3.1.1;0.26208218932151794;1
42;P0;2;36b8768c-0354-4ba5-a632-f96121f4e1f9;4;chapter_04;chapter_04;Part_I_Cap_04_Amazonian Ecosystems and Their Ecological Functions.pdf;21;4.3.1.1;0.314022421836853;1
42;P0;3;7f99b0fa-84dd-436c-8f22-5af152586bba;4;chapter_04;chapter_04;Part_I_Cap_04_Amazonian Ecosystems and Their Ecological Functions.pdf;21;4.3.1.1;0.3952564597129822;1
42;P0;4;11be150a-1ac8-44d9-8245-b7a534a3235b;4;chapter_04;chapter_04;Part_I_Cap_04_Amazonian Ecosystems and Their Ecological Functions.pdf;6;5.79;0.3973737955093384;1
42;P0;5;dda5fb9d-bc72-48ad-ad39-5baaed980f13;23;chapter_23;chapter_04;Part_II_Cap_23_Impacts of Deforestation and Climate Change on Biodiversity, Ecological Processes, and Environmental Adaptation.pdf;12;23.1.3;0.404829740524292;0
42;P0;6;0c6bb301-b1b5-415f-886c-4c8cb617b000;4;chapter_04;chapter_04;Part_I_Cap_04_Amazonian Ecosystems and Their Ecological Functions.pdf;21;4.3.1.1;0.4124266505241394;1
42;P0;7;59d74e99-5f05-4c72-b186-7bceac28514a;6;chapter_06;chapter_04;Part_I_Cap_06_Biogeochemical Cycles in the Amazon.pdf;10;6.2.2.2;0.41283419728279114;0
42;P0;8;d62a549c-c64a-4ec6-854c-585b787fcac3;23;chapter_23;chapter_04;Part_II_Cap_23_Impacts of Deforestation and Climate Change on Biodiversity, Ecological Processes, and Environmental Adaptation.pdf;13;23.1.3;0.4243520498275757;0
42;P0;9;80d534d7-410e-4661-875c-5f21c84e7a4b;1;cross_chapter_1;chapter_04;Part_I_Cap_01_Cross Chapter 1 The Amazon Carbon Budget.pdf;4;A;0.4259515702724457;0
42;P0;10;e3a48771-3257-4b47-99ce-8f167291aa23;6;chapter_06;chapter_04;Part_I_Cap_06_Biogeochemical Cycles in the Amazon.pdf;7;6.2.2.1;0.4263358414173126;0
43;P0;1;2326b33e-a4e0-4c3c-9395-57883dea572f;5;chapter_05;chapter_05;Part_I_Cap_05_The Physical Hydroclimate System of the Amazon.pdf;16;5.3.3;0.34443509578704834;1
43;P0;2;7c24cb01-530d-484a-83e7-7bec8fa63edd;5;chapter_05;chapter_05;Part_I_Cap_05_The Physical Hydroclimate System of the Amazon.pdf;16;5.3.3;0.4278022050857544;1
43;P0;3;dab112b0-f727-47fe-9551-e9186844f975;5;chapter_05;chapter_05;Part_I_Cap_05_The Physical Hydroclimate System of the Amazon.pdf;17;5.5;0.5109229683876038;1
43;P0;4;ad4f9cd2-ebbc-4680-bfd6-dd3f2d0dff5c;5;chapter_05;chapter_05;Part_I_Cap_05_The Physical Hydroclimate System of the Amazon.pdf;17;5.5;0.5186588764190674;1
43;P0;5;6b8398c9-1b7a-493e-9a93-ab98db9ad59b;7;chapter_07;chapter_05;Part_I_Cap_07_Biogeophysical Cycles Water Recycling, Climate Regulation.pdf;18;7.1;0.5393756031990051;0
43;P0;6;21336392-4809-488c-a7dd-11f87afddd95;5;chapter_05;chapter_05;Part_I_Cap_05_The Physical Hydroclimate System of the Amazon.pdf;17;5.3.4;0.5516886711120605;1
43;P0;7;1d5fc57f-10d0-43e6-806c-1f2952a086c9;5;chapter_05;chapter_05;Part_I_Cap_05_The Physical Hydroclimate System of the Amazon.pdf;17;5.3.4;0.591822624206543;1
43;P0;8;49d8deb0-5a16-46d7-832e-5cee489ac01c;5;chapter_05;chapter_05;Part_I_Cap_05_The Physical Hydroclimate System of the Amazon.pdf;32;5.9;0.6048120260238647;1
43;P0;9;473b2c61-ffac-4a82-ad1c-5bef5a937e66;5;chapter_05;chapter_05;Part_I_Cap_05_The Physical Hydroclimate System of the Amazon.pdf;5;5;0.6061469316482544;1
43;P0;10;334bf11c-309d-43f5-8f9e-f9c52953a581;7;chapter_07;chapter_05;Part_I_Cap_07_Biogeophysical Cycles Water Recycling, Climate Regulation.pdf;17;7.2.3;0.6102687120437622;0
44;P0;1;160c0e6e-e96d-4a39-aeb5-c5eb482375da;25;chapter_25;chapter_25;Part_III_Cap_25_A Pan-Amazonian sustainable development vision.pdf;7;25.1;0.528758704662323;1
44;P0;2;3e5a7670-2d6e-4643-9680-2925233ebe64;25;chapter_25;chapter_25;Part_III_Cap_25_A Pan-Amazonian sustainable development vision.pdf;22;25.4;0.550191342830658;1
44;P0;3;3e01b542-4629-4a8c-a742-b80c6f68d2a7;25;chapter_25;chapter_25;Part_III_Cap_25_A Pan-Amazonian sustainable development vision.pdf;22;25.4;0.5838866233825684;1
44;P0;4;e79c3a06-626d-43a0-a556-b8db6378220e;25;chapter_25;chapter_25;Part_III_Cap_25_A Pan-Amazonian sustainable development vision.pdf;28;25.5;0.5866389274597168;1
44;P0;5;c2dd63d3-e1ea-4a2e-8bb8-e931da6214bf;25;chapter_25;chapter_25;Part_III_Cap_25_A Pan-Amazonian sustainable development vision.pdf;18;25.3;0.5938675403594971;1
44;P0;6;f8df5aec-98dd-4809-8d46-f3c13816c78d;25;chapter_25;chapter_25;Part_III_Cap_25_A Pan-Amazonian sustainable development vision.pdf;5;25;0.5975301861763;1
44;P0;7;c7a0fc05-c2de-4cc4-9e41-98157df9f5af;25;chapter_25;chapter_25;Part_III_Cap_25_A Pan-Amazonian sustainable development vision.pdf;6;25;0.5988301038742065;1
44;P0;8;c735f48d-8e4d-45f5-a2cd-1a7b1291b016;25;chapter_25;chapter_25;Part_III_Cap_25_A Pan-Amazonian sustainable development vision.pdf;31;25.5;0.6148914694786072;1
44;P0;9;b7ce40a7-576b-44be-bd42-fb71e8cf5315;25;chapter_25;chapter_25;Part_III_Cap_25_A Pan-Amazonian sustainable development vision.pdf;8;25.1;0.6182793378829956;1
44;P0;10;2ee29f5f-da36-4c6a-87fd-ce09d25d9083;25;chapter_25;chapter_25;Part_III_Cap_25_A Pan-Amazonian sustainable development vision.pdf;13;25.2.4;0.6207228302955627;1
45;P0;1;ed310b09-c632-46b7-9519-f91b1e3df5bf;3;chapter_03;chapter_03;Part_I_Cap_03_Biological Diversity and Ecological Networks in the Amazon.pdf;22;3.3.1;0.5178074240684509;1
45;P0;2;0a32da6c-9261-4810-b1a3-9b33d160e037;3;chapter_03;chapter_03;Part_I_Cap_03_Biological Diversity and Ecological Networks in the Amazon.pdf;22;3.3.1;0.5498945713043213;1
45;P0;3;123ad117-4bb6-4b81-b759-95f1511bd9f9;4;chapter_04;chapter_03;Part_I_Cap_04_Amazonian Ecosystems and Their Ecological Functions.pdf;10;4.2.1.1;0.5679817199707031;0
45;P0;4;896bbcb3-c187-4bf6-b518-63481a5abcc4;4;chapter_04;chapter_03;Part_I_Cap_04_Amazonian Ecosystems and Their Ecological Functions.pdf;11;4.3;0.5848367810249329;0
45;P0;5;295467e2-53d8-42f7-95ad-9e2d24f280ab;4;chapter_04;chapter_03;Part_I_Cap_04_Amazonian Ecosystems and Their Ecological Functions.pdf;10;4.2.1.1;0.61595618724823;0
45;P0;6;6a6ac697-5159-46f4-a6d2-b80a37018580;4;chapter_04;chapter_03;Part_I_Cap_04_Amazonian Ecosystems and Their Ecological Functions.pdf;11;4.3;0.6274858117103577;0
45;P0;7;e5f9ed34-26bc-4ad3-aee0-9afb45db8e4e;23;chapter_23;chapter_03;Part_II_Cap_23_Impacts of Deforestation and Climate Change on Biodiversity, Ecological Processes, and Environmental Adaptation.pdf;18;23.2.1;0.6437450647354126;0
45;P0;8;cac758ac-dcbe-4b5a-900f-30c57442252c;3;chapter_03;chapter_03;Part_I_Cap_03_Biological Diversity and Ecological Networks in the Amazon.pdf;22;3.3.1;0.6537297368049622;1
45;P0;9;c55b017f-1f9d-49b1-b6bc-096f3d1672cd;3;chapter_03;chapter_03;Part_I_Cap_03_Biological Diversity and Ecological Networks in the Amazon.pdf;23;3.3.1;0.6544946432113647;1
45;P0;10;89fa44d0-1034-45c1-bd16-5dc2111cce23;25;chapter_25;chapter_03;Part_III_Cap_25_A Pan-Amazonian sustainable development vision.pdf;8;25.2.1;0.6591000556945801;0
46;P0;1;27e279cd-d347-428e-8012-3fe0d448a798;18;chapter_18;chapter_18;Part_II_Cap_18_Globalization, Extractivism, and Social Exclusion Country-Specific Manifestations.pdf;27;18.3.4;0.36663421988487244;1
46;P0;2;ddbe05a4-f141-44d3-9bbb-e3ce9964e285;18;chapter_18;chapter_18;Part_II_Cap_18_Globalization, Extractivism, and Social Exclusion Country-Specific Manifestations.pdf;21;18.3;0.3881989121437073;1
46;P0;3;4113c177-e8d3-46bd-ae57-9f0fcde8ee65;18;chapter_18;chapter_18;Part_II_Cap_18_Globalization, Extractivism, and Social Exclusion Country-Specific Manifestations.pdf;29;18.3.5;0.41046738624572754;1
46;P0;4;04f5c016-e3ae-44f3-8f3f-4c70d8ab0a63;18;chapter_18;chapter_18;Part_II_Cap_18_Globalization, Extractivism, and Social Exclusion Country-Specific Manifestations.pdf;23;18.3.3;0.4250669479370117;1
46;P0;5;2b0620fb-2e29-48f3-9071-f296c5be08f3;18;chapter_18;chapter_18;Part_II_Cap_18_Globalization, Extractivism, and Social Exclusion Country-Specific Manifestations.pdf;28;68.1;0.44107937812805176;1
46;P0;6;8a139923-3564-4473-812b-ba7a4f9d941f;18;chapter_18;chapter_18;Part_II_Cap_18_Globalization, Extractivism, and Social Exclusion Country-Specific Manifestations.pdf;23;18.3.3;0.4490967094898224;1
46;P0;7;1d0c572d-0d80-4e3e-9ba3-08cd3b80145a;18;chapter_18;chapter_18;Part_II_Cap_18_Globalization, Extractivism, and Social Exclusion Country-Specific Manifestations.pdf;29;18.3.5;0.4495473802089691;1
46;P0;8;3f75e288-0d4e-4f7f-9af4-36424ec463d0;18;chapter_18;chapter_18;Part_II_Cap_18_Globalization, Extractivism, and Social Exclusion Country-Specific Manifestations.pdf;23;18.3.3;0.45483994483947754;1
46;P0;9;91e61996-0f48-495d-963c-1f9a18ab432c;18;chapter_18;chapter_18;Part_II_Cap_18_Globalization, Extractivism, and Social Exclusion Country-Specific Manifestations.pdf;27;18.3.4;0.4625803530216217;1
46;P0;10;0fe44d4d-320c-4c33-ac6e-5fa2dd1fb827;11;chapter_11;chapter_18;Part_I_Cap_11_Economic Drivers in the Amazon from the 19th Century to the 1970s.pdf;20;11.6;0.48024892807006836;0
47;P0;1;eff15727-8a86-4c32-8e6a-9c2a10d18647;13;chapter_13;chapter_13;Part_I_Cap_13_African Presence in the Amazon A Glance.pdf;4;13;0.4514085054397583;1
47;P0;2;4bd79fa4-3b0a-4a4b-b8f3-471102b1ac16;13;chapter_13;chapter_13;Part_I_Cap_13_African Presence in the Amazon A Glance.pdf;17;13.4;0.46245077252388;1
47;P0;3;31200ec3-a4c7-4c10-93e8-e75d1d0c0ce6;13;chapter_13;chapter_13;Part_I_Cap_13_African Presence in the Amazon A Glance.pdf;22;13.7;0.4773443341255188;1
47;P0;4;c7399c9e-e35d-4075-b1cc-7ae3d2faac69;13;chapter_13;chapter_13;Part_I_Cap_13_African Presence in the Amazon A Glance.pdf;16;13.4;0.47756582498550415;1
47;P0;5;c727d4bf-1565-46f8-80d0-f0a27122e03d;13;chapter_13;chapter_13;Part_I_Cap_13_African Presence in the Amazon A Glance.pdf;32;13.13;0.48443880677223206;1
47;P0;6;2652a0b8-f1d0-4682-9f62-33d9ccc795f6;13;chapter_13;chapter_13;Part_I_Cap_13_African Presence in the Amazon A Glance.pdf;4;13;0.4850814938545227;1
47;P0;7;6984dbb9-2df9-4715-a432-70c5f72fbdb2;13;chapter_13;chapter_13;Part_I_Cap_13_African Presence in the Amazon A Glance.pdf;15;13.3;0.4864853024482727;1
47;P0;8;462c18aa-73fb-4cdb-a67b-4a5a1b2402cb;13;chapter_13;chapter_13;Part_I_Cap_13_African Presence in the Amazon A Glance.pdf;22;13.7;0.5002635717391968;1
47;P0;9;e1985f8a-a50c-4cc5-a781-91c9f0bf425d;13;chapter_13;chapter_13;Part_I_Cap_13_African Presence in the Amazon A Glance.pdf;17;13.4.1;0.501205325126648;1
47;P0;10;eb6e4913-ad9f-4d47-8fd8-4d57e29f6d95;13;chapter_13;chapter_13;Part_I_Cap_13_African Presence in the Amazon A Glance.pdf;19;13.5;0.5047357082366943;1
48;P0;1;99f9f5bd-90eb-4324-a7c2-80d5e90ff877;29;chapter_29;chapter_29;Part_III_Cap_29_Restoration priorities and benefits within landscapes and catchments and across the Amazon Basin.pdf;15;29.3.4;0.7820026874542236;1
48;P0;2;996f1a10-7f0b-4af7-97e2-7277571105d0;29;chapter_29;chapter_29;Part_III_Cap_29_Restoration priorities and benefits within landscapes and catchments and across the Amazon Basin.pdf;15;29.3.4;0.784507155418396;1
48;P0;3;15abfa58-791e-4cee-830f-df97b5419303;29;chapter_29;chapter_29;Part_III_Cap_29_Restoration priorities and benefits within landscapes and catchments and across the Amazon Basin.pdf;18;29.5;0.7846672534942627;1
48;P0;4;aa44ec19-b7c6-40c7-92fa-ae17ac797861;29;chapter_29;chapter_29;Part_III_Cap_29_Restoration priorities and benefits within landscapes and catchments and across the Amazon Basin.pdf;21;29.7;0.7852170467376709;1
48;P0;5;5660fc1e-786b-4dfb-b02b-0032c252cabc;29;chapter_29;chapter_29;Part_III_Cap_29_Restoration priorities and benefits within landscapes and catchments and across the Amazon Basin.pdf;18;29.5;0.7952965497970581;1
48;P0;6;fa46a0ea-eefc-4fda-b2c6-03da6e129cf2;29;chapter_29;chapter_29;Part_III_Cap_29_Restoration priorities and benefits within landscapes and catchments and across the Amazon Basin.pdf;18;29.5;0.8040226101875305;1
48;P0;7;64e6aea1-4ed4-40e4-95c6-4b84226bd49c;29;chapter_29;chapter_29;Part_III_Cap_29_Restoration priorities and benefits within landscapes and catchments and across the Amazon Basin.pdf;22;29.7.3;0.8054510354995728;1
48;P0;8;d722bb5f-b895-4f28-a0ed-60db491394d6;29;chapter_29;chapter_29;Part_III_Cap_29_Restoration priorities and benefits within landscapes and catchments and across the Amazon Basin.pdf;19;29.5;0.8251456618309021;1
48;P0;9;38b902ec-20e8-48cc-be2c-435d52a9ea27;29;chapter_29;chapter_29;Part_III_Cap_29_Restoration priorities and benefits within landscapes and catchments and across the Amazon Basin.pdf;19;29.5;0.835293173789978;1
48;P0;10;d2fd1bf0-cc66-4513-afef-29afa9ca8230;29;chapter_29;chapter_29;Part_III_Cap_29_Restoration priorities and benefits within landscapes and catchments and across the Amazon Basin.pdf;19;29.5;0.8376399874687195;1
49;P0;1;b2cd87b2-0c31-4dae-97ea-1c1dd0a4c51f;7;chapter_07;chapter_07;Part_I_Cap_07_Biogeophysical Cycles Water Recycling, Climate Regulation.pdf;8;7.2.1.1;0.7498716711997986;1
49;P0;2;3364fbb6-55cf-4c8c-9773-b84ed875987c;7;chapter_07;chapter_07;Part_I_Cap_07_Biogeophysical Cycles Water Recycling, Climate Regulation.pdf;8;7.2.1.1;0.8351696729660034;1
49;P0;3;4cfb9946-f491-429b-a3be-48dbab160a6f;7;chapter_07;chapter_07;Part_I_Cap_07_Biogeophysical Cycles Water Recycling, Climate Regulation.pdf;11;27.2;0.939761221408844;1
49;P0;4;21fe7492-94ee-4216-a486-e249e31416c8;7;chapter_07;chapter_07;Part_I_Cap_07_Biogeophysical Cycles Water Recycling, Climate Regulation.pdf;8;7.2.1.1;0.943268895149231;1
49;P0;5;58a29312-7c65-4a94-8784-8a2e47038c16;7;chapter_07;chapter_07;Part_I_Cap_07_Biogeophysical Cycles Water Recycling, Climate Regulation.pdf;10;7.1;0.9976410269737244;1
49;P0;6;99d74b23-7696-4eb6-b501-fdefe9fcd290;7;chapter_07;chapter_07;Part_I_Cap_07_Biogeophysical Cycles Water Recycling, Climate Regulation.pdf;10;7.1;1.0204836130142212;1
49;P0;7;274d483a-ce3f-40ac-a6fd-f15dcae3dba7;7;chapter_07;chapter_07;Part_I_Cap_07_Biogeophysical Cycles Water Recycling, Climate Regulation.pdf;8;7.2;1.0581448078155518;1
49;P0;8;84e52a72-0bca-4179-809f-0cce7224ceeb;7;chapter_07;chapter_07;Part_I_Cap_07_Biogeophysical Cycles Water Recycling, Climate Regulation.pdf;10;7.1;1.07322096824646;1
49;P0;9;a24ed7e1-7c5b-4aea-b807-9aa3c5361afd;7;chapter_07;chapter_07;Part_I_Cap_07_Biogeophysical Cycles Water Recycling, Climate Regulation.pdf;10;7.2;1.084119200706482;1
49;P0;10;f67b1749-24ab-4a81-b2e2-ade3be7bff8b;7;chapter_07;chapter_07;Part_I_Cap_07_Biogeophysical Cycles Water Recycling, Climate Regulation.pdf;11;7.1;1.0844645500183105;1
50;P0;1;b0fe3aab-6161-472c-9f16-b5960caebee0;33;chapter_33;chapter_33;Part_III_Cap_33_Connecting and sharing diverse knowledges to support sustainable pathways in the Amazon.pdf;15;33.2.3;0.7008005976676941;1
50;P0;2;be9758f2-7c1f-4d50-8952-7dedcb627d4f;33;chapter_33;chapter_33;Part_III_Cap_33_Connecting and sharing diverse knowledges to support sustainable pathways in the Amazon.pdf;35;33.2;0.7098146677017212;1
50;P0;3;e694a93a-1f91-4086-8b1c-1b5628bc0c40;33;chapter_33;chapter_33;Part_III_Cap_33_Connecting and sharing diverse knowledges to support sustainable pathways in the Amazon.pdf;36;33.2;0.7818101048469543;1
50;P0;4;56696f19-73a0-448a-b00b-2f1cdba15f8b;32;chapter_32;chapter_33;Part_III_Cap_32_Milestones and challenges in the construction and expansion of participatory intercultural education in the Amazon.pdf;20;32.5.4;0.7976118922233582;0
50;P0;5;2fe3288d-7893-4697-beb4-6c45ffcdbedb;17;chapter_17;chapter_33;Part_II_Cap_17_Globalization, Extractivism, and Social Exclusion Threats and Opportunities to Amazon Governance in Brazil.pdf;20;17.9;0.8087903261184692;0
50;P0;6;c926e365-ee2a-40fd-9a1a-531d854a26da;14;chapter_14;chapter_33;Part_II_Cap_14_Amazon in Motion Changing Politics, Development Strategies, Peoples, Landscapes, and Livelihoods.pdf;57;14.7;0.8119989037513733;0
50;P0;7;14c6722d-c72a-4550-b999-e01b52ca8460;17;chapter_17;chapter_33;Part_II_Cap_17_Globalization, Extractivism, and Social Exclusion Threats and Opportunities to Amazon Governance in Brazil.pdf;24;17.4.1;0.8120622038841248;0
50;P0;8;9ca4c34c-944c-4053-9a40-48ae72d50cab;14;chapter_14;chapter_33;Part_II_Cap_14_Amazon in Motion Changing Politics, Development Strategies, Peoples, Landscapes, and Livelihoods.pdf;18;14.3.1;0.8130216598510742;0
50;P0;9;abec73fb-9247-4bcc-a976-a7e8ed243218;17;chapter_17;chapter_33;Part_II_Cap_17_Globalization, Extractivism, and Social Exclusion Threats and Opportunities to Amazon Governance in Brazil.pdf;19;17.3;0.8142639398574829;0
50;P0;10;18a8a649-03cb-47fb-833d-7a6fab20f397;32;chapter_32;chapter_33;Part_III_Cap_32_Milestones and challenges in the construction and expansion of participatory intercultural education in the Amazon.pdf;20;32.5.5;0.8169538974761963;0
51;P0;1;df669d62-9230-450a-a498-f60bce6a976a;23;chapter_23;chapter_23;Part_II_Cap_23_Impacts of Deforestation and Climate Change on Biodiversity, Ecological Processes, and Environmental Adaptation.pdf;5;23;0.3762028217315674;1
51;P0;2;8d43043c-1328-4a6c-8527-9c5b07880a49;23;chapter_23;chapter_23;Part_II_Cap_23_Impacts of Deforestation and Climate Change on Biodiversity, Ecological Processes, and Environmental Adaptation.pdf;19;23.2.2;0.3794407546520233;1
51;P0;3;0aea6842-ff08-458d-b556-75245444a872;23;chapter_23;chapter_23;Part_II_Cap_23_Impacts of Deforestation and Climate Change on Biodiversity, Ecological Processes, and Environmental Adaptation.pdf;6;23.1;0.385559618473053;1
51;P0;4;b4563121-e4a2-472a-a030-5198ee613eb5;20;chapter_20;chapter_23;Part_II_Cap_20_Drivers and Impacts of Changes in Aquatic Ecosystems.pdf;41;20.14;0.3872521221637726;0
51;P0;5;fda64e0f-c8b2-4ac0-92dc-dd9644c41a0f;23;chapter_23;chapter_23;Part_II_Cap_23_Impacts of Deforestation and Climate Change on Biodiversity, Ecological Processes, and Environmental Adaptation.pdf;6;23.1;0.39693742990493774;1
51;P0;6;2b61ffdb-faae-45f7-ab42-ee1685784b1c;23;chapter_23;chapter_23;Part_II_Cap_23_Impacts of Deforestation and Climate Change on Biodiversity, Ecological Processes, and Environmental Adaptation.pdf;10;23.1.1.3;0.401437908411026;1
51;P0;7;9abd379c-7e3a-42e9-bda8-f57772af6fcf;23;chapter_23;chapter_23;Part_II_Cap_23_Impacts of Deforestation and Climate Change on Biodiversity, Ecological Processes, and Environmental Adaptation.pdf;20;23.2.2;0.4152657985687256;1
51;P0;8;67f63926-979f-4682-8f4a-d28612456225;23;chapter_23;chapter_23;Part_II_Cap_23_Impacts of Deforestation and Climate Change on Biodiversity, Ecological Processes, and Environmental Adaptation.pdf;15;23.1.4;0.42219024896621704;1
51;P0;9;efc52510-5181-482c-a624-a29e503ec839;23;chapter_23;chapter_23;Part_II_Cap_23_Impacts of Deforestation and Climate Change on Biodiversity, Ecological Processes, and Environmental Adaptation.pdf;9;23.1.1.3;0.4391688108444214;1
51;P0;10;34fa818c-7941-46d5-89f8-7cb87a1e7170;23;chapter_23;chapter_23;Part_II_Cap_23_Impacts of Deforestation and Climate Change on Biodiversity, Ecological Processes, and Environmental Adaptation.pdf;31;23.7;0.4401225447654724;1
52;P0;1;a7c3d485-f433-4114-9e59-db66ccb02ad6;20;chapter_20;chapter_20;Part_II_Cap_20_Drivers and Impacts of Changes in Aquatic Ecosystems.pdf;16;20.6;0.33111390471458435;1
52;P0;2;ecf0a733-4f37-46c0-b3d1-7181753bbdaf;20;chapter_20;chapter_20;Part_II_Cap_20_Drivers and Impacts of Changes in Aquatic Ecosystems.pdf;15;20.2.1.6;0.5438380241394043;1
52;P0;3;f537dee2-98b8-4be5-b7eb-35a05333342e;19;chapter_19;chapter_20;Part_II_Cap_19_Drivers and Ecological Impacts of Deforestation and Forest Degradation.pdf;19;19.8;0.584537923336029;0
52;P0;4;9cc965a0-a197-4c6a-a87e-85c6eb163cde;20;chapter_20;chapter_20;Part_II_Cap_20_Drivers and Impacts of Changes in Aquatic Ecosystems.pdf;15;20.2.1.6;0.6244392991065979;1
52;P0;5;e444e317-d8fd-4fd5-90fd-3ac28f295290;20;chapter_20;chapter_20;Part_II_Cap_20_Drivers and Impacts of Changes in Aquatic Ecosystems.pdf;15;20.5;0.6815041303634644;1
52;P0;6;b95b0e40-f4ed-4983-b765-6a75f052a613;19;chapter_19;chapter_20;Part_II_Cap_19_Drivers and Ecological Impacts of Deforestation and Forest Degradation.pdf;18;19.3.2.2;0.704766035079956;0
52;P0;7;8096d0ec-c098-4727-9189-0e1a2422be2b;20;chapter_20;chapter_20;Part_II_Cap_20_Drivers and Impacts of Changes in Aquatic Ecosystems.pdf;15;20.2.1.6;0.709540605545044;1
52;P0;8;26e8f48b-a98b-4624-b0b4-38c0f547a474;20;chapter_20;chapter_20;Part_II_Cap_20_Drivers and Impacts of Changes in Aquatic Ecosystems.pdf;13;20.1;0.7153196930885315;1
52;P0;9;3eaf6213-4e6c-4c43-ae8f-d4a0c70fc489;20;chapter_20;chapter_20;Part_II_Cap_20_Drivers and Impacts of Changes in Aquatic Ecosystems.pdf;11;20.2.1.3;0.721662163734436;1
52;P0;10;285c8dd5-bf1c-426c-b13f-246376ba80b2;19;chapter_19;chapter_20;Part_II_Cap_19_Drivers and Ecological Impacts of Deforestation and Forest Degradation.pdf;18;19.3.2.2;0.724614143371582;0
53;P0;1;b3a37d95-f756-4773-b58f-22fce28d78f0;28;chapter_28;chapter_28;Part_III_Cap_28_Restoration options for the Amazon.pdf;9;28.3.1;0.9641221165657043;1
53;P0;2;2ed2381a-364f-4586-a1ad-11d56ac6f7dd;28;chapter_28;chapter_28;Part_III_Cap_28_Restoration options for the Amazon.pdf;9;28.3.1;0.9880797863006592;1
53;P0;3;9fcfa2d3-c1e4-446c-b70c-23379812de1f;28;chapter_28;chapter_28;Part_III_Cap_28_Restoration options for the Amazon.pdf;7;28.2.4;1.031900405883789;1
53;P0;4;3372b8ba-4775-4b39-b71f-e063563b066b;28;chapter_28;chapter_28;Part_III_Cap_28_Restoration options for the Amazon.pdf;8;28.3.1;1.0478644371032715;1
53;P0;5;cf36181c-1d5a-4ccb-a245-b9455e76b7b0;28;chapter_28;chapter_28;Part_III_Cap_28_Restoration options for the Amazon.pdf;9;28.3.1;1.0648192167282104;1
53;P0;6;995b5769-22b5-4959-8cd8-3a012020d4ad;28;chapter_28;chapter_28;Part_III_Cap_28_Restoration options for the Amazon.pdf;8;28.3.1;1.0728849172592163;1
53;P0;7;6eeb8003-c5b7-4f35-b88f-02d00e87ab11;28;chapter_28;chapter_28;Part_III_Cap_28_Restoration options for the Amazon.pdf;8;28.3.1;1.0807162523269653;1
53;P0;8;d722bb5f-b895-4f28-a0ed-60db491394d6;29;chapter_29;chapter_28;Part_III_Cap_29_Restoration priorities and benefits within landscapes and catchments and across the Amazon Basin.pdf;19;29.5;1.0893328189849854;0
53;P0;9;1d405130-e201-4874-bdc6-e56f489ccf89;28;chapter_28;chapter_28;Part_III_Cap_28_Restoration options for the Amazon.pdf;9;28.3.1;1.1061806678771973;1
53;P0;10;cf43530e-23aa-47c0-806a-48fa1acbf70b;28;chapter_28;chapter_28;Part_III_Cap_28_Restoration options for the Amazon.pdf;18;28.4.1;1.1095545291900635;1
54;P0;1;bfd63535-3f09-485d-b649-080a191e2ebf;12;chapter_12;chapter_12;Part_I_Cap_12_Languages of the Amazon Dimensions of Diversity.pdf;6;12.2;0.4035181701183319;1
54;P0;2;39a5d092-2c83-493a-93f4-faadd0b8c360;12;chapter_12;chapter_12;Part_I_Cap_12_Languages of the Amazon Dimensions of Diversity.pdf;6;12.2;0.4283207058906555;1
54;P0;3;811da100-e499-46d9-b679-827ee4be5a08;12;chapter_12;chapter_12;Part_I_Cap_12_Languages of the Amazon Dimensions of Diversity.pdf;6;12.1;0.47396332025527954;1
54;P0;4;0ab0220a-a814-4a1e-8706-23ea178f641b;12;chapter_12;chapter_12;Part_I_Cap_12_Languages of the Amazon Dimensions of Diversity.pdf;21;12.11;0.5063250064849854;1
54;P0;5;bd3535f4-607f-4946-ae05-83e2f111cb02;12;chapter_12;chapter_12;Part_I_Cap_12_Languages of the Amazon Dimensions of Diversity.pdf;23;12.13;0.5095036625862122;1
54;P0;6;3db85fbc-e145-49c0-8bef-2c2e8cb2e07a;12;chapter_12;chapter_12;Part_I_Cap_12_Languages of the Amazon Dimensions of Diversity.pdf;13;12.4;0.5110105872154236;1
54;P0;7;fa4c75c0-a326-4bc3-839f-1cc4d88c821a;12;chapter_12;chapter_12;Part_I_Cap_12_Languages of the Amazon Dimensions of Diversity.pdf;7;12.3;0.5111483335494995;1
54;P0;8;bf082deb-6112-4233-afd7-9750259744c5;12;chapter_12;chapter_12;Part_I_Cap_12_Languages of the Amazon Dimensions of Diversity.pdf;11;12.6;0.5136160850524902;1
54;P0;9;b7ec6408-01fe-4e5d-82a2-d037dd0a8f37;12;chapter_12;chapter_12;Part_I_Cap_12_Languages of the Amazon Dimensions of Diversity.pdf;6;12.1;0.5163677930831909;1
54;P0;10;2b0c4aa0-3d28-49f6-98c2-d7bc663f596a;12;chapter_12;chapter_12;Part_I_Cap_12_Languages of the Amazon Dimensions of Diversity.pdf;10;12.1;0.5174045562744141;1
55;P0;1;f31ae6dd-a217-4b9f-894e-5f3162158542;18;chapter_18;chapter_18;Part_II_Cap_18_Globalization, Extractivism, and Social Exclusion Country-Specific Manifestations.pdf;34;18.6;0.43734011054039;1
55;P0;2;b2559d60-14dd-4ee6-a020-6d0c6636df7a;18;chapter_18;chapter_18;Part_II_Cap_18_Globalization, Extractivism, and Social Exclusion Country-Specific Manifestations.pdf;34;18.6;0.4918268322944641;1
55;P0;3;98f1818b-22db-4535-80f5-08dbd56d886a;18;chapter_18;chapter_18;Part_II_Cap_18_Globalization, Extractivism, and Social Exclusion Country-Specific Manifestations.pdf;35;18.6;0.5198895931243896;1
55;P0;4;1dd0bdb9-960b-487a-a2b8-225ac4ced001;18;chapter_18;chapter_18;Part_II_Cap_18_Globalization, Extractivism, and Social Exclusion Country-Specific Manifestations.pdf;34;18.6;0.5469710826873779;1
55;P0;5;9b4555c9-4653-468b-a978-d35f8cf70973;18;chapter_18;chapter_18;Part_II_Cap_18_Globalization, Extractivism, and Social Exclusion Country-Specific Manifestations.pdf;19;18.1;0.5519448518753052;1
55;P0;6;c8a5499b-b5ab-4c53-a99d-474984eb26d1;14;chapter_14;chapter_18;Part_II_Cap_14_Amazon in Motion Changing Politics, Development Strategies, Peoples, Landscapes, and Livelihoods.pdf;17;14.2;0.5783885717391968;0
55;P0;7;b7cedd82-d5a0-47ff-a017-64afc25e0b6d;14;chapter_14;chapter_18;Part_II_Cap_14_Amazon in Motion Changing Politics, Development Strategies, Peoples, Landscapes, and Livelihoods.pdf;59;14.7;0.5811931490898132;0
55;P0;8;73070c62-6c9d-4c41-a3cc-2388b6a00d6a;26;chapter_26;chapter_18;Part_III_Cap_26_Sustainable Development Goals (SDGs) and the Amazon.pdf;27;26.2.4.1;0.5834597945213318;0
55;P0;9;6fda09fe-fa40-4518-acac-be344f42737c;14;chapter_14;chapter_18;Part_II_Cap_14_Amazon in Motion Changing Politics, Development Strategies, Peoples, Landscapes, and Livelihoods.pdf;56;14.7;0.5854530334472656;0
55;P0;10;cb7d557b-a54c-491b-bf37-836345268b74;14;chapter_14;chapter_18;Part_II_Cap_14_Amazon in Motion Changing Politics, Development Strategies, Peoples, Landscapes, and Livelihoods.pdf;54;14.7;0.5858774185180664;0
56;P0;1;14282d5e-de64-4151-af24-e189a00ebd33;3;chapter_03;chapter_03;Part_I_Cap_03_Biological Diversity and Ecological Networks in the Amazon.pdf;15;2.5;0.3036552369594574;1
56;P0;2;7b27f957-3f37-434c-84d3-52d7c7d55a12;3;chapter_03;chapter_03;Part_I_Cap_03_Biological Diversity and Ecological Networks in the Amazon.pdf;16;3.2.5;0.3384917974472046;1
56;P0;3;adbe9475-7128-49ab-8855-5785dfdd6f56;3;chapter_03;chapter_03;Part_I_Cap_03_Biological Diversity and Ecological Networks in the Amazon.pdf;16;3.2.5;0.3592236042022705;1
56;P0;4;6e1f5cda-bf50-411a-91fb-2dd49d351726;3;chapter_03;chapter_03;Part_I_Cap_03_Biological Diversity and Ecological Networks in the Amazon.pdf;33;3.2;0.3714665472507477;1
56;P0;5;dc72c99b-12fb-452f-a74c-f9160272a1a4;3;chapter_03;chapter_03;Part_I_Cap_03_Biological Diversity and Ecological Networks in the Amazon.pdf;18;3.5;0.3788706958293915;1
56;P0;6;e958e8e2-9521-433d-a306-2039eef4285a;3;chapter_03;chapter_03;Part_I_Cap_03_Biological Diversity and Ecological Networks in the Amazon.pdf;17;3.5;0.3972904086112976;1
56;P0;7;d7e719da-2d99-46b8-a41e-6da8ceb85c58;3;chapter_03;chapter_03;Part_I_Cap_03_Biological Diversity and Ecological Networks in the Amazon.pdf;34;3.2;0.41392362117767334;1
56;P0;8;56f42860-bb92-4e53-a43b-bcd3ab38bb03;3;chapter_03;chapter_03;Part_I_Cap_03_Biological Diversity and Ecological Networks in the Amazon.pdf;15;3.3;0.41991329193115234;1
56;P0;9;cf6fb7c1-9aaf-4ff7-9338-889f10f58094;3;chapter_03;chapter_03;Part_I_Cap_03_Biological Diversity and Ecological Networks in the Amazon.pdf;18;3.5;0.4252232611179352;1
56;P0;10;47092fc7-8c8b-4ab6-bb15-c27876ab17c0;3;chapter_03;chapter_03;Part_I_Cap_03_Biological Diversity and Ecological Networks in the Amazon.pdf;15;3.3;0.4317905902862549;1
57;P0;1;f9142775-6f3c-4c28-98e5-c9348fe9446f;16;chapter_16;chapter_16;Part_II_Cap_16_The State of Conservation Policies, Protected Areas, and Indigenous Territories, from the Past to the Present.pdf;21;16.1.2.3;0.534988284111023;1
57;P0;2;3b1517dc-fa61-453a-bc80-af52cf9445fc;16;chapter_16;chapter_16;Part_II_Cap_16_The State of Conservation Policies, Protected Areas, and Indigenous Territories, from the Past to the Present.pdf;21;16.1.2.3;0.7089479565620422;1
57;P0;3;6111aa6b-41da-4faa-b0ee-2cf1f9d706bd;16;chapter_16;chapter_16;Part_II_Cap_16_The State of Conservation Policies, Protected Areas, and Indigenous Territories, from the Past to the Present.pdf;21;16.1.2.3;0.7309426069259644;1
57;P0;4;127363ad-916b-415a-9050-c79f01c70e6e;16;chapter_16;chapter_16;Part_II_Cap_16_The State of Conservation Policies, Protected Areas, and Indigenous Territories, from the Past to the Present.pdf;20;3.271;0.7981980443000793;1
57;P0;5;e72225c2-ebad-440a-97c9-d29177ca5839;16;chapter_16;chapter_16;Part_II_Cap_16_The State of Conservation Policies, Protected Areas, and Indigenous Territories, from the Past to the Present.pdf;10;50.7;0.8088880181312561;1
57;P0;6;02283f95-8661-4e98-9950-d0072fb74872;16;chapter_16;chapter_16;Part_II_Cap_16_The State of Conservation Policies, Protected Areas, and Indigenous Territories, from the Past to the Present.pdf;21;16.1.2.3;0.8414660692214966;1
57;P0;7;f4288bf6-c4d4-4130-879b-a2dadc36e20e;16;chapter_16;chapter_16;Part_II_Cap_16_The State of Conservation Policies, Protected Areas, and Indigenous Territories, from the Past to the Present.pdf;20;16.17;0.8459113240242004;1
57;P0;8;86c03c1a-fbce-45f6-867c-a424a7c54761;16;chapter_16;chapter_16;Part_II_Cap_16_The State of Conservation Policies, Protected Areas, and Indigenous Territories, from the Past to the Present.pdf;21;16.1.2.3;0.8510486483573914;1
57;P0;9;01ba77c1-f57d-459a-92e1-7f4fc9e705cd;16;chapter_16;chapter_16;Part_II_Cap_16_The State of Conservation Policies, Protected Areas, and Indigenous Territories, from the Past to the Present.pdf;23;16.20;0.8916488885879517;1
57;P0;10;f8cce397-56d9-4f69-b8f8-1fc1225396e6;16;chapter_16;chapter_16;Part_II_Cap_16_The State of Conservation Policies, Protected Areas, and Indigenous Territories, from the Past to the Present.pdf;21;16.1.2.3;0.922609269618988;1
58;P0;1;2791dfc0-e69a-4396-bc82-0560bfaebd32;4;chapter_04;chapter_04;Part_I_Cap_04_Amazonian Ecosystems and Their Ecological Functions.pdf;19;4.2.2.2;1.1416128873825073;1
58;P0;2;43c3fb85-371c-4bff-a48e-81c9b967f9c8;4;chapter_04;chapter_04;Part_I_Cap_04_Amazonian Ecosystems and Their Ecological Functions.pdf;19;4.2.2.2;1.1505576372146606;1
58;P0;3;d3ae791e-8e4c-40e3-8db8-39d830799d75;4;chapter_04;chapter_04;Part_I_Cap_04_Amazonian Ecosystems and Their Ecological Functions.pdf;18;4.2.2.2;1.167536735534668;1
58;P0;4;7581ddd1-6827-4475-a4fe-6b6b4bc91e86;28;chapter_28;chapter_04;Part_III_Cap_28_Restoration options for the Amazon.pdf;22;28.2;1.1853407621383667;0
58;P0;5;6189b0bb-7922-47df-9355-120c75c5c63a;Annex I;annex_01;chapter_04;Annex_01_Annex I.pdf;3;Annex I;1.191704511642456;0
58;P0;6;84bf87df-d5d7-4fa1-b7d0-555b62228970;4;chapter_04;chapter_04;Part_I_Cap_04_Amazonian Ecosystems and Their Ecological Functions.pdf;12;4.2.1.2;1.2044477462768555;1
58;P0;7;60c4f17b-360e-40d1-9879-bcd522d2a911;4;chapter_04;chapter_04;Part_I_Cap_04_Amazonian Ecosystems and Their Ecological Functions.pdf;20;9.5;1.208086609840393;1
58;P0;8;091e24d9-048e-4c0b-8ff4-bc3b748849d6;4;chapter_04;chapter_04;Part_I_Cap_04_Amazonian Ecosystems and Their Ecological Functions.pdf;12;4.2.1.3;1.2107789516448975;1
58;P0;9;08e194b9-ab35-4dbb-8971-b70532afd969;19;chapter_19;chapter_04;Part_II_Cap_19_Drivers and Ecological Impacts of Deforestation and Forest Degradation.pdf;28;19.13;1.215737223625183;0
58;P0;10;b0c64f03-2a1d-4cbc-a7eb-d03dfa4acb02;1;chapter_01;chapter_04;Part_I_Cap_01_Geology and Geodiversity of the Amazon Three Billion Years of History.pdf;26;1.7;1.2205348014831543;0
59;P0;1;716d4a00-1159-4921-af01-b6b42fd5e41d;12;chapter_12;chapter_12;Part_I_Cap_12_Languages of the Amazon Dimensions of Diversity.pdf;16;12.9;0.4273175001144409;1
59;P0;2;1cf36954-9b80-4c8c-be52-5df1dc01e6dc;12;chapter_12;chapter_12;Part_I_Cap_12_Languages of the Amazon Dimensions of Diversity.pdf;18;12.9;0.5100053548812866;1
59;P0;3;1499818a-c2f9-4233-817a-97bfe881125a;12;chapter_12;chapter_12;Part_I_Cap_12_Languages of the Amazon Dimensions of Diversity.pdf;16;12.9;0.5735788941383362;1
59;P0;4;954a4a78-984c-4af9-80a9-c4f557b66555;9;chapter_09;chapter_12;Part_I_Cap_09_Peoples of the Amazon and European Colonization (16th-18th Centuries).pdf;29;9.9;0.6029074192047119;0
59;P0;5;32588592-5171-4fdb-96e0-c6ffaefdd0a4;12;chapter_12;chapter_12;Part_I_Cap_12_Languages of the Amazon Dimensions of Diversity.pdf;16;12.9;0.6113431453704834;1
59;P0;6;8190ca7d-e11e-4cb8-9501-15a25c6175e8;12;chapter_12;chapter_12;Part_I_Cap_12_Languages of the Amazon Dimensions of Diversity.pdf;16;12.9;0.6309857964515686;1
59;P0;7;73e08e25-325d-4507-9aec-66b13c40621b;12;chapter_12;chapter_12;Part_I_Cap_12_Languages of the Amazon Dimensions of Diversity.pdf;17;12.9;0.6465027332305908;1
59;P0;8;16a3d932-2c18-4aa1-bf0f-1c75e67bec19;12;chapter_12;chapter_12;Part_I_Cap_12_Languages of the Amazon Dimensions of Diversity.pdf;17;12.9;0.6557039022445679;1
59;P0;9;468c8097-0c73-4246-a5fc-93535e64a9ab;12;chapter_12;chapter_12;Part_I_Cap_12_Languages of the Amazon Dimensions of Diversity.pdf;17;12.9;0.6682408452033997;1
59;P0;10;a5a117cd-25e7-47b9-ba09-b39fa626500a;12;chapter_12;chapter_12;Part_I_Cap_12_Languages of the Amazon Dimensions of Diversity.pdf;17;12.9;0.6691883206367493;1
60;P0;1;fdf47690-4eae-4ad6-81c0-0e9fea8865a8;34;chapter_34;chapter_34;Part_III_Cap_34_Boosting relations between the Amazon forest and its globalizing cities.pdf;14;34.6;0.3204186260700226;1
60;P0;2;94ed2f66-8d52-4386-85c8-f16fee75e2ee;34;chapter_34;chapter_34;Part_III_Cap_34_Boosting relations between the Amazon forest and its globalizing cities.pdf;14;34.6;0.3712916970252991;1
60;P0;3;f8cef3c1-6dc8-4836-932e-8d5eeba4552c;34;chapter_34;chapter_34;Part_III_Cap_34_Boosting relations between the Amazon forest and its globalizing cities.pdf;14;34.6;0.4293248951435089;1
60;P0;4;28317217-8ddf-4a28-a315-7ac3c48da142;34;chapter_34;chapter_34;Part_III_Cap_34_Boosting relations between the Amazon forest and its globalizing cities.pdf;14;34.6;0.5006490349769592;1
60;P0;5;09257443-5496-4ed2-853d-ecd8c1113d60;34;chapter_34;chapter_34;Part_III_Cap_34_Boosting relations between the Amazon forest and its globalizing cities.pdf;14;34.6;0.5034396648406982;1
60;P0;6;3ad197e4-28a5-4cab-b987-74da05ebfa16;21;chapter_21;chapter_34;Part_II_Cap_21_Human Well-Being and Health Impacts of the Degradation of Terrestrial and Aquatic Ecosystems.pdf;20;21.8;0.5275585651397705;0
60;P0;7;a29c04ce-b624-4146-8c24-7e9f90906c40;34;chapter_34;chapter_34;Part_III_Cap_34_Boosting relations between the Amazon forest and its globalizing cities.pdf;13;34.6;0.5316469669342041;1
60;P0;8;e8ea0dbc-c88d-4ff4-8730-cfe84dcf0893;21;chapter_21;chapter_34;Part_II_Cap_21_Human Well-Being and Health Impacts of the Degradation of Terrestrial and Aquatic Ecosystems.pdf;16;21.3;0.5517377853393555;0
60;P0;9;1d412f1f-52c3-432d-9382-910c7a22a6e5;14;chapter_14;chapter_34;Part_II_Cap_14_Amazon in Motion Changing Politics, Development Strategies, Peoples, Landscapes, and Livelihoods.pdf;43;14.4.4;0.5643263459205627;0
60;P0;10;37d10487-2965-42ef-affd-467ae4f9d8c8;14;chapter_14;chapter_34;Part_II_Cap_14_Amazon in Motion Changing Politics, Development Strategies, Peoples, Landscapes, and Livelihoods.pdf;43;14.4.4;0.6209626197814941;0
61;P0;1;fdba3c0d-2c22-4aa1-84de-b3cfc9e64faf;6;chapter_06;chapter_02;Part_I_Cap_06_Biogeochemical Cycles in the Amazon.pdf;7;11.7;0.432605117559433;0
61;P0;2;16583f87-045d-4e53-aabe-f63efa2b24cc;2;chapter_02;chapter_02;Part_I_Cap_02_Evolution of Amazonian Biodiversity.pdf;12;2.6;0.4544999301433563;1
61;P0;3;ddfa0b87-f71b-4e21-b1db-3cae4ecb14d7;2;chapter_02;chapter_02;Part_I_Cap_02_Evolution of Amazonian Biodiversity.pdf;12;2.6;0.47378578782081604;1
61;P0;4;9cd75ea7-69c8-47d3-aac8-fe27af44ade9;1;chapter_01;chapter_02;Part_I_Cap_01_Geology and Geodiversity of the Amazon Three Billion Years of History.pdf;16;1.4;0.4829655885696411;0
61;P0;5;d9af088c-896b-4b9a-9dc7-201a8851fa1a;2;chapter_02;chapter_02;Part_I_Cap_02_Evolution of Amazonian Biodiversity.pdf;12;2.6;0.48403453826904297;1
61;P0;6;ad12fc88-68f1-4885-b588-cc816430d00c;1;chapter_01;chapter_02;Part_I_Cap_01_Geology and Geodiversity of the Amazon Three Billion Years of History.pdf;16;1.4;0.5012071132659912;0
61;P0;7;89e1d7c7-f4a0-4fdd-9298-6b69bcce0b7f;1;chapter_01;chapter_02;Part_I_Cap_01_Geology and Geodiversity of the Amazon Three Billion Years of History.pdf;14;1.3.1.3;0.529251754283905;0
61;P0;8;9f692365-6a1b-4ec1-bfb9-a1f17729d4d3;2;chapter_02;chapter_02;Part_I_Cap_02_Evolution of Amazonian Biodiversity.pdf;15;2.5;0.5301406383514404;1
61;P0;9;ab6bb450-9af1-4abb-b9ce-5abd72020107;8;chapter_08;chapter_02;Part_I_Cap_08_Peoples of the Amazon Before European Colonization.pdf;12;8.3;0.53812175989151;0
61;P0;10;0795a05e-c632-4626-b1dd-0588a29dca60;8;chapter_08;chapter_02;Part_I_Cap_08_Peoples of the Amazon Before European Colonization.pdf;11;8.3;0.5396409034729004;0
62;P0;1;16583f87-045d-4e53-aabe-f63efa2b24cc;2;chapter_02;chapter_02;Part_I_Cap_02_Evolution of Amazonian Biodiversity.pdf;12;2.6;0.5551928281784058;1
62;P0;2;d9af088c-896b-4b9a-9dc7-201a8851fa1a;2;chapter_02;chapter_02;Part_I_Cap_02_Evolution of Amazonian Biodiversity.pdf;12;2.6;0.5581442713737488;1
62;P0;3;fdba3c0d-2c22-4aa1-84de-b3cfc9e64faf;6;chapter_06;chapter_02;Part_I_Cap_06_Biogeochemical Cycles in the Amazon.pdf;7;11.7;0.608954668045044;0
62;P0;4;ddfa0b87-f71b-4e21-b1db-3cae4ecb14d7;2;chapter_02;chapter_02;Part_I_Cap_02_Evolution of Amazonian Biodiversity.pdf;12;2.6;0.66385418176651;1
62;P0;5;e9b62694-4469-4d44-b28c-0428859d5ff8;2;chapter_02;chapter_02;Part_I_Cap_02_Evolution of Amazonian Biodiversity.pdf;39;2.9;0.6851820945739746;1
62;P0;6;36edeb3f-b8bf-477c-b696-98fe08ae2c46;1;chapter_01;chapter_02;Part_I_Cap_01_Geology and Geodiversity of the Amazon Three Billion Years of History.pdf;36;1.10;0.7027310132980347;0
62;P0;7;c37de6f0-4de2-4bb6-8442-26fdec8fd855;2;chapter_02;chapter_02;Part_I_Cap_02_Evolution of Amazonian Biodiversity.pdf;35;2.9;0.7086551189422607;1
62;P0;8;3284c47f-5beb-4677-a9fc-2274410fde92;2;chapter_02;chapter_02;Part_I_Cap_02_Evolution of Amazonian Biodiversity.pdf;24;2.5;0.710037350654602;1
62;P0;9;be5d9b3f-2294-463c-8637-a1ad24dc9272;2;chapter_02;chapter_02;Part_I_Cap_02_Evolution of Amazonian Biodiversity.pdf;6;2;0.7103559970855713;1
62;P0;10;9cd75ea7-69c8-47d3-aac8-fe27af44ade9;1;chapter_01;chapter_02;Part_I_Cap_01_Geology and Geodiversity of the Amazon Three Billion Years of History.pdf;16;1.4;0.7105980515480042;0
63;P0;1;a7f90fcd-eb20-4a66-91e6-4c6cd3ddd576;1;chapter_01;chapter_02;Part_I_Cap_01_Geology and Geodiversity of the Amazon Three Billion Years of History.pdf;13;1.4;0.5040229558944702;0
63;P0;2;6b94e3d8-c894-469b-93d8-33c9b041f114;1;chapter_01;chapter_02;Part_I_Cap_01_Geology and Geodiversity of the Amazon Three Billion Years of History.pdf;13;1.2;0.549213707447052;0
63;P0;3;d0d5a616-a4b5-4610-8aee-754c9a2f7ca9;1;chapter_01;chapter_02;Part_I_Cap_01_Geology and Geodiversity of the Amazon Three Billion Years of History.pdf;13;1.2;0.556303083896637;0
63;P0;4;2717f96b-e647-4dff-b055-a517abd3805c;1;chapter_01;chapter_02;Part_I_Cap_01_Geology and Geodiversity of the Amazon Three Billion Years of History.pdf;6;1;0.6684557199478149;0
63;P0;5;bf30ce0c-44aa-4dce-b741-80a12527470f;4;chapter_04;chapter_02;Part_I_Cap_04_Amazonian Ecosystems and Their Ecological Functions.pdf;14;4.2.2;0.6760185956954956;0
63;P0;6;7c831fff-b12e-4ca4-af4b-00f59aa4cd21;1;chapter_01;chapter_02;Part_I_Cap_01_Geology and Geodiversity of the Amazon Three Billion Years of History.pdf;26;1.7;0.6779048442840576;0
63;P0;7;a33d35d2-a8c1-43ad-9a2e-b4a86923333a;2;chapter_02;chapter_02;Part_I_Cap_02_Evolution of Amazonian Biodiversity.pdf;26;2.5;0.6847964525222778;1
63;P0;8;c6676f62-ebd8-4eab-ab14-fc959aa5e93e;1;chapter_01;chapter_02;Part_I_Cap_01_Geology and Geodiversity of the Amazon Three Billion Years of History.pdf;11;1.2;0.6875787973403931;0
63;P0;9;d62a912c-fe44-4e5f-8ba2-3a2e8b4d40cc;1;chapter_01;chapter_02;Part_I_Cap_01_Geology and Geodiversity of the Amazon Three Billion Years of History.pdf;23;1.5.1;0.6912454962730408;0
63;P0;10;654eb763-bd35-4f9f-b224-418b06db9e13;4;chapter_04;chapter_02;Part_I_Cap_04_Amazonian Ecosystems and Their Ecological Functions.pdf;17;4.1;0.6922483444213867;0
64;P0;1;f0d24dd3-d29d-4950-afac-0a7684273eb4;2;chapter_02;chapter_02;Part_I_Cap_02_Evolution of Amazonian Biodiversity.pdf;12;2.6;0.5309427976608276;1
64;P0;2;5275b230-fd98-42db-acdd-34c5adfcbf42;2;chapter_02;chapter_02;Part_I_Cap_02_Evolution of Amazonian Biodiversity.pdf;15;2.5;0.541355311870575;1
64;P0;3;af9874ad-5979-4210-9390-410ad0f92a50;2;chapter_02;chapter_02;Part_I_Cap_02_Evolution of Amazonian Biodiversity.pdf;15;2.4;0.5616346001625061;1
64;P0;4;0a77a270-0760-4650-a096-b3b09dc28cb9;2;chapter_02;chapter_02;Part_I_Cap_02_Evolution of Amazonian Biodiversity.pdf;32;2.9;0.5616627335548401;1
64;P0;5;60d18e42-915d-4ac0-8d84-33d70a50d3f9;2;chapter_02;chapter_02;Part_I_Cap_02_Evolution of Amazonian Biodiversity.pdf;12;2.3;0.5630141496658325;1
64;P0;6;ff43679c-d2de-48df-a1ef-f7c76a681410;2;chapter_02;chapter_02;Part_I_Cap_02_Evolution of Amazonian Biodiversity.pdf;14;2.4.1;0.5704123973846436;1
64;P0;7;1d402e04-ec30-4b79-8f15-ff96fd62a1d0;2;chapter_02;chapter_02;Part_I_Cap_02_Evolution of Amazonian Biodiversity.pdf;20;2.4.3;0.5722544193267822;1
64;P0;8;9f692365-6a1b-4ec1-bfb9-a1f17729d4d3;2;chapter_02;chapter_02;Part_I_Cap_02_Evolution of Amazonian Biodiversity.pdf;15;2.5;0.5735047459602356;1
64;P0;9;78a2d1d3-013e-4441-ae69-6332b0227ed2;2;chapter_02;chapter_02;Part_I_Cap_02_Evolution of Amazonian Biodiversity.pdf;41;2.9;0.5985546112060547;1
64;P0;10;c47c3668-4b14-46b4-a393-9d95d9a3b4da;2;chapter_02;chapter_02;Part_I_Cap_02_Evolution of Amazonian Biodiversity.pdf;13;2.4.1;0.6151761412620544;1
65;P0;1;f01451bd-a48e-4665-bd14-d3c61b2911d8;6;chapter_06;cross_chapter_1;Part_I_Cap_06_Biogeochemical Cycles in the Amazon.pdf;17;6.2.4;0.3829460144042969;0
65;P0;2;adf995bd-bb0a-4979-a155-990b2e96bc6c;6;chapter_06;cross_chapter_1;Part_I_Cap_06_Biogeochemical Cycles in the Amazon.pdf;19;6.1;0.38932567834854126;0
65;P0;3;f6e22e48-097f-42af-ad12-dc0ad45d924d;6;chapter_06;cross_chapter_1;Part_I_Cap_06_Biogeochemical Cycles in the Amazon.pdf;17;6.2.4;0.3991638422012329;0
65;P0;4;3ff7d1ed-6342-4e24-88c2-5d8a079dddb0;6;chapter_06;cross_chapter_1;Part_I_Cap_06_Biogeochemical Cycles in the Amazon.pdf;17;6.2.4;0.4119149148464203;0
65;P0;5;c91d81e5-d0ea-437d-8dc2-2a7152611636;6;chapter_06;cross_chapter_1;Part_I_Cap_06_Biogeochemical Cycles in the Amazon.pdf;38;6.8;0.4285096228122711;0
65;P0;6;741bb6c2-cb44-475f-aa58-03d90c4d3205;1;cross_chapter_1;cross_chapter_1;Part_I_Cap_01_Cross Chapter 1 The Amazon Carbon Budget.pdf;6;CB1.;0.4299938678741455;1
65;P0;7;7b7046fa-db46-4273-9a9d-466881fa8ce7;6;chapter_06;cross_chapter_1;Part_I_Cap_06_Biogeochemical Cycles in the Amazon.pdf;18;8.85;0.4415801167488098;0
65;P0;8;26e76fc9-9de7-4e00-b07e-49926857aab8;6;chapter_06;cross_chapter_1;Part_I_Cap_06_Biogeochemical Cycles in the Amazon.pdf;18;8.85;0.44248902797698975;0
65;P0;9;f3b8b0e0-20ea-4906-b34c-23a81f63df4c;6;chapter_06;cross_chapter_1;Part_I_Cap_06_Biogeochemical Cycles in the Amazon.pdf;19;8.85;0.4458703398704529;0
65;P0;10;2e4b82fa-924e-4f0e-8231-f9e3b8cc8920;6;chapter_06;cross_chapter_1;Part_I_Cap_06_Biogeochemical Cycles in the Amazon.pdf;18;8.85;0.45116478204727173;0
66;P0;1;d4a13fa5-fdcd-4851-a716-2288bfa32d04;6;chapter_06;cross_chapter_1;Part_I_Cap_06_Biogeochemical Cycles in the Amazon.pdf;11;6.2.2.4;0.44247519969940186;0
66;P0;2;54a4e8e9-156f-4b51-8358-2611aeb08662;6;chapter_06;cross_chapter_1;Part_I_Cap_06_Biogeochemical Cycles in the Amazon.pdf;11;6.2.2.4;0.4794352650642395;0
66;P0;3;041019d1-ced9-4050-a143-8d514d213d8a;1;cross_chapter_1;cross_chapter_1;Part_I_Cap_01_Cross Chapter 1 The Amazon Carbon Budget.pdf;4;A;0.5029913783073425;1
66;P0;4;d5fac884-5ffb-4e64-bdae-9334c80d921f;1;cross_chapter_1;cross_chapter_1;Part_I_Cap_01_Cross Chapter 1 The Amazon Carbon Budget.pdf;7;CB1.;0.5182551145553589;1
66;P0;5;dbb44653-d774-4940-a228-22fa4b8c4e12;23;chapter_23;cross_chapter_1;Part_II_Cap_23_Impacts of Deforestation and Climate Change on Biodiversity, Ecological Processes, and Environmental Adaptation.pdf;14;23.2;0.5286881327629089;0
66;P0;6;e4d842e1-8754-4d7c-90a9-d002ffe3d157;6;chapter_06;cross_chapter_1;Part_I_Cap_06_Biogeochemical Cycles in the Amazon.pdf;17;4.2;0.5311927795410156;0
66;P0;7;67732246-4c57-42bf-b8a7-0f6e58ee8fc1;1;cross_chapter_1;cross_chapter_1;Part_I_Cap_01_Cross Chapter 1 The Amazon Carbon Budget.pdf;5;CB1.;0.5328046679496765;1
66;P0;8;741bb6c2-cb44-475f-aa58-03d90c4d3205;1;cross_chapter_1;cross_chapter_1;Part_I_Cap_01_Cross Chapter 1 The Amazon Carbon Budget.pdf;6;CB1.;0.5398026704788208;1
66;P0;9;1fd0cf91-41c9-4a3d-84db-86732bc4f333;1;cross_chapter_1;cross_chapter_1;Part_I_Cap_01_Cross Chapter 1 The Amazon Carbon Budget.pdf;4;A;0.5398163795471191;1
66;P0;10;377ee9f2-8fd2-41b7-b9ab-1f16259823f2;6;chapter_06;cross_chapter_1;Part_I_Cap_06_Biogeochemical Cycles in the Amazon.pdf;8;6.1;0.5421741604804993;0
67;P0;1;741bb6c2-cb44-475f-aa58-03d90c4d3205;1;cross_chapter_1;cross_chapter_1;Part_I_Cap_01_Cross Chapter 1 The Amazon Carbon Budget.pdf;6;CB1.;0.3975851535797119;1
67;P0;2;37ee25e9-6467-4210-9870-00d768089169;1;cross_chapter_1;cross_chapter_1;Part_I_Cap_01_Cross Chapter 1 The Amazon Carbon Budget.pdf;5;CB1.;0.4028259217739105;1
67;P0;3;d5fac884-5ffb-4e64-bdae-9334c80d921f;1;cross_chapter_1;cross_chapter_1;Part_I_Cap_01_Cross Chapter 1 The Amazon Carbon Budget.pdf;7;CB1.;0.4081937074661255;1
67;P0;4;f5d6a30d-6233-4793-9d43-c6203962d12c;29;chapter_29;cross_chapter_1;Part_III_Cap_29_Restoration priorities and benefits within landscapes and catchments and across the Amazon Basin.pdf;8;8.48;0.4135743975639343;0
67;P0;5;041019d1-ced9-4050-a143-8d514d213d8a;1;cross_chapter_1;cross_chapter_1;Part_I_Cap_01_Cross Chapter 1 The Amazon Carbon Budget.pdf;4;A;0.424874484539032;1
67;P0;6;a3f8d0ec-8ec5-4cd6-a89e-9abd8b4cc257;1;cross_chapter_1;cross_chapter_1;Part_I_Cap_01_Cross Chapter 1 The Amazon Carbon Budget.pdf;5;CB1.;0.4369267225265503;1
67;P0;7;54a4e8e9-156f-4b51-8358-2611aeb08662;6;chapter_06;cross_chapter_1;Part_I_Cap_06_Biogeochemical Cycles in the Amazon.pdf;11;6.2.2.4;0.43960654735565186;0
67;P0;8;ec6af6c8-1d1d-4316-88e6-bf14374f0da8;1;cross_chapter_1;cross_chapter_1;Part_I_Cap_01_Cross Chapter 1 The Amazon Carbon Budget.pdf;6;CB1.;0.4419790804386139;1
67;P0;9;5879a462-8131-404e-a8a6-3307b9163d08;1;cross_chapter_1;cross_chapter_1;Part_I_Cap_01_Cross Chapter 1 The Amazon Carbon Budget.pdf;6;CB1.;0.4464937448501587;1
67;P0;10;494d87a0-1364-4ce2-9375-76859a655193;6;chapter_06;cross_chapter_1;Part_I_Cap_06_Biogeochemical Cycles in the Amazon.pdf;25;48.0;0.4565936326980591;0
68;P0;1;54a4e8e9-156f-4b51-8358-2611aeb08662;6;chapter_06;cross_chapter_1;Part_I_Cap_06_Biogeochemical Cycles in the Amazon.pdf;11;6.2.2.4;0.427920937538147;0
68;P0;2;d4a13fa5-fdcd-4851-a716-2288bfa32d04;6;chapter_06;cross_chapter_1;Part_I_Cap_06_Biogeochemical Cycles in the Amazon.pdf;11;6.2.2.4;0.428223192691803;0
68;P0;3;750d5f16-415a-4169-84b9-fb0270320ffd;1;cross_chapter_1;cross_chapter_1;Part_I_Cap_01_Cross Chapter 1 The Amazon Carbon Budget.pdf;5;CB1.;0.45096513628959656;1
68;P0;4;ad678afe-311a-407c-8237-bc0374b2f342;23;chapter_23;cross_chapter_1;Part_II_Cap_23_Impacts of Deforestation and Climate Change on Biodiversity, Ecological Processes, and Environmental Adaptation.pdf;12;23.1.3;0.4873916506767273;0
68;P0;5;67732246-4c57-42bf-b8a7-0f6e58ee8fc1;1;cross_chapter_1;cross_chapter_1;Part_I_Cap_01_Cross Chapter 1 The Amazon Carbon Budget.pdf;5;CB1.;0.494113028049469;1
68;P0;6;cbb669f1-a4ab-47ac-bd97-50fb405bb5a1;6;chapter_06;cross_chapter_1;Part_I_Cap_06_Biogeochemical Cycles in the Amazon.pdf;14;6.4;0.49887168407440186;0
68;P0;7;dda5fb9d-bc72-48ad-ad39-5baaed980f13;23;chapter_23;cross_chapter_1;Part_II_Cap_23_Impacts of Deforestation and Climate Change on Biodiversity, Ecological Processes, and Environmental Adaptation.pdf;12;23.1.3;0.49896401166915894;0
68;P0;8;2826dee1-4b51-4740-8850-0d53d9d147e7;1;cross_chapter_1;cross_chapter_1;Part_I_Cap_01_Cross Chapter 1 The Amazon Carbon Budget.pdf;7;CB1.;0.5069810152053833;1
68;P0;9;d5fac884-5ffb-4e64-bdae-9334c80d921f;1;cross_chapter_1;cross_chapter_1;Part_I_Cap_01_Cross Chapter 1 The Amazon Carbon Budget.pdf;7;CB1.;0.5085206031799316;1
68;P0;10;dbb44653-d774-4940-a228-22fa4b8c4e12;23;chapter_23;cross_chapter_1;Part_II_Cap_23_Impacts of Deforestation and Climate Change on Biodiversity, Ecological Processes, and Environmental Adaptation.pdf;14;23.2;0.5107302069664001;0
69;P0;1;88aab4d0-f7de-4cda-8868-df36435bd5d2;21;chapter_21;chapter_21;Part_II_Cap_21_Human Well-Being and Health Impacts of the Degradation of Terrestrial and Aquatic Ecosystems.pdf;7;21.2.1;0.42358270287513733;1
69;P0;2;3780538f-4711-44a1-9db3-5f444ed11764;21;chapter_21;chapter_21;Part_II_Cap_21_Human Well-Being and Health Impacts of the Degradation of Terrestrial and Aquatic Ecosystems.pdf;7;21.2.1;0.6068836450576782;1
69;P0;3;9cfc55cc-7fcc-4f91-ae8c-9e34d30a7542;21;chapter_21;chapter_21;Part_II_Cap_21_Human Well-Being and Health Impacts of the Degradation of Terrestrial and Aquatic Ecosystems.pdf;7;21.2.1;0.6596444845199585;1
69;P0;4;ca3e7e38-db2a-4ea3-a280-c97e57bba380;21;chapter_21;chapter_21;Part_II_Cap_21_Human Well-Being and Health Impacts of the Degradation of Terrestrial and Aquatic Ecosystems.pdf;7;21.2.1;0.6875908970832825;1
69;P0;5;d91831e3-767d-43f1-81aa-fd89c00e9d85;21;chapter_21;chapter_21;Part_II_Cap_21_Human Well-Being and Health Impacts of the Degradation of Terrestrial and Aquatic Ecosystems.pdf;20;21.7;0.7332941889762878;1
69;P0;6;6e937b5f-f3ef-4b35-8577-ff5bd573191b;21;chapter_21;chapter_21;Part_II_Cap_21_Human Well-Being and Health Impacts of the Degradation of Terrestrial and Aquatic Ecosystems.pdf;6;21;0.7679667472839355;1
69;P0;7;2f1fcef5-9d36-4c30-be4f-9db4cc8d1356;21;chapter_21;chapter_21;Part_II_Cap_21_Human Well-Being and Health Impacts of the Degradation of Terrestrial and Aquatic Ecosystems.pdf;26;21.9;0.7725830078125;1
69;P0;8;4fdf70a4-15cb-466d-bd36-0984a46a6762;21;chapter_21;chapter_21;Part_II_Cap_21_Human Well-Being and Health Impacts of the Degradation of Terrestrial and Aquatic Ecosystems.pdf;21;21.8;0.7876848578453064;1
69;P0;9;7ee04b58-3706-4888-841d-b72813d8c2d9;21;chapter_21;chapter_21;Part_II_Cap_21_Human Well-Being and Health Impacts of the Degradation of Terrestrial and Aquatic Ecosystems.pdf;26;21.9;0.7901283502578735;1
69;P0;10;149e8d70-561a-4d21-ac6c-ee3057e6061f;19;chapter_19;chapter_21;Part_II_Cap_19_Drivers and Ecological Impacts of Deforestation and Forest Degradation.pdf;35;19.7;0.8078566789627075;0
70;P0;1;e8ea0dbc-c88d-4ff4-8730-cfe84dcf0893;21;chapter_21;chapter_21;Part_II_Cap_21_Human Well-Being and Health Impacts of the Degradation of Terrestrial and Aquatic Ecosystems.pdf;16;21.3;0.453365683555603;1
70;P0;2;17b97969-bccc-4964-b67c-21825d183fd4;21;chapter_21;chapter_21;Part_II_Cap_21_Human Well-Being and Health Impacts of the Degradation of Terrestrial and Aquatic Ecosystems.pdf;16;21.3;0.4645896553993225;1
70;P0;3;81883b7a-467a-4977-96c5-e700fed2c483;21;chapter_21;chapter_21;Part_II_Cap_21_Human Well-Being and Health Impacts of the Degradation of Terrestrial and Aquatic Ecosystems.pdf;16;21.3;0.4671192467212677;1
70;P0;4;295bc078-2004-40a8-9f0a-414ae481b5e1;21;chapter_21;chapter_21;Part_II_Cap_21_Human Well-Being and Health Impacts of the Degradation of Terrestrial and Aquatic Ecosystems.pdf;16;21.3;0.4742639660835266;1
70;P0;5;f81b677d-a7fa-4ba9-8dd1-0bae57f42e5e;21;chapter_21;chapter_21;Part_II_Cap_21_Human Well-Being and Health Impacts of the Degradation of Terrestrial and Aquatic Ecosystems.pdf;16;21.3;0.4754101634025574;1
70;P0;6;62317d4e-0a9b-4bf7-9af6-bfd123152a8d;21;chapter_21;chapter_21;Part_II_Cap_21_Human Well-Being and Health Impacts of the Degradation of Terrestrial and Aquatic Ecosystems.pdf;15;21.3;0.4895104169845581;1
70;P0;7;7a3081a0-aea6-4e17-9fe5-6ea2e7bdc246;21;chapter_21;chapter_21;Part_II_Cap_21_Human Well-Being and Health Impacts of the Degradation of Terrestrial and Aquatic Ecosystems.pdf;19;21.3;0.5069046020507812;1
70;P0;8;e4d7f5f3-9fc5-403c-911a-e138b9f49e3d;14;chapter_14;chapter_21;Part_II_Cap_14_Amazon in Motion Changing Politics, Development Strategies, Peoples, Landscapes, and Livelihoods.pdf;7;14.3.1;0.5409261584281921;0
70;P0;9;12bc1d95-6b19-4d0c-89a9-bb4d49569b2d;21;chapter_21;chapter_21;Part_II_Cap_21_Human Well-Being and Health Impacts of the Degradation of Terrestrial and Aquatic Ecosystems.pdf;10;21.2.4;0.5420466661453247;1
70;P0;10;62d3b4cc-7aed-4a02-a2ba-6c277e01edc5;21;chapter_21;chapter_21;Part_II_Cap_21_Human Well-Being and Health Impacts of the Degradation of Terrestrial and Aquatic Ecosystems.pdf;18;21.3;0.5421301126480103;1
71;P0;1;88aab4d0-f7de-4cda-8868-df36435bd5d2;21;chapter_21;chapter_21;Part_II_Cap_21_Human Well-Being and Health Impacts of the Degradation of Terrestrial and Aquatic Ecosystems.pdf;7;21.2.1;0.2865749001502991;1
71;P0;2;3780538f-4711-44a1-9db3-5f444ed11764;21;chapter_21;chapter_21;Part_II_Cap_21_Human Well-Being and Health Impacts of the Degradation of Terrestrial and Aquatic Ecosystems.pdf;7;21.2.1;0.4084458351135254;1
71;P0;3;ca3e7e38-db2a-4ea3-a280-c97e57bba380;21;chapter_21;chapter_21;Part_II_Cap_21_Human Well-Being and Health Impacts of the Degradation of Terrestrial and Aquatic Ecosystems.pdf;7;21.2.1;0.5234247446060181;1
71;P0;4;9cfc55cc-7fcc-4f91-ae8c-9e34d30a7542;21;chapter_21;chapter_21;Part_II_Cap_21_Human Well-Being and Health Impacts of the Degradation of Terrestrial and Aquatic Ecosystems.pdf;7;21.2.1;0.5264495611190796;1
71;P0;5;d91831e3-767d-43f1-81aa-fd89c00e9d85;21;chapter_21;chapter_21;Part_II_Cap_21_Human Well-Being and Health Impacts of the Degradation of Terrestrial and Aquatic Ecosystems.pdf;20;21.7;0.6558144688606262;1
71;P0;6;2f1fcef5-9d36-4c30-be4f-9db4cc8d1356;21;chapter_21;chapter_21;Part_II_Cap_21_Human Well-Being and Health Impacts of the Degradation of Terrestrial and Aquatic Ecosystems.pdf;26;21.9;0.681214451789856;1
71;P0;7;f4f63366-76be-4d77-a2d0-68f722d8b82f;21;chapter_21;chapter_21;Part_II_Cap_21_Human Well-Being and Health Impacts of the Degradation of Terrestrial and Aquatic Ecosystems.pdf;24;21.9;0.6943891644477844;1
71;P0;8;f262a5fa-a6ea-4a66-b84c-c68635a6c5f5;21;chapter_21;chapter_21;Part_II_Cap_21_Human Well-Being and Health Impacts of the Degradation of Terrestrial and Aquatic Ecosystems.pdf;8;21.2.3;0.7166110277175903;1
71;P0;9;6e937b5f-f3ef-4b35-8577-ff5bd573191b;21;chapter_21;chapter_21;Part_II_Cap_21_Human Well-Being and Health Impacts of the Degradation of Terrestrial and Aquatic Ecosystems.pdf;6;21;0.7383507490158081;1
71;P0;10;4fdf70a4-15cb-466d-bd36-0984a46a6762;21;chapter_21;chapter_21;Part_II_Cap_21_Human Well-Being and Health Impacts of the Degradation of Terrestrial and Aquatic Ecosystems.pdf;21;21.8;0.7411849498748779;1
72;P0;1;fd3235eb-dba5-40f8-b63e-ca821834e2e4;21;chapter_21;chapter_21;Part_II_Cap_21_Human Well-Being and Health Impacts of the Degradation of Terrestrial and Aquatic Ecosystems.pdf;20;21.8;0.4839473366737366;1
72;P0;2;a0a8efb8-4917-461a-97b9-188942849dad;21;chapter_21;chapter_21;Part_II_Cap_21_Human Well-Being and Health Impacts of the Degradation of Terrestrial and Aquatic Ecosystems.pdf;15;21.5;0.4840421974658966;1
72;P0;3;6e937b5f-f3ef-4b35-8577-ff5bd573191b;21;chapter_21;chapter_21;Part_II_Cap_21_Human Well-Being and Health Impacts of the Degradation of Terrestrial and Aquatic Ecosystems.pdf;6;21;0.48546144366264343;1
72;P0;4;a29c04ce-b624-4146-8c24-7e9f90906c40;34;chapter_34;chapter_21;Part_III_Cap_34_Boosting relations between the Amazon forest and its globalizing cities.pdf;13;34.6;0.4966007471084595;0
72;P0;5;880a303e-401e-4d9e-97b9-d0b264e6584d;15;chapter_15;chapter_21;Part_II_Cap_15_Complex, Diverse, and Changing Agribusiness and Livelihood Systems in the Amazon.pdf;32;15.3.2;0.5127161145210266;0
72;P0;6;3ad197e4-28a5-4cab-b987-74da05ebfa16;21;chapter_21;chapter_21;Part_II_Cap_21_Human Well-Being and Health Impacts of the Degradation of Terrestrial and Aquatic Ecosystems.pdf;20;21.8;0.5170159339904785;1
72;P0;7;3016de98-9d3d-4d9d-ae5a-520b3529c4ce;21;chapter_21;chapter_21;Part_II_Cap_21_Human Well-Being and Health Impacts of the Degradation of Terrestrial and Aquatic Ecosystems.pdf;5;21;0.5194903016090393;1
72;P0;8;36cbcaa8-523a-438e-8ccc-a3b471d4e85a;21;chapter_21;chapter_21;Part_II_Cap_21_Human Well-Being and Health Impacts of the Degradation of Terrestrial and Aquatic Ecosystems.pdf;5;21;0.5258830785751343;1
72;P0;9;d91831e3-767d-43f1-81aa-fd89c00e9d85;21;chapter_21;chapter_21;Part_II_Cap_21_Human Well-Being and Health Impacts of the Degradation of Terrestrial and Aquatic Ecosystems.pdf;20;21.7;0.5275309085845947;1
72;P0;10;cdba7f51-8012-40d9-9d4b-2889848342dc;15;chapter_15;chapter_21;Part_II_Cap_15_Complex, Diverse, and Changing Agribusiness and Livelihood Systems in the Amazon.pdf;7;15.1;0.5424376130104065;0
73;P0;1;5752f9bc-8c0c-42d7-bad4-a2edf0a7a435;24;chapter_24;chapter_24;Part_II_Cap_24_Resilience of the Amazon Forest to Global Changes Assessing the Risk of Tipping Points.pdf;10;24.2;0.6734127998352051;1
73;P0;2;e48dbc48-f10b-4cae-8ffb-da247448619e;24;chapter_24;chapter_24;Part_II_Cap_24_Resilience of the Amazon Forest to Global Changes Assessing the Risk of Tipping Points.pdf;9;24.2;0.6742279529571533;1
73;P0;3;9640b496-d48d-4109-9fd9-d1c79fef5030;24;chapter_24;chapter_24;Part_II_Cap_24_Resilience of the Amazon Forest to Global Changes Assessing the Risk of Tipping Points.pdf;9;24.2;0.6758474111557007;1
73;P0;4;142ef7cc-84f5-4224-8d09-a3e761353757;24;chapter_24;chapter_24;Part_II_Cap_24_Resilience of the Amazon Forest to Global Changes Assessing the Risk of Tipping Points.pdf;20;24.5;0.6799352169036865;1
73;P0;5;9defdad1-28ac-4c8a-ab66-d882ed23abc6;24;chapter_24;chapter_24;Part_II_Cap_24_Resilience of the Amazon Forest to Global Changes Assessing the Risk of Tipping Points.pdf;6;4.5;0.6906013488769531;1
73;P0;6;e72448e9-97c2-40fa-bde0-b7aca5c8d6d6;24;chapter_24;chapter_24;Part_II_Cap_24_Resilience of the Amazon Forest to Global Changes Assessing the Risk of Tipping Points.pdf;27;24.7;0.6916719675064087;1
73;P0;7;efb790b1-f5dc-4e1c-82ae-7c2f5c5b3764;24;chapter_24;chapter_24;Part_II_Cap_24_Resilience of the Amazon Forest to Global Changes Assessing the Risk of Tipping Points.pdf;27;24.8;0.6919660568237305;1
73;P0;8;6c5ab1a8-ab08-44b8-b55e-4ea586581fba;24;chapter_24;chapter_24;Part_II_Cap_24_Resilience of the Amazon Forest to Global Changes Assessing the Risk of Tipping Points.pdf;11;24.2.2;0.693354606628418;1
73;P0;9;488e9f9a-585a-48c5-b359-ed7081afbaa7;24;chapter_24;chapter_24;Part_II_Cap_24_Resilience of the Amazon Forest to Global Changes Assessing the Risk of Tipping Points.pdf;9;24.2;0.6948727965354919;1
73;P0;10;66b41470-9928-4a43-9344-06f258c640ff;24;chapter_24;chapter_24;Part_II_Cap_24_Resilience of the Amazon Forest to Global Changes Assessing the Risk of Tipping Points.pdf;21;24.5.1;0.6984454393386841;1
74;P0;1;a993478f-72a4-4898-8618-b9b7760d68d5;3;chapter_03;chapter_24;Part_I_Cap_03_Biological Diversity and Ecological Networks in the Amazon.pdf;29;3.5;0.4178910553455353;0
74;P0;2;d597d124-74d2-4bdd-8027-2727fcdd9c00;27;chapter_27;chapter_24;Part_III_Cap_27_Conservation measures to counter the main threats to Amazonian biodiversity.pdf;9;27.4;0.4271519184112549;0
74;P0;3;5e04eb22-4c6a-47f7-9931-91d9a339eb97;24;chapter_24;chapter_24;Part_II_Cap_24_Resilience of the Amazon Forest to Global Changes Assessing the Risk of Tipping Points.pdf;21;24.5.1;0.4294343590736389;1
74;P0;4;1866a3c4-d05d-4980-aa04-a9ddf7359f15;27;chapter_27;chapter_24;Part_III_Cap_27_Conservation measures to counter the main threats to Amazonian biodiversity.pdf;9;27.4;0.4545700252056122;0
74;P0;5;fb7a5ddb-c5ee-4c44-8ad8-0cd13d90754e;3;chapter_03;chapter_24;Part_I_Cap_03_Biological Diversity and Ecological Networks in the Amazon.pdf;31;3.7;0.45704057812690735;0
74;P0;6;4014ca20-b30a-43df-8ffa-7b3593c4a8d7;23;chapter_23;chapter_24;Part_II_Cap_23_Impacts of Deforestation and Climate Change on Biodiversity, Ecological Processes, and Environmental Adaptation.pdf;7;23.1.1.1;0.45855146646499634;0
74;P0;7;71498209-d771-4ef5-9ea5-f18f9f442e84;27;chapter_27;chapter_24;Part_III_Cap_27_Conservation measures to counter the main threats to Amazonian biodiversity.pdf;9;27.4;0.45957788825035095;0
74;P0;8;98d0c033-b69c-42c3-acbe-38720ba8609c;23;chapter_23;chapter_24;Part_II_Cap_23_Impacts of Deforestation and Climate Change on Biodiversity, Ecological Processes, and Environmental Adaptation.pdf;6;23.1;0.4619857668876648;0
74;P0;9;0aea6842-ff08-458d-b556-75245444a872;23;chapter_23;chapter_24;Part_II_Cap_23_Impacts of Deforestation and Climate Change on Biodiversity, Ecological Processes, and Environmental Adaptation.pdf;6;23.1;0.4704911708831787;0
74;P0;10;91c7eec0-fb9c-49fe-8e95-dc17f24f430b;23;chapter_23;chapter_24;Part_II_Cap_23_Impacts of Deforestation and Climate Change on Biodiversity, Ecological Processes, and Environmental Adaptation.pdf;21;4.7;0.4733096957206726;0
75;P0;1;1680823e-da25-4cdf-b73b-b0a6d257f374;19;chapter_19;chapter_24;Part_II_Cap_19_Drivers and Ecological Impacts of Deforestation and Forest Degradation.pdf;5;19;0.6650655269622803;0
75;P0;2;bfa5b35a-11bd-4f75-b510-09a664e3dff2;28;chapter_28;chapter_24;Part_III_Cap_28_Restoration options for the Amazon.pdf;8;28.2.5;0.6773249506950378;0
75;P0;3;a7d1539c-7039-448d-bca2-9a4e027d96c0;24;chapter_24;chapter_24;Part_II_Cap_24_Resilience of the Amazon Forest to Global Changes Assessing the Risk of Tipping Points.pdf;16;24.2.4;0.7752636671066284;1
75;P0;4;61d991a1-9715-450d-9a33-acdc563fb78d;19;chapter_19;chapter_24;Part_II_Cap_19_Drivers and Ecological Impacts of Deforestation and Forest Degradation.pdf;33;19.5;0.7911189198493958;0
75;P0;5;37ca69e2-6681-42cf-a135-c64231605a93;28;chapter_28;chapter_24;Part_III_Cap_28_Restoration options for the Amazon.pdf;11;28.3.2;0.7940174341201782;0
75;P0;6;70598ccc-1755-41ac-9562-366ee5b6989b;24;chapter_24;chapter_24;Part_II_Cap_24_Resilience of the Amazon Forest to Global Changes Assessing the Risk of Tipping Points.pdf;16;24.2.4;0.80487459897995;1
75;P0;7;4ef13255-3651-43e9-acc6-01f7e05a559e;23;chapter_23;chapter_24;Part_II_Cap_23_Impacts of Deforestation and Climate Change on Biodiversity, Ecological Processes, and Environmental Adaptation.pdf;11;23.1.2;0.82245934009552;0
75;P0;8;3d932c6f-5334-4c27-b2d6-c44e2489108d;28;chapter_28;chapter_24;Part_III_Cap_28_Restoration options for the Amazon.pdf;12;28.3.3;0.8246649503707886;0
75;P0;9;623f9d64-37ea-44e9-b93e-90941b0aad96;28;chapter_28;chapter_24;Part_III_Cap_28_Restoration options for the Amazon.pdf;10;28.3.2;0.8377333879470825;0
75;P0;10;cc174a1e-e2d5-44e8-900c-7a0aacf0da8d;28;chapter_28;chapter_24;Part_III_Cap_28_Restoration options for the Amazon.pdf;12;28.3.3;0.8402203917503357;0
76;P0;1;7a7822cb-dc76-4a13-be72-c3e2394443ed;24;chapter_24;chapter_24;Part_II_Cap_24_Resilience of the Amazon Forest to Global Changes Assessing the Risk of Tipping Points.pdf;15;24.2.3;0.8827617168426514;1
76;P0;2;cfe395e8-5ea4-4718-8a70-f6f57f3ed21b;19;chapter_19;chapter_24;Part_II_Cap_19_Drivers and Ecological Impacts of Deforestation and Forest Degradation.pdf;33;19.4.4;0.8937418460845947;0
76;P0;3;08e194b9-ab35-4dbb-8971-b70532afd969;19;chapter_19;chapter_24;Part_II_Cap_19_Drivers and Ecological Impacts of Deforestation and Forest Degradation.pdf;28;19.13;0.8944504857063293;0
76;P0;4;e21539d6-73f9-4637-a94f-9f29f29bc336;19;chapter_19;chapter_24;Part_II_Cap_19_Drivers and Ecological Impacts of Deforestation and Forest Degradation.pdf;41;19.7;0.9019251465797424;0
76;P0;5;567398a1-6268-43da-9af1-4e3227391081;19;chapter_19;chapter_24;Part_II_Cap_19_Drivers and Ecological Impacts of Deforestation and Forest Degradation.pdf;6;19.1;0.9035127758979797;0
76;P0;6;01c22d61-2475-40e6-8e11-b60aa91dc93c;19;chapter_19;chapter_24;Part_II_Cap_19_Drivers and Ecological Impacts of Deforestation and Forest Degradation.pdf;30;19.4.2;0.9153604507446289;0
76;P0;7;2727f4ba-b9a4-4558-b1a0-afdcb9a5623b;23;chapter_23;chapter_24;Part_II_Cap_23_Impacts of Deforestation and Climate Change on Biodiversity, Ecological Processes, and Environmental Adaptation.pdf;20;23.3;0.9179478287696838;0
76;P0;8;b5bedc8b-b13f-4c62-aac4-e60a746bb111;19;chapter_19;chapter_24;Part_II_Cap_19_Drivers and Ecological Impacts of Deforestation and Forest Degradation.pdf;30;19.4.2;0.9216101765632629;0
76;P0;9;1bf74fc2-a01e-431b-8c4d-0059d2490af0;7;chapter_07;chapter_24;Part_I_Cap_07_Biogeophysical Cycles Water Recycling, Climate Regulation.pdf;19;7.3.2;0.9297760725021362;0
76;P0;10;ee16e9d7-d749-422e-9b18-d4141753c9f2;19;chapter_19;chapter_24;Part_II_Cap_19_Drivers and Ecological Impacts of Deforestation and Forest Degradation.pdf;17;19.3;0.9368732571601868;0
77;P0;1;63661ff3-4775-4370-bf3e-ffde27656867;26;chapter_26;chapter_26;Part_III_Cap_26_Sustainable Development Goals (SDGs) and the Amazon.pdf;6;26;0.5082763433456421;1
77;P0;2;b0d3d388-2a4b-42ac-97e5-48f18479984c;26;chapter_26;chapter_26;Part_III_Cap_26_Sustainable Development Goals (SDGs) and the Amazon.pdf;17;26.3;0.515139102935791;1
77;P0;3;0e6ea71e-bb26-44e4-9689-6d7cfd90e1a2;26;chapter_26;chapter_26;Part_III_Cap_26_Sustainable Development Goals (SDGs) and the Amazon.pdf;19;26.2.2.3;0.5156165361404419;1
77;P0;4;d0d4f21f-e8b2-4b31-a3a3-8c5a2dc500a4;26;chapter_26;chapter_26;Part_III_Cap_26_Sustainable Development Goals (SDGs) and the Amazon.pdf;6;26.1;0.5256845951080322;1
77;P0;5;3faaa3d9-c816-4bed-84c0-51f7a327bac5;26;chapter_26;chapter_26;Part_III_Cap_26_Sustainable Development Goals (SDGs) and the Amazon.pdf;5;26;0.5370850563049316;1
77;P0;6;093d690d-d6f8-48c0-96a0-17b040ba4c4b;26;chapter_26;chapter_26;Part_III_Cap_26_Sustainable Development Goals (SDGs) and the Amazon.pdf;20;26.1;0.5411949157714844;1
77;P0;7;fa36591b-7851-44a6-bec8-aa570ca8ff94;26;chapter_26;chapter_26;Part_III_Cap_26_Sustainable Development Goals (SDGs) and the Amazon.pdf;33;26.5;0.5423151254653931;1
77;P0;8;6aff0284-fcb2-491a-b590-9c76df3830c4;26;chapter_26;chapter_26;Part_III_Cap_26_Sustainable Development Goals (SDGs) and the Amazon.pdf;8;26.1;0.5447055101394653;1
77;P0;9;dc128adc-0ce0-4ba7-9726-dea458c0bfa3;26;chapter_26;chapter_26;Part_III_Cap_26_Sustainable Development Goals (SDGs) and the Amazon.pdf;6;26;0.5449100732803345;1
77;P0;10;397e657b-565a-4f1e-be04-25daa5cc8a5a;26;chapter_26;chapter_26;Part_III_Cap_26_Sustainable Development Goals (SDGs) and the Amazon.pdf;23;26.4;0.5477669835090637;1
78;P0;1;1439a15f-8c6f-44a9-8ae2-7a469fcfa47d;26;chapter_26;chapter_26;Part_III_Cap_26_Sustainable Development Goals (SDGs) and the Amazon.pdf;31;26.4;0.37105873227119446;1
78;P0;2;dc128adc-0ce0-4ba7-9726-dea458c0bfa3;26;chapter_26;chapter_26;Part_III_Cap_26_Sustainable Development Goals (SDGs) and the Amazon.pdf;6;26;0.38759949803352356;1
78;P0;3;b34531e1-a561-460d-8bcc-a8039b862b30;26;chapter_26;chapter_26;Part_III_Cap_26_Sustainable Development Goals (SDGs) and the Amazon.pdf;6;26.1;0.42155417799949646;1
78;P0;4;87f8b5be-dd85-471f-bc51-fd8465e9c6dc;26;chapter_26;chapter_26;Part_III_Cap_26_Sustainable Development Goals (SDGs) and the Amazon.pdf;6;26;0.4297608733177185;1
78;P0;5;e9a517f7-ba7d-4f6b-b817-b332ebedc24f;25;chapter_25;chapter_26;Part_III_Cap_25_A Pan-Amazonian sustainable development vision.pdf;32;25.29;0.44919681549072266;0
78;P0;6;fa36591b-7851-44a6-bec8-aa570ca8ff94;26;chapter_26;chapter_26;Part_III_Cap_26_Sustainable Development Goals (SDGs) and the Amazon.pdf;33;26.5;0.4538896679878235;1
78;P0;7;6fe3fb8b-2ab2-49c3-80a2-da840ebaa121;33;chapter_33;chapter_26;Part_III_Cap_33_Connecting and sharing diverse knowledges to support sustainable pathways in the Amazon.pdf;22;33.1;0.45738986134529114;0
78;P0;8;3faaa3d9-c816-4bed-84c0-51f7a327bac5;26;chapter_26;chapter_26;Part_III_Cap_26_Sustainable Development Goals (SDGs) and the Amazon.pdf;5;26;0.45851612091064453;1
78;P0;9;f93ce43f-2974-4c89-85bd-da39412fb792;26;chapter_26;chapter_26;Part_III_Cap_26_Sustainable Development Goals (SDGs) and the Amazon.pdf;30;26.3;0.4590598940849304;1
78;P0;10;b20268ed-ee22-46ca-8de2-a451ed22c123;26;chapter_26;chapter_26;Part_III_Cap_26_Sustainable Development Goals (SDGs) and the Amazon.pdf;31;26.3;0.4625847041606903;1
79;P0;1;7e283ce3-9302-47f8-9e98-a44416f0eb88;26;chapter_26;chapter_26;Part_III_Cap_26_Sustainable Development Goals (SDGs) and the Amazon.pdf;30;26.3;0.4830870032310486;1
79;P0;2;4ae1a203-f34c-40b4-ac69-4d3a9d9b2018;26;chapter_26;chapter_26;Part_III_Cap_26_Sustainable Development Goals (SDGs) and the Amazon.pdf;29;26.3;0.5189194679260254;1
79;P0;3;6aff0284-fcb2-491a-b590-9c76df3830c4;26;chapter_26;chapter_26;Part_III_Cap_26_Sustainable Development Goals (SDGs) and the Amazon.pdf;8;26.1;0.5243818759918213;1
79;P0;4;223c7813-d9f7-4dbd-a5e1-3fa441b78678;26;chapter_26;chapter_26;Part_III_Cap_26_Sustainable Development Goals (SDGs) and the Amazon.pdf;30;26.3;0.5320338606834412;1
79;P0;5;06c45c9e-5fed-4e4a-a725-8d61cfa9417e;26;chapter_26;chapter_26;Part_III_Cap_26_Sustainable Development Goals (SDGs) and the Amazon.pdf;5;26;0.5441434383392334;1
79;P0;6;1439a15f-8c6f-44a9-8ae2-7a469fcfa47d;26;chapter_26;chapter_26;Part_III_Cap_26_Sustainable Development Goals (SDGs) and the Amazon.pdf;31;26.4;0.5443349480628967;1
79;P0;7;3faaa3d9-c816-4bed-84c0-51f7a327bac5;26;chapter_26;chapter_26;Part_III_Cap_26_Sustainable Development Goals (SDGs) and the Amazon.pdf;5;26;0.5453007817268372;1
79;P0;8;a5227ed4-31df-4611-b4c9-0b166cdccec7;26;chapter_26;chapter_26;Part_III_Cap_26_Sustainable Development Goals (SDGs) and the Amazon.pdf;29;26.6;0.5468171238899231;1
79;P0;9;dc128adc-0ce0-4ba7-9726-dea458c0bfa3;26;chapter_26;chapter_26;Part_III_Cap_26_Sustainable Development Goals (SDGs) and the Amazon.pdf;6;26;0.5561658143997192;1
79;P0;10;532381a0-ff2e-4b6d-80bf-69e9909237e7;26;chapter_26;chapter_26;Part_III_Cap_26_Sustainable Development Goals (SDGs) and the Amazon.pdf;7;26.1;0.5612093210220337;1
80;P0;1;e8ea0dbc-c88d-4ff4-8730-cfe84dcf0893;21;chapter_21;chapter_26;Part_II_Cap_21_Human Well-Being and Health Impacts of the Degradation of Terrestrial and Aquatic Ecosystems.pdf;16;21.3;0.3764103651046753;0
80;P0;2;f81b677d-a7fa-4ba9-8dd1-0bae57f42e5e;21;chapter_21;chapter_26;Part_II_Cap_21_Human Well-Being and Health Impacts of the Degradation of Terrestrial and Aquatic Ecosystems.pdf;16;21.3;0.37978100776672363;0
80;P0;3;73751c4e-e9da-4de5-818d-f857a304832e;21;chapter_21;chapter_26;Part_II_Cap_21_Human Well-Being and Health Impacts of the Degradation of Terrestrial and Aquatic Ecosystems.pdf;18;21.3;0.3819640874862671;0
80;P0;4;62d3b4cc-7aed-4a02-a2ba-6c277e01edc5;21;chapter_21;chapter_26;Part_II_Cap_21_Human Well-Being and Health Impacts of the Degradation of Terrestrial and Aquatic Ecosystems.pdf;18;21.3;0.3945471942424774;0
80;P0;5;cfab147a-1f63-492f-a3d9-cc7f64eaeb02;26;chapter_26;chapter_26;Part_III_Cap_26_Sustainable Development Goals (SDGs) and the Amazon.pdf;8;26.2.1;0.4120067059993744;1
80;P0;6;17b97969-bccc-4964-b67c-21825d183fd4;21;chapter_21;chapter_26;Part_II_Cap_21_Human Well-Being and Health Impacts of the Degradation of Terrestrial and Aquatic Ecosystems.pdf;16;21.3;0.4129437506198883;0
80;P0;7;09257443-5496-4ed2-853d-ecd8c1113d60;34;chapter_34;chapter_26;Part_III_Cap_34_Boosting relations between the Amazon forest and its globalizing cities.pdf;14;34.6;0.47400400042533875;0
80;P0;8;62317d4e-0a9b-4bf7-9af6-bfd123152a8d;21;chapter_21;chapter_26;Part_II_Cap_21_Human Well-Being and Health Impacts of the Degradation of Terrestrial and Aquatic Ecosystems.pdf;15;21.3;0.4892998933792114;0
80;P0;9;7a3081a0-aea6-4e17-9fe5-6ea2e7bdc246;21;chapter_21;chapter_26;Part_II_Cap_21_Human Well-Being and Health Impacts of the Degradation of Terrestrial and Aquatic Ecosystems.pdf;19;21.3;0.4929942488670349;0
80;P0;10;caf3d301-3049-4ddd-9474-94e592a48d83;21;chapter_21;chapter_26;Part_II_Cap_21_Human Well-Being and Health Impacts of the Degradation of Terrestrial and Aquatic Ecosystems.pdf;17;21.3;0.5021721124649048;0
81;P0;1;256f344a-ec9b-433a-960b-1ba7ad4e0e3c;27;chapter_27;chapter_27;Part_III_Cap_27_Conservation measures to counter the main threats to Amazonian biodiversity.pdf;5;27;0.5355502367019653;1
81;P0;2;2e929e19-d0a8-4b90-8f6e-596c2a84d8c7;16;chapter_16;chapter_27;Part_II_Cap_16_The State of Conservation Policies, Protected Areas, and Indigenous Territories, from the Past to the Present.pdf;33;16.5;0.541944146156311;0
81;P0;3;53dc7573-6ee2-4b66-8884-59fad2f9751b;27;chapter_27;chapter_27;Part_III_Cap_27_Conservation measures to counter the main threats to Amazonian biodiversity.pdf;14;27.12;0.5554218888282776;1
81;P0;4;195aaf09-f913-4f3f-bcf1-e6d08001c454;16;chapter_16;chapter_27;Part_II_Cap_16_The State of Conservation Policies, Protected Areas, and Indigenous Territories, from the Past to the Present.pdf;12;25.3;0.5590901374816895;0
81;P0;5;b8334a4a-5f3c-40ed-bdaa-1b0c5bc7dccd;27;chapter_27;chapter_27;Part_III_Cap_27_Conservation measures to counter the main threats to Amazonian biodiversity.pdf;6;27.1;0.5650733709335327;1
81;P0;6;a22a3ece-4a5d-4e1e-b65a-294691695912;27;chapter_27;chapter_27;Part_III_Cap_27_Conservation measures to counter the main threats to Amazonian biodiversity.pdf;5;27;0.5852749347686768;1
81;P0;7;43e7a004-e47a-4267-aedc-f561dce442eb;20;chapter_20;chapter_27;Part_II_Cap_20_Drivers and Impacts of Changes in Aquatic Ecosystems.pdf;34;20.13;0.5856536030769348;0
81;P0;8;e4e66844-378f-415d-8792-95474b4586ca;16;chapter_16;chapter_27;Part_II_Cap_16_The State of Conservation Policies, Protected Areas, and Indigenous Territories, from the Past to the Present.pdf;11;25.3;0.5869430303573608;0
81;P0;9;a6095a91-dcf3-42a8-9f09-97ee5b5d4948;4;chapter_04;chapter_27;Part_I_Cap_04_Amazonian Ecosystems and Their Ecological Functions.pdf;28;4.5;0.5880471467971802;0
81;P0;10;8e344de9-91d8-430d-85f9-0b722659abbe;16;chapter_16;chapter_27;Part_II_Cap_16_The State of Conservation Policies, Protected Areas, and Indigenous Territories, from the Past to the Present.pdf;12;25.3;0.5882846713066101;0
82;P0;1;b57e2a26-54d8-4c6f-b3de-c55dbe5b01d5;26;chapter_26;chapter_27;Part_III_Cap_26_Sustainable Development Goals (SDGs) and the Amazon.pdf;20;26.1;0.36838626861572266;0
82;P0;2;1866a3c4-d05d-4980-aa04-a9ddf7359f15;27;chapter_27;chapter_27;Part_III_Cap_27_Conservation measures to counter the main threats to Amazonian biodiversity.pdf;9;27.4;0.3739089369773865;1
82;P0;3;d597d124-74d2-4bdd-8027-2727fcdd9c00;27;chapter_27;chapter_27;Part_III_Cap_27_Conservation measures to counter the main threats to Amazonian biodiversity.pdf;9;27.4;0.38761842250823975;1
82;P0;4;27824471-7d76-433c-ad82-f2331865dabc;16;chapter_16;chapter_27;Part_II_Cap_16_The State of Conservation Policies, Protected Areas, and Indigenous Territories, from the Past to the Present.pdf;31;16.3.2.3;0.39115381240844727;0
82;P0;5;67b75046-3b55-465d-99d7-927018d9752f;25;chapter_25;chapter_27;Part_III_Cap_25_A Pan-Amazonian sustainable development vision.pdf;9;25.2.1;0.4017442464828491;0
82;P0;6;256f344a-ec9b-433a-960b-1ba7ad4e0e3c;27;chapter_27;chapter_27;Part_III_Cap_27_Conservation measures to counter the main threats to Amazonian biodiversity.pdf;5;27;0.40690234303474426;1
82;P0;7;bf56d04c-12d1-4019-bf74-557fd877c879;26;chapter_26;chapter_27;Part_III_Cap_26_Sustainable Development Goals (SDGs) and the Amazon.pdf;21;26.1;0.40804314613342285;0
82;P0;8;f8965e88-893b-4f33-a96e-ea51d7f25901;29;chapter_29;chapter_27;Part_III_Cap_29_Restoration priorities and benefits within landscapes and catchments and across the Amazon Basin.pdf;5;29;0.40996477007865906;0
82;P0;9;53dc7573-6ee2-4b66-8884-59fad2f9751b;27;chapter_27;chapter_27;Part_III_Cap_27_Conservation measures to counter the main threats to Amazonian biodiversity.pdf;14;27.12;0.41322189569473267;1
82;P0;10;71498209-d771-4ef5-9ea5-f18f9f442e84;27;chapter_27;chapter_27;Part_III_Cap_27_Conservation measures to counter the main threats to Amazonian biodiversity.pdf;9;27.4;0.42281681299209595;1
83;P0;1;21b41f31-d641-4801-a4bc-72ec43bf05d2;16;chapter_16;chapter_27;Part_II_Cap_16_The State of Conservation Policies, Protected Areas, and Indigenous Territories, from the Past to the Present.pdf;26;16.3;0.6693561673164368;0
83;P0;2;a032d5e6-991a-44d2-a822-0cc615d19908;28;chapter_28;chapter_27;Part_III_Cap_28_Restoration options for the Amazon.pdf;20;28.4.2.1;0.8083014488220215;0
83;P0;3;8357ebcd-2a02-4fd1-b6a4-b840607808ea;16;chapter_16;chapter_27;Part_II_Cap_16_The State of Conservation Policies, Protected Areas, and Indigenous Territories, from the Past to the Present.pdf;11;6.1;0.8265393376350403;0
83;P0;4;bea6eaee-25d8-4612-982e-0ff3c67d8e33;28;chapter_28;chapter_27;Part_III_Cap_28_Restoration options for the Amazon.pdf;19;28.4.2.1;0.8266785144805908;0
83;P0;5;02df92f3-1f34-416d-a1cb-0cf43f705ac3;19;chapter_19;chapter_27;Part_II_Cap_19_Drivers and Ecological Impacts of Deforestation and Forest Degradation.pdf;32;19.4.4;0.8354789614677429;0
83;P0;6;d39ac2b8-f871-4fbf-b592-a65d457ce2dd;27;chapter_27;chapter_27;Part_III_Cap_27_Conservation measures to counter the main threats to Amazonian biodiversity.pdf;7;27.3;0.8383388519287109;1
83;P0;7;7902436e-5711-4b77-916e-99cc3bcac33d;16;chapter_16;chapter_27;Part_II_Cap_16_The State of Conservation Policies, Protected Areas, and Indigenous Territories, from the Past to the Present.pdf;17;24.2;0.8391274809837341;0
83;P0;8;f45cd2ad-8dea-417e-81d8-cc9a2468f076;16;chapter_16;chapter_27;Part_II_Cap_16_The State of Conservation Policies, Protected Areas, and Indigenous Territories, from the Past to the Present.pdf;15;16.1;0.8428467512130737;0
83;P0;9;ab64e583-8af8-444b-9f62-b1b38e168816;27;chapter_27;chapter_27;Part_III_Cap_27_Conservation measures to counter the main threats to Amazonian biodiversity.pdf;7;27.3.2;0.8469088673591614;1
83;P0;10;69a4c33e-0de3-4caf-ba90-6a2cb8cb1db7;28;chapter_28;chapter_27;Part_III_Cap_28_Restoration options for the Amazon.pdf;20;28.4.2.1;0.848331093788147;0
84;P0;1;ef080725-aa86-43db-a694-289a4885d6d5;27;chapter_27;chapter_27;Part_III_Cap_27_Conservation measures to counter the main threats to Amazonian biodiversity.pdf;11;27.7;0.7177209854125977;1
84;P0;2;df4c40d0-5b25-4e7e-a705-b27fd881a520;20;chapter_20;chapter_27;Part_II_Cap_20_Drivers and Impacts of Changes in Aquatic Ecosystems.pdf;22;20.6;0.8070729970932007;0
84;P0;3;a8066a8e-02c1-4a12-b55e-84ce0b4bddfa;20;chapter_20;chapter_27;Part_II_Cap_20_Drivers and Impacts of Changes in Aquatic Ecosystems.pdf;21;20.6;0.8217456936836243;0
84;P0;4;25373ab7-639f-4148-86bd-07fd38a6fed7;20;chapter_20;chapter_27;Part_II_Cap_20_Drivers and Impacts of Changes in Aquatic Ecosystems.pdf;21;20.6;0.8380876183509827;0
84;P0;5;4361e508-77dc-469c-8d76-286d6cd4c758;20;chapter_20;chapter_27;Part_II_Cap_20_Drivers and Impacts of Changes in Aquatic Ecosystems.pdf;21;20.6;0.8404580354690552;0
84;P0;6;2854b77f-f408-49f4-a908-cc76126b5e19;20;chapter_20;chapter_27;Part_II_Cap_20_Drivers and Impacts of Changes in Aquatic Ecosystems.pdf;21;20.6;0.8442700505256653;0
84;P0;7;6405eb18-7a31-4b3d-b237-8cbb189daffc;20;chapter_20;chapter_27;Part_II_Cap_20_Drivers and Impacts of Changes in Aquatic Ecosystems.pdf;20;20.5.2;0.8923313021659851;0
84;P0;8;2a9cce6c-a5c7-474d-a8ee-3c3dc476328c;20;chapter_20;chapter_27;Part_II_Cap_20_Drivers and Impacts of Changes in Aquatic Ecosystems.pdf;21;20.6;0.9082294702529907;0
84;P0;9;1504e62d-25fd-4294-8417-d671e42a4b8f;28;chapter_28;chapter_27;Part_III_Cap_28_Restoration options for the Amazon.pdf;20;28.4.2.1;0.9092523455619812;0
84;P0;10;51d089f0-de29-4de1-a294-1790a5d6de33;20;chapter_20;chapter_27;Part_II_Cap_20_Drivers and Impacts of Changes in Aquatic Ecosystems.pdf;20;20.5.2;0.9128381013870239;0
85;P0;1;b558b257-1880-4699-9190-340c9b66ba96;30;chapter_30;chapter_30;Part_III_Cap_30_Opportunities and challenges for a healthy standing forest and flowing rivers bioeconomy in the Amazon.pdf;9;30.1.1;0.4693427085876465;1
85;P0;2;b942a031-d768-4db8-8e82-af9eda3175b3;30;chapter_30;chapter_30;Part_III_Cap_30_Opportunities and challenges for a healthy standing forest and flowing rivers bioeconomy in the Amazon.pdf;36;30.6;0.4794706702232361;1
85;P0;3;45a907e1-98ea-4b28-a20d-2a0a8d94ae8b;30;chapter_30;chapter_30;Part_III_Cap_30_Opportunities and challenges for a healthy standing forest and flowing rivers bioeconomy in the Amazon.pdf;13;30.2.1;0.4915965795516968;1
85;P0;4;22876104-b5a9-44e2-9d50-dfe852440a7a;30;chapter_30;chapter_30;Part_III_Cap_30_Opportunities and challenges for a healthy standing forest and flowing rivers bioeconomy in the Amazon.pdf;13;30.2.2;0.49717074632644653;1
85;P0;5;6c9701ba-89d0-4adc-a7f0-e4b20b4d7ad6;26;chapter_26;chapter_30;Part_III_Cap_26_Sustainable Development Goals (SDGs) and the Amazon.pdf;25;26.2.3.1;0.5033031105995178;0
85;P0;6;3761f52a-e571-47ed-9fa5-339e99d0bd9f;25;chapter_25;chapter_30;Part_III_Cap_25_A Pan-Amazonian sustainable development vision.pdf;13;25.2.3;0.5058984756469727;0
85;P0;7;9a46fd7d-33f0-47ca-bf82-0cb65a476786;30;chapter_30;chapter_30;Part_III_Cap_30_Opportunities and challenges for a healthy standing forest and flowing rivers bioeconomy in the Amazon.pdf;11;30.2;0.508742094039917;1
85;P0;8;fe960af4-92fd-44a1-b36d-586dee47dddc;25;chapter_25;chapter_30;Part_III_Cap_25_A Pan-Amazonian sustainable development vision.pdf;25;25.4.2.2;0.5104029774665833;0
85;P0;9;ef85f3f3-407d-4b67-a1f4-adfd4a6a53d9;30;chapter_30;chapter_30;Part_III_Cap_30_Opportunities and challenges for a healthy standing forest and flowing rivers bioeconomy in the Amazon.pdf;13;30.2.2;0.510718047618866;1
85;P0;10;583460b4-d063-45b4-b8a5-a87df31c84c2;25;chapter_25;chapter_30;Part_III_Cap_25_A Pan-Amazonian sustainable development vision.pdf;14;25.2.4;0.513789713382721;0
86;P0;1;5c761bb6-50f9-46df-a6a2-47901e29ee18;30;chapter_30;chapter_30;Part_III_Cap_30_Opportunities and challenges for a healthy standing forest and flowing rivers bioeconomy in the Amazon.pdf;15;30.1;0.4691447615623474;1
86;P0;2;b942a031-d768-4db8-8e82-af9eda3175b3;30;chapter_30;chapter_30;Part_III_Cap_30_Opportunities and challenges for a healthy standing forest and flowing rivers bioeconomy in the Amazon.pdf;36;30.6;0.4954368770122528;1
86;P0;3;0515f6f9-c3d5-428e-967c-09aa8362bb2b;15;chapter_15;chapter_30;Part_II_Cap_15_Complex, Diverse, and Changing Agribusiness and Livelihood Systems in the Amazon.pdf;8;15.1.1;0.5337467193603516;0
86;P0;4;9c2e0443-9c7f-444a-81fc-fdb80b691ef3;30;chapter_30;chapter_30;Part_III_Cap_30_Opportunities and challenges for a healthy standing forest and flowing rivers bioeconomy in the Amazon.pdf;10;30.1.1;0.5361830592155457;1
86;P0;5;b424c91c-0c8a-4052-a4b9-5b46c175b81e;30;chapter_30;chapter_30;Part_III_Cap_30_Opportunities and challenges for a healthy standing forest and flowing rivers bioeconomy in the Amazon.pdf;16;30.1;0.5392581224441528;1
86;P0;6;df588d2a-67df-4a0a-b79f-c237b4e07ddd;15;chapter_15;chapter_30;Part_II_Cap_15_Complex, Diverse, and Changing Agribusiness and Livelihood Systems in the Amazon.pdf;12;15.1;0.5464578866958618;0
86;P0;7;f78fdf0e-ef71-48f8-954d-fdb47e537d9a;15;chapter_15;chapter_30;Part_II_Cap_15_Complex, Diverse, and Changing Agribusiness and Livelihood Systems in the Amazon.pdf;43;15.5;0.5485177040100098;0
86;P0;8;93764437-6e14-49c5-bd3a-d1d62b6ce35d;15;chapter_15;chapter_30;Part_II_Cap_15_Complex, Diverse, and Changing Agribusiness and Livelihood Systems in the Amazon.pdf;6;15.1;0.5572971105575562;0
86;P0;9;b52a3bd7-18e9-45b5-9293-0b0dff8a08ea;25;chapter_25;chapter_30;Part_III_Cap_25_A Pan-Amazonian sustainable development vision.pdf;26;25.4.2.3;0.5580301284790039;0
86;P0;10;d05afd39-71d4-4a7e-a80b-64ce38cf83e2;25;chapter_25;chapter_30;Part_III_Cap_25_A Pan-Amazonian sustainable development vision.pdf;25;25.4.2.1;0.5588752627372742;0
87;P0;1;1f092172-b600-4e16-b340-41c6f03205bc;30;chapter_30;chapter_30;Part_III_Cap_30_Opportunities and challenges for a healthy standing forest and flowing rivers bioeconomy in the Amazon.pdf;31;30.5.1.2;0.7060368657112122;1
87;P0;2;697d7017-bb48-426f-836d-d62f8eeed98c;30;chapter_30;chapter_30;Part_III_Cap_30_Opportunities and challenges for a healthy standing forest and flowing rivers bioeconomy in the Amazon.pdf;20;30.4.1;0.7578328847885132;1
87;P0;3;1da51429-3fb8-4279-a7ee-e9d064005138;30;chapter_30;chapter_30;Part_III_Cap_30_Opportunities and challenges for a healthy standing forest and flowing rivers bioeconomy in the Amazon.pdf;20;30.4.1;0.8408146500587463;1
87;P0;4;24d601dd-f92d-43e3-b661-bb989279e4d4;30;chapter_30;chapter_30;Part_III_Cap_30_Opportunities and challenges for a healthy standing forest and flowing rivers bioeconomy in the Amazon.pdf;31;30.5.1.2;0.8908960819244385;1
87;P0;5;9d6c9526-68af-44bf-8f34-991e16f6059b;16;chapter_16;chapter_30;Part_II_Cap_16_The State of Conservation Policies, Protected Areas, and Indigenous Territories, from the Past to the Present.pdf;25;16.1.3;0.8997864723205566;0
87;P0;6;1e29dca5-cded-43ed-8c17-f8654bae1db2;30;chapter_30;chapter_30;Part_III_Cap_30_Opportunities and challenges for a healthy standing forest and flowing rivers bioeconomy in the Amazon.pdf;31;30.5.1.2;0.9033252000808716;1
87;P0;7;10b898c4-8030-49ec-8088-265f0591dbca;15;chapter_15;chapter_30;Part_II_Cap_15_Complex, Diverse, and Changing Agribusiness and Livelihood Systems in the Amazon.pdf;37;15.12;0.9168444871902466;0
87;P0;8;e7899e7b-07d1-4ab6-b867-1cff21dadfbb;30;chapter_30;chapter_30;Part_III_Cap_30_Opportunities and challenges for a healthy standing forest and flowing rivers bioeconomy in the Amazon.pdf;19;30.4.1;0.948092520236969;1
87;P0;9;e786558d-fb60-42ab-9971-c0c94c94bb87;16;chapter_16;chapter_30;Part_II_Cap_16_The State of Conservation Policies, Protected Areas, and Indigenous Territories, from the Past to the Present.pdf;33;16.4;0.9495552778244019;0
87;P0;10;4f416654-fcc1-4ba4-a1cf-90c83d2ae84e;16;chapter_16;chapter_30;Part_II_Cap_16_The State of Conservation Policies, Protected Areas, and Indigenous Territories, from the Past to the Present.pdf;25;16.2;0.9532662034034729;0
88;P0;1;f7b7931e-fe4f-46ef-9251-f008d7af8e5a;30;chapter_30;chapter_30;Part_III_Cap_30_Opportunities and challenges for a healthy standing forest and flowing rivers bioeconomy in the Amazon.pdf;33;30.5.2;0.4066682755947113;1
88;P0;2;a413c059-cb7e-43f8-877e-348d2cc7843e;30;chapter_30;chapter_30;Part_III_Cap_30_Opportunities and challenges for a healthy standing forest and flowing rivers bioeconomy in the Amazon.pdf;33;30.5.2;0.4400293231010437;1
88;P0;3;aa388e73-6072-412b-a8df-d6d9fa7db096;30;chapter_30;chapter_30;Part_III_Cap_30_Opportunities and challenges for a healthy standing forest and flowing rivers bioeconomy in the Amazon.pdf;32;30.5.2;0.45456284284591675;1
88;P0;4;da571af3-7c0f-4f48-85ac-723d71adb135;30;chapter_30;chapter_30;Part_III_Cap_30_Opportunities and challenges for a healthy standing forest and flowing rivers bioeconomy in the Amazon.pdf;32;30.5.2;0.4843672215938568;1
88;P0;5;5323650e-0033-4def-b769-42e9eb5955e0;30;chapter_30;chapter_30;Part_III_Cap_30_Opportunities and challenges for a healthy standing forest and flowing rivers bioeconomy in the Amazon.pdf;33;30.5.2;0.4973471760749817;1
88;P0;6;d54a7b8b-d60b-4a60-883e-c169edf1258f;30;chapter_30;chapter_30;Part_III_Cap_30_Opportunities and challenges for a healthy standing forest and flowing rivers bioeconomy in the Amazon.pdf;32;30.5.2;0.510305643081665;1
88;P0;7;223c8d63-9f3e-4a07-84c6-f637ec392e9b;30;chapter_30;chapter_30;Part_III_Cap_30_Opportunities and challenges for a healthy standing forest and flowing rivers bioeconomy in the Amazon.pdf;33;30.5.2;0.5244172811508179;1
88;P0;8;c1a6e434-7f48-471f-a9cc-de5d69eef329;34;chapter_34;chapter_30;Part_III_Cap_34_Boosting relations between the Amazon forest and its globalizing cities.pdf;30;34.9;0.5288549065589905;0
88;P0;9;544e6728-90ca-4c56-be98-d37d22486c15;30;chapter_30;chapter_30;Part_III_Cap_30_Opportunities and challenges for a healthy standing forest and flowing rivers bioeconomy in the Amazon.pdf;34;30.5.2;0.5320523381233215;1
88;P0;10;845ef801-94c2-4b1c-a544-7dd148dcf201;30;chapter_30;chapter_30;Part_III_Cap_30_Opportunities and challenges for a healthy standing forest and flowing rivers bioeconomy in the Amazon.pdf;32;30.5.2;0.5340315103530884;1
89;P0;1;22b7b78d-3ff6-43c2-8025-a822d223206f;31;chapter_31;chapter_31;Part_III_Cap_31_Strengthening land and natural resource governance and management Protected areas, Indigenous lands, and local communities’ territories.pdf;28;31.3;0.7248067855834961;1
89;P0;2;a28a084b-b9d4-42af-960b-d1f54c15b3ac;31;chapter_31;chapter_31;Part_III_Cap_31_Strengthening land and natural resource governance and management Protected areas, Indigenous lands, and local communities’ territories.pdf;27;31.3;0.7701172232627869;1
89;P0;3;3af49861-0189-4b26-b8b1-ac15e4d0ff7e;31;chapter_31;chapter_31;Part_III_Cap_31_Strengthening land and natural resource governance and management Protected areas, Indigenous lands, and local communities’ territories.pdf;27;31.3;0.7749068140983582;1
89;P0;4;08b3fd2b-e9ba-4288-91b1-c0091934e33a;31;chapter_31;chapter_31;Part_III_Cap_31_Strengthening land and natural resource governance and management Protected areas, Indigenous lands, and local communities’ territories.pdf;28;31.3;0.8185555934906006;1
89;P0;5;023f91c4-dfd0-44c2-af0b-24bf42ccbc7f;31;chapter_31;chapter_31;Part_III_Cap_31_Strengthening land and natural resource governance and management Protected areas, Indigenous lands, and local communities’ territories.pdf;16;31.2.1;0.8286466598510742;1
89;P0;6;8c79bbc9-102c-4451-a23c-8fc01b78cbfe;31;chapter_31;chapter_31;Part_III_Cap_31_Strengthening land and natural resource governance and management Protected areas, Indigenous lands, and local communities’ territories.pdf;29;31.3;0.837976336479187;1
89;P0;7;c9587984-0222-4bd7-b2e9-c1b8f35987ef;31;chapter_31;chapter_31;Part_III_Cap_31_Strengthening land and natural resource governance and management Protected areas, Indigenous lands, and local communities’ territories.pdf;17;31.2.1;0.8449651002883911;1
89;P0;8;0d882ee4-a412-4feb-9fc8-14f5ed6aea31;31;chapter_31;chapter_31;Part_III_Cap_31_Strengthening land and natural resource governance and management Protected areas, Indigenous lands, and local communities’ territories.pdf;15;31.2;0.8624324798583984;1
89;P0;9;f4e65770-2b10-437c-8acc-3e2c8df61c8a;31;chapter_31;chapter_31;Part_III_Cap_31_Strengthening land and natural resource governance and management Protected areas, Indigenous lands, and local communities’ territories.pdf;29;31.3;0.9068021178245544;1
89;P0;10;7a371a5f-dc86-4cd1-ba9e-d2946ca5abbf;31;chapter_31;chapter_31;Part_III_Cap_31_Strengthening land and natural resource governance and management Protected areas, Indigenous lands, and local communities’ territories.pdf;18;31.2.2;0.9091771841049194;1
90;P0;1;842f3544-78c0-49d7-8da7-6d14e99877cb;31;chapter_31;chapter_31;Part_III_Cap_31_Strengthening land and natural resource governance and management Protected areas, Indigenous lands, and local communities’ territories.pdf;30;31.5;0.34492990374565125;1
90;P0;2;4de069fa-4aee-48ac-b0f7-5e1c902e5f65;31;chapter_31;chapter_31;Part_III_Cap_31_Strengthening land and natural resource governance and management Protected areas, Indigenous lands, and local communities’ territories.pdf;9;31.2;0.4338325262069702;1
90;P0;3;29e0aded-08c3-490b-a0ed-00036554d30e;31;chapter_31;chapter_31;Part_III_Cap_31_Strengthening land and natural resource governance and management Protected areas, Indigenous lands, and local communities’ territories.pdf;6;31.1;0.4416208863258362;1
90;P0;4;d24b72a4-d8d8-423c-adc4-97f133f340f1;31;chapter_31;chapter_31;Part_III_Cap_31_Strengthening land and natural resource governance and management Protected areas, Indigenous lands, and local communities’ territories.pdf;6;31;0.4433313012123108;1
90;P0;5;7af68183-0e8c-4837-aea7-5fda40ac3432;31;chapter_31;chapter_31;Part_III_Cap_31_Strengthening land and natural resource governance and management Protected areas, Indigenous lands, and local communities’ territories.pdf;30;31.5;0.44884318113327026;1
90;P0;6;e548411d-0cef-4425-9b69-fc7dda4b14b4;31;chapter_31;chapter_31;Part_III_Cap_31_Strengthening land and natural resource governance and management Protected areas, Indigenous lands, and local communities’ territories.pdf;30;31.5;0.44958949089050293;1
90;P0;7;74b7edaf-f6d3-49df-858b-4e185efb2048;31;chapter_31;chapter_31;Part_III_Cap_31_Strengthening land and natural resource governance and management Protected areas, Indigenous lands, and local communities’ territories.pdf;30;31.4;0.4668568968772888;1
90;P0;8;2ec7c3c5-53b5-417d-9ad9-c0ec2d5cf581;31;chapter_31;chapter_31;Part_III_Cap_31_Strengthening land and natural resource governance and management Protected areas, Indigenous lands, and local communities’ territories.pdf;16;31.2.1;0.47398674488067627;1
90;P0;9;7573cb2b-78b1-45d1-a5f0-d730324b8a0c;31;chapter_31;chapter_31;Part_III_Cap_31_Strengthening land and natural resource governance and management Protected areas, Indigenous lands, and local communities’ territories.pdf;17;31.2.1;0.47503960132598877;1
90;P0;10;8746cac4-8046-41eb-9364-044b7816af2c;31;chapter_31;chapter_31;Part_III_Cap_31_Strengthening land and natural resource governance and management Protected areas, Indigenous lands, and local communities’ territories.pdf;20;31.2.3;0.47896385192871094;1
91;P0;1;48680e0a-cb12-4678-b672-31cccd873d6c;15;chapter_15;chapter_31;Part_II_Cap_15_Complex, Diverse, and Changing Agribusiness and Livelihood Systems in the Amazon.pdf;41;15.5;0.25220125913619995;0
91;P0;2;0beb6541-313d-4255-9b2e-ea496d85a65b;15;chapter_15;chapter_31;Part_II_Cap_15_Complex, Diverse, and Changing Agribusiness and Livelihood Systems in the Amazon.pdf;40;15.4.2;0.2739875614643097;0
91;P0;3;236f94a5-14f6-4937-b882-01de01caa214;15;chapter_15;chapter_31;Part_II_Cap_15_Complex, Diverse, and Changing Agribusiness and Livelihood Systems in the Amazon.pdf;40;15.4.2;0.27702954411506653;0
91;P0;4;455ef653-899e-47d6-aed6-232a59fa2c2e;31;chapter_31;chapter_31;Part_III_Cap_31_Strengthening land and natural resource governance and management Protected areas, Indigenous lands, and local communities’ territories.pdf;24;31.2.6;0.3195739984512329;1
91;P0;5;8ec5a7f1-8da3-462a-8b23-2d9f86f8f791;10;chapter_10;chapter_31;Part_I_Cap_10_Critical Interconnections Between the Cultural and Biological Diversity of Amazonian Peoples and Ecosystems.pdf;26;10.7;0.3437435030937195;0
91;P0;6;ee73baad-fe07-4334-bab1-c3e7ed12f0ff;30;chapter_30;chapter_31;Part_III_Cap_30_Opportunities and challenges for a healthy standing forest and flowing rivers bioeconomy in the Amazon.pdf;26;30.4.3;0.3451758623123169;0
91;P0;7;31b1919e-f55b-449c-84f9-ed64cd28a18f;15;chapter_15;chapter_31;Part_II_Cap_15_Complex, Diverse, and Changing Agribusiness and Livelihood Systems in the Amazon.pdf;42;15.5;0.3638356328010559;0
91;P0;8;a95e0200-d0c0-4873-b892-a3ae19486b1f;15;chapter_15;chapter_31;Part_II_Cap_15_Complex, Diverse, and Changing Agribusiness and Livelihood Systems in the Amazon.pdf;45;15.7;0.36847227811813354;0
91;P0;9;b65747b3-69a5-4378-ac0b-0f60d0ebe72f;27;chapter_27;chapter_31;Part_III_Cap_27_Conservation measures to counter the main threats to Amazonian biodiversity.pdf;7;27.3.2;0.374676376581192;0
91;P0;10;9e002a38-41de-4b62-9477-7eeff78e47c2;31;chapter_31;chapter_31;Part_III_Cap_31_Strengthening land and natural resource governance and management Protected areas, Indigenous lands, and local communities’ territories.pdf;24;31.2.6;0.39646509289741516;1
92;P0;1;8c79bbc9-102c-4451-a23c-8fc01b78cbfe;31;chapter_31;chapter_31;Part_III_Cap_31_Strengthening land and natural resource governance and management Protected areas, Indigenous lands, and local communities’ territories.pdf;29;31.3;0.5059652924537659;1
92;P0;2;22b7b78d-3ff6-43c2-8025-a822d223206f;31;chapter_31;chapter_31;Part_III_Cap_31_Strengthening land and natural resource governance and management Protected areas, Indigenous lands, and local communities’ territories.pdf;28;31.3;0.5103538036346436;1
92;P0;3;0d882ee4-a412-4feb-9fc8-14f5ed6aea31;31;chapter_31;chapter_31;Part_III_Cap_31_Strengthening land and natural resource governance and management Protected areas, Indigenous lands, and local communities’ territories.pdf;15;31.2;0.5326441526412964;1
92;P0;4;5c6fcce5-af6c-43f5-a92a-cc7b839a8394;31;chapter_31;chapter_31;Part_III_Cap_31_Strengthening land and natural resource governance and management Protected areas, Indigenous lands, and local communities’ territories.pdf;5;31;0.5508477091789246;1
92;P0;5;3af49861-0189-4b26-b8b1-ac15e4d0ff7e;31;chapter_31;chapter_31;Part_III_Cap_31_Strengthening land and natural resource governance and management Protected areas, Indigenous lands, and local communities’ territories.pdf;27;31.3;0.5577333569526672;1
92;P0;6;a28a084b-b9d4-42af-960b-d1f54c15b3ac;31;chapter_31;chapter_31;Part_III_Cap_31_Strengthening land and natural resource governance and management Protected areas, Indigenous lands, and local communities’ territories.pdf;27;31.3;0.5648003816604614;1
92;P0;7;08b3fd2b-e9ba-4288-91b1-c0091934e33a;31;chapter_31;chapter_31;Part_III_Cap_31_Strengthening land and natural resource governance and management Protected areas, Indigenous lands, and local communities’ territories.pdf;28;31.3;0.5693295001983643;1
92;P0;8;f4e65770-2b10-437c-8acc-3e2c8df61c8a;31;chapter_31;chapter_31;Part_III_Cap_31_Strengthening land and natural resource governance and management Protected areas, Indigenous lands, and local communities’ territories.pdf;29;31.3;0.5768674612045288;1
92;P0;9;4be80646-7fc5-43e8-8b1d-5ad18d1c776f;31;chapter_31;chapter_31;Part_III_Cap_31_Strengthening land and natural resource governance and management Protected areas, Indigenous lands, and local communities’ territories.pdf;29;31.3;0.5896078944206238;1
92;P0;10;21b41f31-d641-4801-a4bc-72ec43bf05d2;16;chapter_16;chapter_31;Part_II_Cap_16_The State of Conservation Policies, Protected Areas, and Indigenous Territories, from the Past to the Present.pdf;26;16.3;0.6136010885238647;0
93;P0;1;c441554d-7660-409a-bf58-0e252e92209b;Annex I;annex_01;annex_01;Annex_01_Annex I.pdf;4;Annex I;0.4686492383480072;1
93;P0;2;68a4901e-8067-492f-b4bc-818ade45dab5;Annex I;annex_01;annex_01;Annex_01_Annex I.pdf;2;Annex I;0.4928303062915802;1
93;P0;3;df99accd-ee11-4729-92aa-f78d7bf3b309;Annex I;annex_01;annex_01;Annex_01_Annex I.pdf;1;Annex I;0.5079859495162964;1
93;P0;4;f4c8af5d-8f5e-4afe-9095-721570198a52;Annex I;annex_01;annex_01;Annex_01_Annex I.pdf;1;Annex I;0.5157079100608826;1
93;P0;5;5f677de7-b6e9-4774-b3ca-300caa09e874;Annex I;annex_01;annex_01;Annex_01_Annex I.pdf;3;Annex I;0.5178508758544922;1
93;P0;6;aeac4aaf-55a3-4e71-a374-6c91c3818e66;Annex I;annex_01;annex_01;Annex_01_Annex I.pdf;4;Annex I;0.525132417678833;1
93;P0;7;4488ac6b-ae2e-414d-b076-67f4effe823a;Annex I;annex_01;annex_01;Annex_01_Annex I.pdf;1;Annex I;0.5490936040878296;1
93;P0;8;43e124ee-8ad8-403d-aa7d-5720aea263e1;2;chapter_02;annex_01;Part_I_Cap_02_Evolution of Amazonian Biodiversity.pdf;7;2.1;0.5576518774032593;0
93;P0;9;a0d3dd30-f64c-4cc3-b159-ad7a901eb3b4;6;chapter_06;annex_01;Part_I_Cap_06_Biogeochemical Cycles in the Amazon.pdf;6;6.1;0.5651746988296509;0
93;P0;10;6189b0bb-7922-47df-9355-120c75c5c63a;Annex I;annex_01;annex_01;Annex_01_Annex I.pdf;3;Annex I;0.5655946731567383;1
94;P0;1;5f677de7-b6e9-4774-b3ca-300caa09e874;Annex I;annex_01;annex_01;Annex_01_Annex I.pdf;3;Annex I;0.46083736419677734;1
94;P0;2;f4c8af5d-8f5e-4afe-9095-721570198a52;Annex I;annex_01;annex_01;Annex_01_Annex I.pdf;1;Annex I;0.5116986632347107;1
94;P0;3;c441554d-7660-409a-bf58-0e252e92209b;Annex I;annex_01;annex_01;Annex_01_Annex I.pdf;4;Annex I;0.5265086889266968;1
94;P0;4;6189b0bb-7922-47df-9355-120c75c5c63a;Annex I;annex_01;annex_01;Annex_01_Annex I.pdf;3;Annex I;0.5450112223625183;1
94;P0;5;43e124ee-8ad8-403d-aa7d-5720aea263e1;2;chapter_02;annex_01;Part_I_Cap_02_Evolution of Amazonian Biodiversity.pdf;7;2.1;0.5457186102867126;0
94;P0;6;aeac4aaf-55a3-4e71-a374-6c91c3818e66;Annex I;annex_01;annex_01;Annex_01_Annex I.pdf;4;Annex I;0.5810710787773132;1
94;P0;7;081375d8-209a-452a-b46d-2eef2efea354;4;chapter_04;annex_01;Part_I_Cap_04_Amazonian Ecosystems and Their Ecological Functions.pdf;5;5.79;0.5835139751434326;0
94;P0;8;df99accd-ee11-4729-92aa-f78d7bf3b309;Annex I;annex_01;annex_01;Annex_01_Annex I.pdf;1;Annex I;0.6072194576263428;1
94;P0;9;68a4901e-8067-492f-b4bc-818ade45dab5;Annex I;annex_01;annex_01;Annex_01_Annex I.pdf;2;Annex I;0.6104238033294678;1
94;P0;10;00463d1c-4097-47e0-8d96-b1a7a74af660;16;chapter_16;annex_01;Part_II_Cap_16_The State of Conservation Policies, Protected Areas, and Indigenous Territories, from the Past to the Present.pdf;18;1.968.594;0.6131188869476318;0
95;P0;1;5f677de7-b6e9-4774-b3ca-300caa09e874;Annex I;annex_01;annex_01;Annex_01_Annex I.pdf;3;Annex I;0.5231106281280518;1
95;P0;2;f4c8af5d-8f5e-4afe-9095-721570198a52;Annex I;annex_01;annex_01;Annex_01_Annex I.pdf;1;Annex I;0.5390152335166931;1
95;P0;3;c441554d-7660-409a-bf58-0e252e92209b;Annex I;annex_01;annex_01;Annex_01_Annex I.pdf;4;Annex I;0.5487953424453735;1
95;P0;4;6340ccbd-78b1-4814-b3ae-f1c5c7b931e5;Annex I;annex_01;annex_01;Annex_01_Annex I.pdf;1;Annex I;0.5652434825897217;1
95;P0;5;43e124ee-8ad8-403d-aa7d-5720aea263e1;2;chapter_02;annex_01;Part_I_Cap_02_Evolution of Amazonian Biodiversity.pdf;7;2.1;0.5762116312980652;0
95;P0;6;df99accd-ee11-4729-92aa-f78d7bf3b309;Annex I;annex_01;annex_01;Annex_01_Annex I.pdf;1;Annex I;0.6021203994750977;1
95;P0;7;6189b0bb-7922-47df-9355-120c75c5c63a;Annex I;annex_01;annex_01;Annex_01_Annex I.pdf;3;Annex I;0.6257715821266174;1
95;P0;8;d62a912c-fe44-4e5f-8ba2-3a2e8b4d40cc;1;chapter_01;annex_01;Part_I_Cap_01_Geology and Geodiversity of the Amazon Three Billion Years of History.pdf;23;1.5.1;0.6468833088874817;0
95;P0;9;c7f2b5c2-7cdd-4c9a-98cb-6ab67573c163;1;chapter_01;annex_01;Part_I_Cap_01_Geology and Geodiversity of the Amazon Three Billion Years of History.pdf;26;1.7;0.6488094925880432;0
95;P0;10;68a4901e-8067-492f-b4bc-818ade45dab5;Annex I;annex_01;annex_01;Annex_01_Annex I.pdf;2;Annex I;0.6548341512680054;1
96;P0;1;29358e34-9f1b-46ac-8636-6032488f55b8;Annex II;annex_02;annex_02;Annex_02_Annex II.pdf;6;4.4;0.4771670699119568;1
96;P0;2;7be8d382-b188-4682-9e9d-191baf2ed285;10;chapter_10;annex_02;Part_I_Cap_10_Critical Interconnections Between the Cultural and Biological Diversity of Amazonian Peoples and Ecosystems.pdf;9;10.1;0.49139919877052307;0
96;P0;3;43ba2759-da57-413a-a13f-2a5bcd84b053;Annex II;annex_02;annex_02;Annex_02_Annex II.pdf;3;Annex II;0.5010197758674622;1
96;P0;4;46ded444-fca1-4c03-9309-71907faeec1c;13;chapter_13;annex_02;Part_I_Cap_13_African Presence in the Amazon A Glance.pdf;30;13.12;0.5109924077987671;0
96;P0;5;99815fbc-724e-46cf-816f-bb0291de1561;13;chapter_13;annex_02;Part_I_Cap_13_African Presence in the Amazon A Glance.pdf;9;13.1;0.5290672779083252;0
96;P0;6;c4808ab4-550c-477b-9171-bd46a9248952;8;chapter_08;annex_02;Part_I_Cap_08_Peoples of the Amazon Before European Colonization.pdf;32;8.13;0.533706545829773;0
96;P0;7;2aeed71f-8cc9-4e39-a2c0-94cdc2b04e34;13;chapter_13;annex_02;Part_I_Cap_13_African Presence in the Amazon A Glance.pdf;25;13.10.1;0.5388001203536987;0
96;P0;8;53edce10-9db5-4830-ac28-4c0f61b7ccaf;10;chapter_10;annex_02;Part_I_Cap_10_Critical Interconnections Between the Cultural and Biological Diversity of Amazonian Peoples and Ecosystems.pdf;8;10.1;0.5415446758270264;0
96;P0;9;3a04810e-7eca-4007-8d26-31d362f96741;13;chapter_13;annex_02;Part_I_Cap_13_African Presence in the Amazon A Glance.pdf;25;13.10;0.5423994064331055;0
96;P0;10;5a55dc40-9069-4582-b384-3a8a110e4d4e;10;chapter_10;annex_02;Part_I_Cap_10_Critical Interconnections Between the Cultural and Biological Diversity of Amazonian Peoples and Ecosystems.pdf;8;10.1;0.5445446372032166;0
97;P0;1;61996888-8224-4bdd-80e4-64293fec0a92;Annex II;annex_02;annex_02;Annex_02_Annex II.pdf;6;4.1;0.4153708815574646;1
97;P0;2;f59147ef-901b-4bb7-9149-81b317e93564;Annex II;annex_02;annex_02;Annex_02_Annex II.pdf;6;4.1;0.4435560405254364;1
97;P0;3;29358e34-9f1b-46ac-8636-6032488f55b8;Annex II;annex_02;annex_02;Annex_02_Annex II.pdf;6;4.4;0.45677390694618225;1
97;P0;4;b508b4e4-56ae-49d4-83a5-11e6d05f55a7;Annex II;annex_02;annex_02;Annex_02_Annex II.pdf;4;Annex II;0.479472815990448;1
97;P0;5;10123514-b184-4d3a-a16b-65f1b69db163;Annex II;annex_02;annex_02;Annex_02_Annex II.pdf;4;Annex II;0.4819948673248291;1
97;P0;6;77f44276-c37f-48de-a83e-20b45010294a;Annex II;annex_02;annex_02;Annex_02_Annex II.pdf;5;Annex II;0.48603132367134094;1
97;P0;7;8ef2c079-7ebc-4528-9457-9583ac85d63b;Annex II;annex_02;annex_02;Annex_02_Annex II.pdf;4;Annex II;0.4920947253704071;1
97;P0;8;92d31025-63fd-4781-b413-6248db421348;Annex II;annex_02;annex_02;Annex_02_Annex II.pdf;3;Annex II;0.5057236552238464;1
97;P0;9;90ae1fe5-3858-42ac-ab0d-9acca5a41f2c;10;chapter_10;annex_02;Part_I_Cap_10_Critical Interconnections Between the Cultural and Biological Diversity of Amazonian Peoples and Ecosystems.pdf;9;10.1;0.5244281888008118;0
97;P0;10;1e0365df-a25e-4e5b-bbbb-8dc7f39b8288;31;chapter_31;annex_02;Part_III_Cap_31_Strengthening land and natural resource governance and management Protected areas, Indigenous lands, and local communities’ territories.pdf;18;31.2.2;0.5313019752502441;0
98;P0;1;b508b4e4-56ae-49d4-83a5-11e6d05f55a7;Annex II;annex_02;annex_02;Annex_02_Annex II.pdf;4;Annex II;0.4507564902305603;1
98;P0;2;8ef2c079-7ebc-4528-9457-9583ac85d63b;Annex II;annex_02;annex_02;Annex_02_Annex II.pdf;4;Annex II;0.48983392119407654;1
98;P0;3;c4808ab4-550c-477b-9171-bd46a9248952;8;chapter_08;annex_02;Part_I_Cap_08_Peoples of the Amazon Before European Colonization.pdf;32;8.13;0.5042420625686646;0
98;P0;4;59e4df3a-1064-4ed1-8b31-ad1ac0eef52b;Annex II;annex_02;annex_02;Annex_02_Annex II.pdf;7;4.5;0.5223809480667114;1
98;P0;5;81019cc9-5309-4dd4-a307-b5f5769bf91d;Annex II;annex_02;annex_02;Annex_02_Annex II.pdf;4;Annex II;0.5290281176567078;1
98;P0;6;7be8d382-b188-4682-9e9d-191baf2ed285;10;chapter_10;annex_02;Part_I_Cap_10_Critical Interconnections Between the Cultural and Biological Diversity of Amazonian Peoples and Ecosystems.pdf;9;10.1;0.5325942635536194;0
98;P0;7;0d87b1c3-206d-40e4-bd9a-7bde17155cd9;8;chapter_08;annex_02;Part_I_Cap_08_Peoples of the Amazon Before European Colonization.pdf;33;8.13;0.5448352694511414;0
98;P0;8;61996888-8224-4bdd-80e4-64293fec0a92;Annex II;annex_02;annex_02;Annex_02_Annex II.pdf;6;4.1;0.5451436638832092;1
98;P0;9;a8681b71-9e01-4c6b-9301-197ae7020d1d;10;chapter_10;annex_02;Part_I_Cap_10_Critical Interconnections Between the Cultural and Biological Diversity of Amazonian Peoples and Ecosystems.pdf;28;10.7;0.5461949706077576;0
98;P0;10;f59147ef-901b-4bb7-9149-81b317e93564;Annex II;annex_02;annex_02;Annex_02_Annex II.pdf;6;4.1;0.5496975183486938;1
99;P0;1;a8199682-a882-43f4-bb4a-8c2366dea1aa;31;chapter_31;cross_chapter_2;Part_III_Cap_31_Strengthening land and natural resource governance and management Protected areas, Indigenous lands, and local communities’ territories.pdf;29;31.4;0.5193315148353577;0
99;P0;2;d24b72a4-d8d8-423c-adc4-97f133f340f1;31;chapter_31;cross_chapter_2;Part_III_Cap_31_Strengthening land and natural resource governance and management Protected areas, Indigenous lands, and local communities’ territories.pdf;6;31;0.5222902894020081;0
99;P0;3;27780194-f43d-4a7d-b6c6-79c24244113e;33;chapter_33;cross_chapter_2;Part_III_Cap_33_Connecting and sharing diverse knowledges to support sustainable pathways in the Amazon.pdf;22;33.1;0.5276264548301697;0
99;P0;4;3d9cccbd-0718-49be-b2f8-d80879866175;31;chapter_31;cross_chapter_2;Part_III_Cap_31_Strengthening land and natural resource governance and management Protected areas, Indigenous lands, and local communities’ territories.pdf;17;31.2.1;0.5312579870223999;0
99;P0;5;cc03a97f-b3fc-4045-9ac9-fff627610b1b;31;chapter_31;cross_chapter_2;Part_III_Cap_31_Strengthening land and natural resource governance and management Protected areas, Indigenous lands, and local communities’ territories.pdf;15;31.2;0.5321483612060547;0
99;P0;6;98f476de-b099-4fb9-aaa0-47303d86ac75;16;chapter_16;cross_chapter_2;Part_II_Cap_16_The State of Conservation Policies, Protected Areas, and Indigenous Territories, from the Past to the Present.pdf;33;16.4;0.5328170657157898;0
99;P0;7;74b7edaf-f6d3-49df-858b-4e185efb2048;31;chapter_31;cross_chapter_2;Part_III_Cap_31_Strengthening land and natural resource governance and management Protected areas, Indigenous lands, and local communities’ territories.pdf;30;31.4;0.5329070091247559;0
99;P0;8;0f18ee01-3bf4-453a-a51b-87401041b247;26;chapter_26;cross_chapter_2;Part_III_Cap_26_Sustainable Development Goals (SDGs) and the Amazon.pdf;18;26.3;0.5343493819236755;0
99;P0;9;822f0dfd-8867-43a5-9d11-02be96f0a923;25;chapter_25;cross_chapter_2;Part_III_Cap_25_A Pan-Amazonian sustainable development vision.pdf;32;25.29;0.5479005575180054;0
99;P0;10;571d4ba4-9a71-498e-8bca-b30f2ffdd3c4;31;chapter_31;cross_chapter_2;Part_III_Cap_31_Strengthening land and natural resource governance and management Protected areas, Indigenous lands, and local communities’ territories.pdf;5;31;0.5515203475952148;0
100;P0;1;afe997cb-8b8c-48b8-a765-97b2e927bff9;3;chapter_03;cross_chapter_2;Part_I_Cap_03_Biological Diversity and Ecological Networks in the Amazon.pdf;13;3.1;0.48846447467803955;0
100;P0;2;725851a1-5191-40a2-9f98-6129890a823c;3;chapter_03;cross_chapter_2;Part_I_Cap_03_Biological Diversity and Ecological Networks in the Amazon.pdf;14;3.1;0.526053249835968;0
100;P0;3;fa931ada-dd10-483e-80c9-4f3c6a5f87ef;15;chapter_15;cross_chapter_2;Part_II_Cap_15_Complex, Diverse, and Changing Agribusiness and Livelihood Systems in the Amazon.pdf;42;15.4.3;0.5264909267425537;0
100;P0;4;57ff53f5-34d9-48ce-a16e-3b3a9f65a10c;3;chapter_03;cross_chapter_2;Part_I_Cap_03_Biological Diversity and Ecological Networks in the Amazon.pdf;13;3.1;0.5310231447219849;0
100;P0;5;aa88a639-ef84-4c66-8a85-c446abe2148a;3;chapter_03;cross_chapter_2;Part_I_Cap_03_Biological Diversity and Ecological Networks in the Amazon.pdf;13;3.1;0.5358723998069763;0
100;P0;6;c9502e46-495f-4922-a987-07189f393874;30;chapter_30;cross_chapter_2;Part_III_Cap_30_Opportunities and challenges for a healthy standing forest and flowing rivers bioeconomy in the Amazon.pdf;30;30.1;0.5392833352088928;0
100;P0;7;b424c91c-0c8a-4052-a4b9-5b46c175b81e;30;chapter_30;cross_chapter_2;Part_III_Cap_30_Opportunities and challenges for a healthy standing forest and flowing rivers bioeconomy in the Amazon.pdf;16;30.1;0.5419801473617554;0
100;P0;8;17cbf499-b1d5-4212-8bf8-8bba9aa1f4e5;30;chapter_30;cross_chapter_2;Part_III_Cap_30_Opportunities and challenges for a healthy standing forest and flowing rivers bioeconomy in the Amazon.pdf;7;30.1;0.5449669361114502;0
100;P0;9;bd7c3683-c3ee-42ae-ab2f-db31e4a20e26;3;chapter_03;cross_chapter_2;Part_I_Cap_03_Biological Diversity and Ecological Networks in the Amazon.pdf;14;3.1;0.5477768182754517;0
100;P0;10;c547e0e4-8605-4dc6-b537-4bf6ddb941c0;10;chapter_10;cross_chapter_2;Part_I_Cap_10_Critical Interconnections Between the Cultural and Biological Diversity of Amazonian Peoples and Ecosystems.pdf;27;10.7;0.5534946918487549;0
101;P0;1;1b483855-a0d0-4c15-9045-970106f49e11;16;chapter_16;cross_chapter_2;Part_II_Cap_16_The State of Conservation Policies, Protected Areas, and Indigenous Territories, from the Past to the Present.pdf;31;16.28;0.6751350164413452;0
101;P0;2;24ee8a25-9892-47cc-9eea-f9f0541f341c;33;chapter_33;cross_chapter_2;Part_III_Cap_33_Connecting and sharing diverse knowledges to support sustainable pathways in the Amazon.pdf;5;33;0.6983964443206787;0
101;P0;3;1460bfed-30a9-40ac-b0f4-13f75ea08bf1;16;chapter_16;cross_chapter_2;Part_II_Cap_16_The State of Conservation Policies, Protected Areas, and Indigenous Territories, from the Past to the Present.pdf;29;16.3.2.2;0.7264794111251831;0
101;P0;4;2f229a60-33eb-4032-98a1-f9e874db6ac9;2;cross_chapter_2;cross_chapter_2;Part_I_Cap_02_Cross Chapter 2 Legacy from the Ancestors Amazonian Biocultural Landscapes and Global Sustainability in a Post-COVID-19 World.pdf;6;CC2.5;0.7314547300338745;1
101;P0;5;6bbc7ceb-e930-45c0-957f-e3c0636d23a6;33;chapter_33;cross_chapter_2;Part_III_Cap_33_Connecting and sharing diverse knowledges to support sustainable pathways in the Amazon.pdf;19;2020.08.09.243238;0.7327930927276611;0
101;P0;6;98f476de-b099-4fb9-aaa0-47303d86ac75;16;chapter_16;cross_chapter_2;Part_II_Cap_16_The State of Conservation Policies, Protected Areas, and Indigenous Territories, from the Past to the Present.pdf;33;16.4;0.7353494763374329;0
101;P0;7;d82e383c-501d-447f-8cae-59dcee0d9f0b;16;chapter_16;cross_chapter_2;Part_II_Cap_16_The State of Conservation Policies, Protected Areas, and Indigenous Territories, from the Past to the Present.pdf;16;16.1;0.7354055643081665;0
101;P0;8;5c6fcce5-af6c-43f5-a92a-cc7b839a8394;31;chapter_31;cross_chapter_2;Part_III_Cap_31_Strengthening land and natural resource governance and management Protected areas, Indigenous lands, and local communities’ territories.pdf;5;31;0.7372920513153076;0
101;P0;9;ac6e9b5d-861a-4925-a661-12be3f5deee9;16;chapter_16;cross_chapter_2;Part_II_Cap_16_The State of Conservation Policies, Protected Areas, and Indigenous Territories, from the Past to the Present.pdf;31;16.28;0.7398033142089844;0
101;P0;10;73c821b8-b956-40de-8bde-30a2428e893e;16;chapter_16;cross_chapter_2;Part_II_Cap_16_The State of Conservation Policies, Protected Areas, and Indigenous Territories, from the Past to the Present.pdf;32;16.29;0.7405170202255249;0
102;P0;1;69957968-7b23-4c5f-91c2-7fefd71cfa28;18;chapter_18;cross_chapter_2;Part_II_Cap_18_Globalization, Extractivism, and Social Exclusion Country-Specific Manifestations.pdf;18;18.1;0.6425623297691345;0
102;P0;2;4d2f5f8b-6edb-4daa-9d56-effd8234da73;30;chapter_30;cross_chapter_2;Part_III_Cap_30_Opportunities and challenges for a healthy standing forest and flowing rivers bioeconomy in the Amazon.pdf;28;30.5.1;0.6583276391029358;0
102;P0;3;45fd1e1b-3e26-4dad-82b4-7ed8380d54fe;30;chapter_30;cross_chapter_2;Part_III_Cap_30_Opportunities and challenges for a healthy standing forest and flowing rivers bioeconomy in the Amazon.pdf;46;30.8;0.6652310490608215;0
102;P0;4;617ea9a1-b57b-449e-9424-9cd8ca1f50aa;30;chapter_30;cross_chapter_2;Part_III_Cap_30_Opportunities and challenges for a healthy standing forest and flowing rivers bioeconomy in the Amazon.pdf;19;30.4.1;0.6846312284469604;0
102;P0;5;007996ea-e4ee-490d-8cc0-853871c376a4;15;chapter_15;cross_chapter_2;Part_II_Cap_15_Complex, Diverse, and Changing Agribusiness and Livelihood Systems in the Amazon.pdf;51;15.7;0.696252703666687;0
102;P0;6;3761f52a-e571-47ed-9fa5-339e99d0bd9f;25;chapter_25;cross_chapter_2;Part_III_Cap_25_A Pan-Amazonian sustainable development vision.pdf;13;25.2.3;0.698512077331543;0
102;P0;7;e4c09211-b0a6-4907-8de6-9ce759212e56;30;chapter_30;cross_chapter_2;Part_III_Cap_30_Opportunities and challenges for a healthy standing forest and flowing rivers bioeconomy in the Amazon.pdf;30;30.1;0.702090322971344;0
102;P0;8;bfea4b00-5361-468e-a233-8e8b54c48395;30;chapter_30;cross_chapter_2;Part_III_Cap_30_Opportunities and challenges for a healthy standing forest and flowing rivers bioeconomy in the Amazon.pdf;24;30.4;0.7036389708518982;0
102;P0;9;e5215f47-a8c2-4b43-8e64-26c79c5a4b33;30;chapter_30;cross_chapter_2;Part_III_Cap_30_Opportunities and challenges for a healthy standing forest and flowing rivers bioeconomy in the Amazon.pdf;30;30.1;0.7047268152236938;0
102;P0;10;a3bddd26-4f83-486d-a899-2a4bb51db82b;25;chapter_25;cross_chapter_2;Part_III_Cap_25_A Pan-Amazonian sustainable development vision.pdf;15;25.2.5;0.7065831422805786;0
103;P0;1;60c63763-e955-4dbe-8a4a-7745cadc78f6;8;chapter_08;chapter_08;Part_I_Cap_08_Peoples of the Amazon Before European Colonization.pdf;18;8.1;0.44180095195770264;1
103;P0;2;57ff53f5-34d9-48ce-a16e-3b3a9f65a10c;3;chapter_03;chapter_08;Part_I_Cap_03_Biological Diversity and Ecological Networks in the Amazon.pdf;13;3.1;0.47795408964157104;0
103;P0;3;5cd9ba08-99c6-4f12-9c3b-5e2cead9a938;8;chapter_08;chapter_08;Part_I_Cap_08_Peoples of the Amazon Before European Colonization.pdf;14;8.2;0.49494317173957825;1
103;P0;4;725851a1-5191-40a2-9f98-6129890a823c;3;chapter_03;chapter_08;Part_I_Cap_03_Biological Diversity and Ecological Networks in the Amazon.pdf;14;3.1;0.5091010332107544;0
103;P0;5;aa88a639-ef84-4c66-8a85-c446abe2148a;3;chapter_03;chapter_08;Part_I_Cap_03_Biological Diversity and Ecological Networks in the Amazon.pdf;13;3.1;0.5159561634063721;0
103;P0;6;7b69a0f0-3a68-4413-ba96-af507965f405;3;chapter_03;chapter_08;Part_I_Cap_03_Biological Diversity and Ecological Networks in the Amazon.pdf;7;3.2.1;0.5241813659667969;0
103;P0;7;a79c64eb-2ac0-404e-9581-a516a8f72fe9;8;chapter_08;chapter_08;Part_I_Cap_08_Peoples of the Amazon Before European Colonization.pdf;18;8.1;0.5247068405151367;1
103;P0;8;64bff80e-c4d8-4310-85c7-af190b8efbd2;3;chapter_03;chapter_08;Part_I_Cap_03_Biological Diversity and Ecological Networks in the Amazon.pdf;14;3.1;0.5281385779380798;0
103;P0;9;bd7c3683-c3ee-42ae-ab2f-db31e4a20e26;3;chapter_03;chapter_08;Part_I_Cap_03_Biological Diversity and Ecological Networks in the Amazon.pdf;14;3.1;0.5297715067863464;0
103;P0;10;afe997cb-8b8c-48b8-a765-97b2e927bff9;3;chapter_03;chapter_08;Part_I_Cap_03_Biological Diversity and Ecological Networks in the Amazon.pdf;13;3.1;0.532538890838623;0
104;P0;1;fcd7b311-7f26-4217-94b4-e78914336502;6;chapter_06;chapter_08;Part_I_Cap_06_Biogeochemical Cycles in the Amazon.pdf;7;11.7;0.4950951933860779;0
104;P0;2;d9562185-5e18-448c-850f-976bfaa97289;8;chapter_08;chapter_08;Part_I_Cap_08_Peoples of the Amazon Before European Colonization.pdf;12;8.3;0.5285142660140991;1
104;P0;3;f598bc2b-4bdb-4ff5-8e0d-ed87e95fa14c;23;chapter_23;chapter_08;Part_II_Cap_23_Impacts of Deforestation and Climate Change on Biodiversity, Ecological Processes, and Environmental Adaptation.pdf;6;23.1;0.5326551198959351;0
104;P0;4;69924d85-ed85-44bc-af4a-b7b85f3e599a;22;chapter_22;chapter_08;Part_II_Cap_22_Long-Term Variability, Extremes, and Changes in Temperature and Hydro Meteorology.pdf;5;22;0.5511552095413208;0
104;P0;5;f7ab12e6-5aee-49f2-a0df-6da5699084b3;22;chapter_22;chapter_08;Part_II_Cap_22_Long-Term Variability, Extremes, and Changes in Temperature and Hydro Meteorology.pdf;9;22.1;0.553814709186554;0
104;P0;6;f89b6cb6-f0c4-45ce-a68f-fe7f2671bdc8;24;chapter_24;chapter_08;Part_II_Cap_24_Resilience of the Amazon Forest to Global Changes Assessing the Risk of Tipping Points.pdf;18;24.3;0.5661337971687317;0
104;P0;7;314ce4ab-a3b3-4d67-8241-8b2e31077fd3;6;chapter_06;chapter_08;Part_I_Cap_06_Biogeochemical Cycles in the Amazon.pdf;7;11.7;0.5676725506782532;0
104;P0;8;ab6bb450-9af1-4abb-b9ce-5abd72020107;8;chapter_08;chapter_08;Part_I_Cap_08_Peoples of the Amazon Before European Colonization.pdf;12;8.3;0.571287214756012;1
104;P0;9;671e1a4a-f8b4-4893-937a-a82f51975ee8;22;chapter_22;chapter_08;Part_II_Cap_22_Long-Term Variability, Extremes, and Changes in Temperature and Hydro Meteorology.pdf;9;22.1;0.5716003179550171;0
104;P0;10;36a9ef2c-e032-462f-b33d-00cb7861ed14;22;chapter_22;chapter_08;Part_II_Cap_22_Long-Term Variability, Extremes, and Changes in Temperature and Hydro Meteorology.pdf;6;22;0.5735583305358887;0
105;P0;1;1bf62ecf-4761-4ab5-89ac-7bfb21e4e17a;8;chapter_08;chapter_08;Part_I_Cap_08_Peoples of the Amazon Before European Colonization.pdf;23;8.5;0.7330527305603027;1
105;P0;2;f3f16238-dfc6-45c2-b8ce-17fa7fb90a50;8;chapter_08;chapter_08;Part_I_Cap_08_Peoples of the Amazon Before European Colonization.pdf;24;8.6;0.8297901153564453;1
105;P0;3;b5347521-7740-4241-bd4e-0e52619cecb3;8;chapter_08;chapter_08;Part_I_Cap_08_Peoples of the Amazon Before European Colonization.pdf;24;8.6;0.864323079586029;1
105;P0;4;6a7b9a03-3c7e-4dd6-8394-4f9d57d46817;8;chapter_08;chapter_08;Part_I_Cap_08_Peoples of the Amazon Before European Colonization.pdf;25;8.7;0.8722880482673645;1
105;P0;5;809af770-d088-499a-9d08-fd6951a54b19;8;chapter_08;chapter_08;Part_I_Cap_08_Peoples of the Amazon Before European Colonization.pdf;41;8.14;0.872747540473938;1
105;P0;6;1e90deb7-3f03-4720-b3c6-82025a46f7a3;8;chapter_08;chapter_08;Part_I_Cap_08_Peoples of the Amazon Before European Colonization.pdf;23;8.5;0.893055260181427;1
105;P0;7;4aec1b0d-d398-42ba-b954-2293b110d3ba;8;chapter_08;chapter_08;Part_I_Cap_08_Peoples of the Amazon Before European Colonization.pdf;34;8.14;0.9017205238342285;1
105;P0;8;afe0f30c-a2ab-456e-ad35-38b4eb620faa;8;chapter_08;chapter_08;Part_I_Cap_08_Peoples of the Amazon Before European Colonization.pdf;24;8.6;0.9033398032188416;1
105;P0;9;5408fa09-cf95-498e-bc03-0b197c622e8e;14;chapter_14;chapter_08;Part_II_Cap_14_Amazon in Motion Changing Politics, Development Strategies, Peoples, Landscapes, and Livelihoods.pdf;28;14.3.2.4;0.9075579643249512;0
105;P0;10;c709cef2-fcbd-4a29-af4c-7bc0d6e9311b;11;chapter_11;chapter_08;Part_I_Cap_11_Economic Drivers in the Amazon from the 19th Century to the 1970s.pdf;22;11.8;0.9212106466293335;0
106;P0;1;5aaf7250-c63a-4482-bb6a-c1c0114851ab;8;chapter_08;chapter_08;Part_I_Cap_08_Peoples of the Amazon Before European Colonization.pdf;11;8.1;1.2077362537384033;1
106;P0;2;6a7b9a03-3c7e-4dd6-8394-4f9d57d46817;8;chapter_08;chapter_08;Part_I_Cap_08_Peoples of the Amazon Before European Colonization.pdf;25;8.7;1.2202951908111572;1
106;P0;3;072071ab-3684-498d-b68b-92f4d9d3910b;8;chapter_08;chapter_08;Part_I_Cap_08_Peoples of the Amazon Before European Colonization.pdf;10;8.1;1.2586749792099;1
106;P0;4;b14d8f5b-1e92-43f7-86d8-929f58812419;8;chapter_08;chapter_08;Part_I_Cap_08_Peoples of the Amazon Before European Colonization.pdf;11;8.1;1.2664313316345215;1
106;P0;5;399d3457-8e87-4f45-a721-9b7560352d15;8;chapter_08;chapter_08;Part_I_Cap_08_Peoples of the Amazon Before European Colonization.pdf;40;8.14;1.3073058128356934;1
106;P0;6;67f62df8-94f2-43e8-981f-658d53d090d8;8;chapter_08;chapter_08;Part_I_Cap_08_Peoples of the Amazon Before European Colonization.pdf;11;8.1;1.3364611864089966;1
106;P0;7;1bf62ecf-4761-4ab5-89ac-7bfb21e4e17a;8;chapter_08;chapter_08;Part_I_Cap_08_Peoples of the Amazon Before European Colonization.pdf;23;8.5;1.3381915092468262;1
106;P0;8;5bfe755d-65e5-4e2d-bc0c-5e3cb003be7f;8;chapter_08;chapter_08;Part_I_Cap_08_Peoples of the Amazon Before European Colonization.pdf;11;8.1;1.3586277961730957;1
106;P0;9;866d44ec-13b9-43bc-b317-3594b3fb9e6e;8;chapter_08;chapter_08;Part_I_Cap_08_Peoples of the Amazon Before European Colonization.pdf;10;8.1;1.36161470413208;1
106;P0;10;a143d6de-0eaa-44b4-b51d-42579902a2d0;8;chapter_08;chapter_08;Part_I_Cap_08_Peoples of the Amazon Before European Colonization.pdf;10;8.1;1.3753149509429932;1
107;P0;1;28317217-8ddf-4a28-a315-7ac3c48da142;34;chapter_34;chapter_09;Part_III_Cap_34_Boosting relations between the Amazon forest and its globalizing cities.pdf;14;34.6;0.9105305671691895;0
107;P0;2;ba1c3ef9-538c-4e8a-b371-45dd92f032e8;9;chapter_09;chapter_09;Part_I_Cap_09_Peoples of the Amazon and European Colonization (16th-18th Centuries).pdf;20;9.6;0.9278585314750671;1
107;P0;3;f43a239d-6ae4-4ef6-a783-b85619153edb;21;chapter_21;chapter_09;Part_II_Cap_21_Human Well-Being and Health Impacts of the Degradation of Terrestrial and Aquatic Ecosystems.pdf;25;21.9;0.9867385625839233;0
107;P0;4;a28c495a-5bf7-48cb-930e-10ec288226b3;Annex II;annex_02;chapter_09;Annex_02_Annex II.pdf;7;4.5;0.9919137954711914;0
107;P0;5;60bede8c-8562-43cd-bb3b-e00ff4e68b7a;21;chapter_21;chapter_09;Part_II_Cap_21_Human Well-Being and Health Impacts of the Degradation of Terrestrial and Aquatic Ecosystems.pdf;15;21.5;0.9973049163818359;0
107;P0;6;e017d9fc-803b-476f-b285-9253b8a9cd91;9;chapter_09;chapter_09;Part_I_Cap_09_Peoples of the Amazon and European Colonization (16th-18th Centuries).pdf;34;9.11;1.0062144994735718;1
107;P0;7;6296f220-1422-45a9-8e67-2523dcfab04f;9;chapter_09;chapter_09;Part_I_Cap_09_Peoples of the Amazon and European Colonization (16th-18th Centuries).pdf;19;9.6;1.0072755813598633;1
107;P0;8;63bacc67-b9e4-45c0-bed4-445f913d8464;21;chapter_21;chapter_09;Part_II_Cap_21_Human Well-Being and Health Impacts of the Degradation of Terrestrial and Aquatic Ecosystems.pdf;6;21;1.0081655979156494;0
107;P0;9;a28a084b-b9d4-42af-960b-d1f54c15b3ac;31;chapter_31;chapter_09;Part_III_Cap_31_Strengthening land and natural resource governance and management Protected areas, Indigenous lands, and local communities’ territories.pdf;27;31.3;1.00845468044281;0
107;P0;10;023f91c4-dfd0-44c2-af0b-24bf42ccbc7f;31;chapter_31;chapter_09;Part_III_Cap_31_Strengthening land and natural resource governance and management Protected areas, Indigenous lands, and local communities’ territories.pdf;16;31.2.1;1.0275194644927979;0
108;P0;1;39178384-7ccf-435d-ad9f-90461e6ab54d;9;chapter_09;chapter_09;Part_I_Cap_09_Peoples of the Amazon and European Colonization (16th-18th Centuries).pdf;16;9.5;0.4672103822231293;1
108;P0;2;eb66e123-ec02-4602-8d7a-c4de0e12fcc0;9;chapter_09;chapter_09;Part_I_Cap_09_Peoples of the Amazon and European Colonization (16th-18th Centuries).pdf;16;9.5;0.48989036679267883;1
108;P0;3;a99ba9cc-fc5e-483f-abb3-e5e1f7312096;9;chapter_09;chapter_09;Part_I_Cap_09_Peoples of the Amazon and European Colonization (16th-18th Centuries).pdf;16;9.5;0.49337106943130493;1
108;P0;4;b14f70a1-9283-41aa-8cce-3dc0d4e16702;9;chapter_09;chapter_09;Part_I_Cap_09_Peoples of the Amazon and European Colonization (16th-18th Centuries).pdf;6;9.1;0.5243721008300781;1
108;P0;5;202e0626-4c0f-4b69-a2b8-daab1826554d;9;chapter_09;chapter_09;Part_I_Cap_09_Peoples of the Amazon and European Colonization (16th-18th Centuries).pdf;31;9.10;0.5465710163116455;1
108;P0;6;699c74be-2d62-4b2f-86a2-fddc99c9f02c;9;chapter_09;chapter_09;Part_I_Cap_09_Peoples of the Amazon and European Colonization (16th-18th Centuries).pdf;7;9.2;0.56292724609375;1
108;P0;7;5e6a7508-1f55-41aa-b461-f9df996427b4;9;chapter_09;chapter_09;Part_I_Cap_09_Peoples of the Amazon and European Colonization (16th-18th Centuries).pdf;23;9.7;0.5644242167472839;1
108;P0;8;223d5e93-2318-44fd-ab23-c118ee760b27;9;chapter_09;chapter_09;Part_I_Cap_09_Peoples of the Amazon and European Colonization (16th-18th Centuries).pdf;30;9.9;0.5672245025634766;1
108;P0;9;f41887fe-6e75-4705-b1f3-c989f3e03b0d;9;chapter_09;chapter_09;Part_I_Cap_09_Peoples of the Amazon and European Colonization (16th-18th Centuries).pdf;24;9.7;0.5750664472579956;1
108;P0;10;fcdd7c72-9b14-4868-baad-42067b03822c;9;chapter_09;chapter_09;Part_I_Cap_09_Peoples of the Amazon and European Colonization (16th-18th Centuries).pdf;16;9.5;0.5755545496940613;1
109;P0;1;e768807c-f17c-43da-b1c1-b77c9baf06ec;9;chapter_09;chapter_09;Part_I_Cap_09_Peoples of the Amazon and European Colonization (16th-18th Centuries).pdf;10;9.4;0.48106735944747925;1
109;P0;2;b8f110ef-112f-4289-91cf-52b4062b0e21;9;chapter_09;chapter_09;Part_I_Cap_09_Peoples of the Amazon and European Colonization (16th-18th Centuries).pdf;13;9.4;0.4839544892311096;1
109;P0;3;59280d9d-6e6c-4899-ac52-00ecbf799163;9;chapter_09;chapter_09;Part_I_Cap_09_Peoples of the Amazon and European Colonization (16th-18th Centuries).pdf;13;9.4;0.5206969380378723;1
109;P0;4;f8834921-cea9-4914-890c-4a28608edb8b;9;chapter_09;chapter_09;Part_I_Cap_09_Peoples of the Amazon and European Colonization (16th-18th Centuries).pdf;7;9.1;0.5291332006454468;1
109;P0;5;12a16c1a-ff91-47b1-b1e2-9b8aa9bc080f;9;chapter_09;chapter_09;Part_I_Cap_09_Peoples of the Amazon and European Colonization (16th-18th Centuries).pdf;9;9.1;0.5344220995903015;1
109;P0;6;2bace076-e3ae-40a8-af82-5ee845525290;9;chapter_09;chapter_09;Part_I_Cap_09_Peoples of the Amazon and European Colonization (16th-18th Centuries).pdf;33;9.11;0.5859507918357849;1
109;P0;7;bb1c3f34-260e-4aff-a80d-34259186ba46;9;chapter_09;chapter_09;Part_I_Cap_09_Peoples of the Amazon and European Colonization (16th-18th Centuries).pdf;9;9.3;0.5954597592353821;1
109;P0;8;94cb9ec4-64e4-4230-84eb-31237a350de0;9;chapter_09;chapter_09;Part_I_Cap_09_Peoples of the Amazon and European Colonization (16th-18th Centuries).pdf;7;9.2;0.6054156422615051;1
109;P0;9;64de49ac-b67a-40c4-a156-6703976d4fd9;9;chapter_09;chapter_09;Part_I_Cap_09_Peoples of the Amazon and European Colonization (16th-18th Centuries).pdf;7;9.2;0.6206744909286499;1
109;P0;10;e766feae-ece3-4429-9b10-813d394d72bb;9;chapter_09;chapter_09;Part_I_Cap_09_Peoples of the Amazon and European Colonization (16th-18th Centuries).pdf;14;9.5;0.6356196403503418;1
110;P0;1;8e422a19-913a-47f6-a1a7-b48de0cecd39;9;chapter_09;chapter_09;Part_I_Cap_09_Peoples of the Amazon and European Colonization (16th-18th Centuries).pdf;32;9.10;0.7515544295310974;1
110;P0;2;2427b6a7-be3f-4500-bdae-755f39a39de6;9;chapter_09;chapter_09;Part_I_Cap_09_Peoples of the Amazon and European Colonization (16th-18th Centuries).pdf;32;9.10;0.7864364385604858;1
110;P0;3;69615e8f-925a-4ccd-b07f-e596c1673ba9;9;chapter_09;chapter_09;Part_I_Cap_09_Peoples of the Amazon and European Colonization (16th-18th Centuries).pdf;31;9.10;0.8328632116317749;1
110;P0;4;f36ff586-b589-4aa6-a8d1-4c2b375bfe5b;9;chapter_09;chapter_09;Part_I_Cap_09_Peoples of the Amazon and European Colonization (16th-18th Centuries).pdf;31;9.10;0.8467547297477722;1
110;P0;5;79f4e4f9-5464-4eed-95a5-f69afd050e9a;9;chapter_09;chapter_09;Part_I_Cap_09_Peoples of the Amazon and European Colonization (16th-18th Centuries).pdf;33;9.10;0.848786473274231;1
110;P0;6;82e6c0b3-66e6-4ba4-9d6e-7babb616d84b;9;chapter_09;chapter_09;Part_I_Cap_09_Peoples of the Amazon and European Colonization (16th-18th Centuries).pdf;31;9.10;0.8566323518753052;1
110;P0;7;f3bb4da9-403d-4a63-89c1-c0fe802ee085;9;chapter_09;chapter_09;Part_I_Cap_09_Peoples of the Amazon and European Colonization (16th-18th Centuries).pdf;32;9.10;0.8651196956634521;1
110;P0;8;08fa9644-0a6b-4a92-bc85-8185e336dded;9;chapter_09;chapter_09;Part_I_Cap_09_Peoples of the Amazon and European Colonization (16th-18th Centuries).pdf;34;9.11;0.8753401041030884;1
110;P0;9;37a6ca96-cfe3-47e0-ad25-64fa47d23bbd;9;chapter_09;chapter_09;Part_I_Cap_09_Peoples of the Amazon and European Colonization (16th-18th Centuries).pdf;31;9.10;0.8790076971054077;1
110;P0;10;e2014d2a-73a9-4fc9-9b0f-9fcabe7aa2a7;9;chapter_09;chapter_09;Part_I_Cap_09_Peoples of the Amazon and European Colonization (16th-18th Centuries).pdf;31;9.10;0.8793078660964966;1
111;P0;1;862fd95d-9b38-42b7-a9e3-b7ffa1092cad;10;chapter_10;chapter_10;Part_I_Cap_10_Critical Interconnections Between the Cultural and Biological Diversity of Amazonian Peoples and Ecosystems.pdf;23;10.6;0.5721625685691833;1
111;P0;2;2cdc6fa5-3ea0-455f-aa4c-6cb31ab670d4;10;chapter_10;chapter_10;Part_I_Cap_10_Critical Interconnections Between the Cultural and Biological Diversity of Amazonian Peoples and Ecosystems.pdf;25;10.7;0.6023344993591309;1
111;P0;3;8393d2cf-ac59-45d1-8184-3653930593d6;25;chapter_25;chapter_10;Part_III_Cap_25_A Pan-Amazonian sustainable development vision.pdf;20;25.3.5;0.6265116930007935;0
111;P0;4;bb31c16b-28b3-44b7-8512-70962545b62f;31;chapter_31;chapter_10;Part_III_Cap_31_Strengthening land and natural resource governance and management Protected areas, Indigenous lands, and local communities’ territories.pdf;15;31.2;0.6353002786636353;0
111;P0;5;a3d22e5a-1180-4481-baa2-4d5c9c9be135;10;chapter_10;chapter_10;Part_I_Cap_10_Critical Interconnections Between the Cultural and Biological Diversity of Amazonian Peoples and Ecosystems.pdf;25;10.7;0.64604651927948;1
111;P0;6;aeec9135-3475-41e8-ab45-d45a07c608fc;33;chapter_33;chapter_10;Part_III_Cap_33_Connecting and sharing diverse knowledges to support sustainable pathways in the Amazon.pdf;26;33.2;0.6618109345436096;0
111;P0;7;27780194-f43d-4a7d-b6c6-79c24244113e;33;chapter_33;chapter_10;Part_III_Cap_33_Connecting and sharing diverse knowledges to support sustainable pathways in the Amazon.pdf;22;33.1;0.6718235611915588;0
111;P0;8;02a73ed8-008c-46cb-8654-45ea2bea8490;25;chapter_25;chapter_10;Part_III_Cap_25_A Pan-Amazonian sustainable development vision.pdf;27;25.4.3.2;0.6745529174804688;0
111;P0;9;bf04c7bd-68d7-4549-83c9-eb93405d455b;25;chapter_25;chapter_10;Part_III_Cap_25_A Pan-Amazonian sustainable development vision.pdf;28;25.4.3.2;0.6755838990211487;0
111;P0;10;d24b72a4-d8d8-423c-adc4-97f133f340f1;31;chapter_31;chapter_10;Part_III_Cap_31_Strengthening land and natural resource governance and management Protected areas, Indigenous lands, and local communities’ territories.pdf;6;31;0.6788054704666138;0
112;P0;1;372a8a43-7ae1-41ec-a329-75c4058156dc;10;chapter_10;chapter_10;Part_I_Cap_10_Critical Interconnections Between the Cultural and Biological Diversity of Amazonian Peoples and Ecosystems.pdf;18;10.2;0.5397244691848755;1
112;P0;2;5aecc1ee-2775-4ee7-9e0e-a51b87b1c627;10;chapter_10;chapter_10;Part_I_Cap_10_Critical Interconnections Between the Cultural and Biological Diversity of Amazonian Peoples and Ecosystems.pdf;19;10.2;0.5689341425895691;1
112;P0;3;afdbc6b9-c4d2-43f4-b858-63b8a2e7e322;10;chapter_10;chapter_10;Part_I_Cap_10_Critical Interconnections Between the Cultural and Biological Diversity of Amazonian Peoples and Ecosystems.pdf;19;10.2;0.5828139781951904;1
112;P0;4;a9ffef30-0e24-4014-90ca-0bac258a1069;10;chapter_10;chapter_10;Part_I_Cap_10_Critical Interconnections Between the Cultural and Biological Diversity of Amazonian Peoples and Ecosystems.pdf;19;10.2;0.5914156436920166;1
112;P0;5;7d73b2c3-0997-4ffb-b20c-5130a7a2b26b;10;chapter_10;chapter_10;Part_I_Cap_10_Critical Interconnections Between the Cultural and Biological Diversity of Amazonian Peoples and Ecosystems.pdf;19;10.2;0.6519118547439575;1
112;P0;6;2008e460-1899-4e39-bfdf-23e243d04623;10;chapter_10;chapter_10;Part_I_Cap_10_Critical Interconnections Between the Cultural and Biological Diversity of Amazonian Peoples and Ecosystems.pdf;20;10.2;0.6746467351913452;1
112;P0;7;ec89c079-b871-4705-bf6d-cf74915c1640;10;chapter_10;chapter_10;Part_I_Cap_10_Critical Interconnections Between the Cultural and Biological Diversity of Amazonian Peoples and Ecosystems.pdf;20;10.2;0.6976611614227295;1
112;P0;8;9097317c-4c3c-4081-a3b7-6d35bad3c5fe;10;chapter_10;chapter_10;Part_I_Cap_10_Critical Interconnections Between the Cultural and Biological Diversity of Amazonian Peoples and Ecosystems.pdf;20;10.2;0.7351812124252319;1
112;P0;9;f5d174a5-5b1f-4926-b33d-5ff2c58fc23f;10;chapter_10;chapter_10;Part_I_Cap_10_Critical Interconnections Between the Cultural and Biological Diversity of Amazonian Peoples and Ecosystems.pdf;17;10.5;0.7683436274528503;1
112;P0;10;c837cd12-a4e7-4dd6-a0fe-23a58cdae3aa;31;chapter_31;chapter_10;Part_III_Cap_31_Strengthening land and natural resource governance and management Protected areas, Indigenous lands, and local communities’ territories.pdf;21;31.2.4;0.8007261753082275;0
113;P0;1;e91195e4-4174-44d4-a7c8-6beea399349b;10;chapter_10;chapter_10;Part_I_Cap_10_Critical Interconnections Between the Cultural and Biological Diversity of Amazonian Peoples and Ecosystems.pdf;17;10.5.1;0.5263146758079529;1
113;P0;2;e19505ad-067e-4473-ace2-f9297ee71baa;10;chapter_10;chapter_10;Part_I_Cap_10_Critical Interconnections Between the Cultural and Biological Diversity of Amazonian Peoples and Ecosystems.pdf;18;10.4;0.5994014143943787;1
113;P0;3;7347c732-2d7a-4ce5-82e9-d6337f4b45a4;10;chapter_10;chapter_10;Part_I_Cap_10_Critical Interconnections Between the Cultural and Biological Diversity of Amazonian Peoples and Ecosystems.pdf;21;10.6;0.654987096786499;1
113;P0;4;d5720102-20c4-4376-824b-42314b8900b1;10;chapter_10;chapter_10;Part_I_Cap_10_Critical Interconnections Between the Cultural and Biological Diversity of Amazonian Peoples and Ecosystems.pdf;31;10.9;0.7065757513046265;1
113;P0;5;e5835edd-da3f-4abe-99fa-895f66f2e614;10;chapter_10;chapter_10;Part_I_Cap_10_Critical Interconnections Between the Cultural and Biological Diversity of Amazonian Peoples and Ecosystems.pdf;21;10.1;0.7349660992622375;1
113;P0;6;49fbde8e-76dd-43ae-b00a-7a284c85c13b;10;chapter_10;chapter_10;Part_I_Cap_10_Critical Interconnections Between the Cultural and Biological Diversity of Amazonian Peoples and Ecosystems.pdf;21;10.1;0.7422896027565002;1
113;P0;7;a979309a-0663-4e67-b89a-5a893395dfa6;10;chapter_10;chapter_10;Part_I_Cap_10_Critical Interconnections Between the Cultural and Biological Diversity of Amazonian Peoples and Ecosystems.pdf;22;10.6;0.7480751872062683;1
113;P0;8;2b61bb86-e171-40be-a2df-97879d311c5d;10;chapter_10;chapter_10;Part_I_Cap_10_Critical Interconnections Between the Cultural and Biological Diversity of Amazonian Peoples and Ecosystems.pdf;18;10.4;0.7563821077346802;1
113;P0;9;dc88dc49-0dfc-4b17-aa9a-368d4fb51c19;8;chapter_08;chapter_10;Part_I_Cap_08_Peoples of the Amazon Before European Colonization.pdf;35;8.14;0.7594650983810425;0
113;P0;10;9bf04a32-bc0b-4919-bba6-38f98b6b07c8;2;cross_chapter_2;chapter_10;Part_I_Cap_02_Cross Chapter 2 Legacy from the Ancestors Amazonian Biocultural Landscapes and Global Sustainability in a Post-COVID-19 World.pdf;4;CC2.1;0.7596259713172913;0
114;P0;1;4475a637-e352-485a-b8c2-a561ee7a54ff;10;chapter_10;chapter_10;Part_I_Cap_10_Critical Interconnections Between the Cultural and Biological Diversity of Amazonian Peoples and Ecosystems.pdf;23;10.5.4;0.5393809676170349;1
114;P0;2;841fb1c7-3255-4da2-9b88-8065d5603569;10;chapter_10;chapter_10;Part_I_Cap_10_Critical Interconnections Between the Cultural and Biological Diversity of Amazonian Peoples and Ecosystems.pdf;23;10.5.4;0.5802557468414307;1
114;P0;3;fde2e609-b81b-46e9-9cb1-21195e3cb34b;10;chapter_10;chapter_10;Part_I_Cap_10_Critical Interconnections Between the Cultural and Biological Diversity of Amazonian Peoples and Ecosystems.pdf;23;10.5.4;0.6124157905578613;1
114;P0;4;831eb354-65d1-43ec-932f-776035f68837;30;chapter_30;chapter_10;Part_III_Cap_30_Opportunities and challenges for a healthy standing forest and flowing rivers bioeconomy in the Amazon.pdf;22;30.4.2;0.7034356594085693;0
114;P0;5;a3edf524-2216-4528-a3ea-8d6c27fd3fbf;11;chapter_11;chapter_10;Part_I_Cap_11_Economic Drivers in the Amazon from the 19th Century to the 1970s.pdf;16;11.4;0.7086096405982971;0
114;P0;6;ac76c624-3b69-4b33-908d-aecf6fa2a6e4;30;chapter_30;chapter_10;Part_III_Cap_30_Opportunities and challenges for a healthy standing forest and flowing rivers bioeconomy in the Amazon.pdf;22;30.3;0.7103732824325562;0
114;P0;7;7dc2e8a9-ae72-4fb2-a1bc-ff6b30fc830e;30;chapter_30;chapter_10;Part_III_Cap_30_Opportunities and challenges for a healthy standing forest and flowing rivers bioeconomy in the Amazon.pdf;22;30.3;0.7113388776779175;0
114;P0;8;06519423-1b51-4f82-b706-902e7160f6d2;10;chapter_10;chapter_10;Part_I_Cap_10_Critical Interconnections Between the Cultural and Biological Diversity of Amazonian Peoples and Ecosystems.pdf;25;10.7;0.7344764471054077;1
114;P0;9;d728231e-85ac-4a79-ba32-5db468384a98;2;chapter_02;chapter_10;Part_I_Cap_02_Evolution of Amazonian Biodiversity.pdf;30;2.5;0.7371986508369446;0
114;P0;10;3d61462b-d2a6-4fda-a0d8-a2418bb761fb;30;chapter_30;chapter_10;Part_III_Cap_30_Opportunities and challenges for a healthy standing forest and flowing rivers bioeconomy in the Amazon.pdf;22;30.3;0.7457058429718018;0
115;P0;1;25a090af-aa01-43dd-bb3e-7612c5b54ef1;11;chapter_11;chapter_11;Part_I_Cap_11_Economic Drivers in the Amazon from the 19th Century to the 1970s.pdf;23;11.9;0.46310779452323914;1
115;P0;2;bfd53db9-ef8e-4649-ba0a-54927d4654f1;11;chapter_11;chapter_11;Part_I_Cap_11_Economic Drivers in the Amazon from the 19th Century to the 1970s.pdf;6;11.1;0.4794106185436249;1
115;P0;3;e32606d3-de22-43e7-8dec-fc4bb7f1909b;14;chapter_14;chapter_11;Part_II_Cap_14_Amazon in Motion Changing Politics, Development Strategies, Peoples, Landscapes, and Livelihoods.pdf;7;14.1;0.4833488464355469;0
115;P0;4;4154b97b-e091-460a-bf68-5674d897584d;14;chapter_14;chapter_11;Part_II_Cap_14_Amazon in Motion Changing Politics, Development Strategies, Peoples, Landscapes, and Livelihoods.pdf;14;14.2.2.2;0.4833580553531647;0
115;P0;5;6cadd035-3b3c-4166-8ad2-d98ca3b96ccb;14;chapter_14;chapter_11;Part_II_Cap_14_Amazon in Motion Changing Politics, Development Strategies, Peoples, Landscapes, and Livelihoods.pdf;5;14;0.48906421661376953;0
115;P0;6;f0367578-afd6-4b90-a49c-0b54de53734d;11;chapter_11;chapter_11;Part_I_Cap_11_Economic Drivers in the Amazon from the 19th Century to the 1970s.pdf;6;11.1;0.4920880198478699;1
115;P0;7;52ccc6e7-6a89-44ae-861b-cfa1d897623e;14;chapter_14;chapter_11;Part_II_Cap_14_Amazon in Motion Changing Politics, Development Strategies, Peoples, Landscapes, and Livelihoods.pdf;12;14.2.2.2;0.49317997694015503;0
115;P0;8;fdedf028-25d3-429a-a0a0-a27342590f7a;14;chapter_14;chapter_11;Part_II_Cap_14_Amazon in Motion Changing Politics, Development Strategies, Peoples, Landscapes, and Livelihoods.pdf;18;14.3.1;0.49805566668510437;0
115;P0;9;57a4a553-a5e1-4bed-b5ee-a620a7e6d706;14;chapter_14;chapter_11;Part_II_Cap_14_Amazon in Motion Changing Politics, Development Strategies, Peoples, Landscapes, and Livelihoods.pdf;14;14.2.2.2;0.5016557574272156;0
115;P0;10;ba04a4dc-5433-4633-8ab3-5281b742a14a;14;chapter_14;chapter_11;Part_II_Cap_14_Amazon in Motion Changing Politics, Development Strategies, Peoples, Landscapes, and Livelihoods.pdf;11;14.2.2;0.5022220611572266;0
116;P0;1;969eee32-0053-43c4-8159-7c186aea4264;11;chapter_11;chapter_11;Part_I_Cap_11_Economic Drivers in the Amazon from the 19th Century to the 1970s.pdf;10;11.3;0.6847245097160339;1
116;P0;2;c9bac348-88b2-4f81-98a2-fcefd9109976;11;chapter_11;chapter_11;Part_I_Cap_11_Economic Drivers in the Amazon from the 19th Century to the 1970s.pdf;11;11.3;0.7266979217529297;1
116;P0;3;99ecf682-6386-4047-9615-33e63a63d7e2;11;chapter_11;chapter_11;Part_I_Cap_11_Economic Drivers in the Amazon from the 19th Century to the 1970s.pdf;10;11.3;0.7527385354042053;1
116;P0;4;c6074941-44f9-4eff-98e8-63c69d4ed942;11;chapter_11;chapter_11;Part_I_Cap_11_Economic Drivers in the Amazon from the 19th Century to the 1970s.pdf;10;11.3;0.7864965200424194;1
116;P0;5;ede80d24-8317-4211-8694-322fce31c747;11;chapter_11;chapter_11;Part_I_Cap_11_Economic Drivers in the Amazon from the 19th Century to the 1970s.pdf;16;11.4;0.7918993830680847;1
116;P0;6;11b9261e-b27f-45fa-b8f9-24d2ae73b8c2;11;chapter_11;chapter_11;Part_I_Cap_11_Economic Drivers in the Amazon from the 19th Century to the 1970s.pdf;17;11.4;0.8340734839439392;1
116;P0;7;aef9ec0a-bea3-48e0-a906-0b2be03f2c6a;11;chapter_11;chapter_11;Part_I_Cap_11_Economic Drivers in the Amazon from the 19th Century to the 1970s.pdf;16;11.4;0.8409201502799988;1
116;P0;8;a76b3d5a-7a8b-442c-b9f1-9d70a63c3c7a;11;chapter_11;chapter_11;Part_I_Cap_11_Economic Drivers in the Amazon from the 19th Century to the 1970s.pdf;7;11.2;0.8418829441070557;1
116;P0;9;015a63db-3a43-48a9-bb0b-f778d4021419;11;chapter_11;chapter_11;Part_I_Cap_11_Economic Drivers in the Amazon from the 19th Century to the 1970s.pdf;8;11.2;0.8418936729431152;1
116;P0;10;8a427711-51ab-4d18-9ec5-a2738759b8fc;11;chapter_11;chapter_11;Part_I_Cap_11_Economic Drivers in the Amazon from the 19th Century to the 1970s.pdf;6;11.2;0.8419340252876282;1
117;P0;1;bfcf0e30-7a6b-4a14-81da-87963f477385;11;chapter_11;chapter_11;Part_I_Cap_11_Economic Drivers in the Amazon from the 19th Century to the 1970s.pdf;13;11.3;0.8864109516143799;1
117;P0;2;9cbd0001-d514-4ece-a042-8629a894a73d;11;chapter_11;chapter_11;Part_I_Cap_11_Economic Drivers in the Amazon from the 19th Century to the 1970s.pdf;11;11.3;0.8879687786102295;1
117;P0;3;99ef8113-4302-44d6-bf4a-b221e1bb25f3;11;chapter_11;chapter_11;Part_I_Cap_11_Economic Drivers in the Amazon from the 19th Century to the 1970s.pdf;4;11;0.8950289487838745;1
117;P0;4;4b1e9cff-bed0-4bc4-99f1-f74f0ed073e3;11;chapter_11;chapter_11;Part_I_Cap_11_Economic Drivers in the Amazon from the 19th Century to the 1970s.pdf;4;11;0.9135403037071228;1
117;P0;5;0832200e-c8de-48d3-bae8-c0d7eb8ccf72;11;chapter_11;chapter_11;Part_I_Cap_11_Economic Drivers in the Amazon from the 19th Century to the 1970s.pdf;23;11.9;0.9135956764221191;1
117;P0;6;7f00103d-30a2-4d12-b44c-a6d309cfd304;11;chapter_11;chapter_11;Part_I_Cap_11_Economic Drivers in the Amazon from the 19th Century to the 1970s.pdf;12;11.3;0.9177221655845642;1
117;P0;7;142e8b8b-b3b5-4a31-9fd3-79366dd98929;11;chapter_11;chapter_11;Part_I_Cap_11_Economic Drivers in the Amazon from the 19th Century to the 1970s.pdf;11;11.3;0.9295773506164551;1
117;P0;8;015a63db-3a43-48a9-bb0b-f778d4021419;11;chapter_11;chapter_11;Part_I_Cap_11_Economic Drivers in the Amazon from the 19th Century to the 1970s.pdf;8;11.2;0.930439829826355;1
117;P0;9;c6db1e15-7f43-49e8-8afa-41dba639f65d;11;chapter_11;chapter_11;Part_I_Cap_11_Economic Drivers in the Amazon from the 19th Century to the 1970s.pdf;13;11.3;0.9317952394485474;1
117;P0;10;e5c40499-5a05-4904-8e80-998530c9f880;11;chapter_11;chapter_11;Part_I_Cap_11_Economic Drivers in the Amazon from the 19th Century to the 1970s.pdf;5;11;0.943777859210968;1
118;P0;1;5adabfcb-d47d-4e00-8235-b54f5f73a90e;11;chapter_11;chapter_11;Part_I_Cap_11_Economic Drivers in the Amazon from the 19th Century to the 1970s.pdf;22;11.8;0.3827863335609436;1
118;P0;2;522ece59-6150-426a-a9fd-304680c4c36e;11;chapter_11;chapter_11;Part_I_Cap_11_Economic Drivers in the Amazon from the 19th Century to the 1970s.pdf;23;11.8;0.42167407274246216;1
118;P0;3;c6d2376f-505f-40eb-b07f-0d7cb8db25a3;11;chapter_11;chapter_11;Part_I_Cap_11_Economic Drivers in the Amazon from the 19th Century to the 1970s.pdf;22;11.8;0.45614781975746155;1
118;P0;4;c709cef2-fcbd-4a29-af4c-7bc0d6e9311b;11;chapter_11;chapter_11;Part_I_Cap_11_Economic Drivers in the Amazon from the 19th Century to the 1970s.pdf;22;11.8;0.4914201498031616;1
118;P0;5;c58d34ba-96ef-4b46-9228-68b32ae865cf;11;chapter_11;chapter_11;Part_I_Cap_11_Economic Drivers in the Amazon from the 19th Century to the 1970s.pdf;22;11.8;0.4941785931587219;1
118;P0;6;25a090af-aa01-43dd-bb3e-7612c5b54ef1;11;chapter_11;chapter_11;Part_I_Cap_11_Economic Drivers in the Amazon from the 19th Century to the 1970s.pdf;23;11.9;0.587924599647522;1
118;P0;7;0725c107-4c40-4972-8f54-f9cc93c8c840;14;chapter_14;chapter_11;Part_II_Cap_14_Amazon in Motion Changing Politics, Development Strategies, Peoples, Landscapes, and Livelihoods.pdf;33;14.3.2.4;0.5986232757568359;0
118;P0;8;bfd53db9-ef8e-4649-ba0a-54927d4654f1;11;chapter_11;chapter_11;Part_I_Cap_11_Economic Drivers in the Amazon from the 19th Century to the 1970s.pdf;6;11.1;0.6082548499107361;1
118;P0;9;71914c74-affc-4eac-8759-947c90509a83;14;chapter_14;chapter_11;Part_II_Cap_14_Amazon in Motion Changing Politics, Development Strategies, Peoples, Landscapes, and Livelihoods.pdf;27;14.3.2.4;0.6229006052017212;0
118;P0;10;a8be3120-7e04-4280-8a9d-59ae2d6722c1;14;chapter_14;chapter_11;Part_II_Cap_14_Amazon in Motion Changing Politics, Development Strategies, Peoples, Landscapes, and Livelihoods.pdf;31;14.3.2.4;0.6310117840766907;0
119;P0;1;eff15727-8a86-4c32-8e6a-9c2a10d18647;13;chapter_13;chapter_13;Part_I_Cap_13_African Presence in the Amazon A Glance.pdf;4;13;0.6578904390335083;1
119;P0;2;c9e9e69f-bf72-4816-a3bc-911482c026a2;13;chapter_13;chapter_13;Part_I_Cap_13_African Presence in the Amazon A Glance.pdf;15;13.3;0.6587687730789185;1
119;P0;3;6984dbb9-2df9-4715-a432-70c5f72fbdb2;13;chapter_13;chapter_13;Part_I_Cap_13_African Presence in the Amazon A Glance.pdf;15;13.3;0.6618797779083252;1
119;P0;4;ea6537e4-dcbb-4fd8-bce3-8da8ff4f298c;13;chapter_13;chapter_13;Part_I_Cap_13_African Presence in the Amazon A Glance.pdf;4;13;0.6635368466377258;1
119;P0;5;47fc81f6-5407-4be9-873c-ebe6743a2cf9;13;chapter_13;chapter_13;Part_I_Cap_13_African Presence in the Amazon A Glance.pdf;15;13.3;0.6667683720588684;1
119;P0;6;fce6bc6e-95a9-4af9-9881-a365e98b92a8;13;chapter_13;chapter_13;Part_I_Cap_13_African Presence in the Amazon A Glance.pdf;15;13.3;0.6760427355766296;1
119;P0;7;ed6aaacc-3598-4345-b954-60f642900b7c;13;chapter_13;chapter_13;Part_I_Cap_13_African Presence in the Amazon A Glance.pdf;15;13.3;0.6843661069869995;1
119;P0;8;cece6d91-3352-44d4-bda4-dd2906bf0df7;13;chapter_13;chapter_13;Part_I_Cap_13_African Presence in the Amazon A Glance.pdf;5;13;0.6913307905197144;1
119;P0;9;5cdc42c5-8a7b-4634-8628-c973f448ffb7;13;chapter_13;chapter_13;Part_I_Cap_13_African Presence in the Amazon A Glance.pdf;26;13.11;0.6938928365707397;1
119;P0;10;c7399c9e-e35d-4075-b1cc-7ae3d2faac69;13;chapter_13;chapter_13;Part_I_Cap_13_African Presence in the Amazon A Glance.pdf;16;13.4;0.6949001550674438;1
120;P0;1;e1121347-9873-4d54-9f07-002369e30518;13;chapter_13;chapter_13;Part_I_Cap_13_African Presence in the Amazon A Glance.pdf;20;13.6;0.6186825633049011;1
120;P0;2;5f46b860-e806-4a55-bd97-1f3d82169def;13;chapter_13;chapter_13;Part_I_Cap_13_African Presence in the Amazon A Glance.pdf;7;13.1;0.6669048070907593;1
120;P0;3;38358474-0912-4ed1-b851-06abbfbaab71;13;chapter_13;chapter_13;Part_I_Cap_13_African Presence in the Amazon A Glance.pdf;21;13.6;0.6833583116531372;1
120;P0;4;fbf9f8cd-4cc6-4d8b-9225-a8560aa74cff;13;chapter_13;chapter_13;Part_I_Cap_13_African Presence in the Amazon A Glance.pdf;8;13.1;0.7279977798461914;1
120;P0;5;a489596a-7ac5-422b-99d8-6744290ab94d;13;chapter_13;chapter_13;Part_I_Cap_13_African Presence in the Amazon A Glance.pdf;8;13.1;0.7634447813034058;1
120;P0;6;ef303ec9-2be7-4ecf-b70b-274ff5dff902;13;chapter_13;chapter_13;Part_I_Cap_13_African Presence in the Amazon A Glance.pdf;7;13.1;0.8390809893608093;1
120;P0;7;46ded444-fca1-4c03-9309-71907faeec1c;13;chapter_13;chapter_13;Part_I_Cap_13_African Presence in the Amazon A Glance.pdf;30;13.12;0.8592929244041443;1
120;P0;8;d469a06a-829c-455b-ba87-7ce3d9710a74;13;chapter_13;chapter_13;Part_I_Cap_13_African Presence in the Amazon A Glance.pdf;31;13.13;0.8904553651809692;1
120;P0;9;47fc81f6-5407-4be9-873c-ebe6743a2cf9;13;chapter_13;chapter_13;Part_I_Cap_13_African Presence in the Amazon A Glance.pdf;15;13.3;0.8961019515991211;1
120;P0;10;c101d896-e150-4301-925c-504f65196c8f;13;chapter_13;chapter_13;Part_I_Cap_13_African Presence in the Amazon A Glance.pdf;21;13.6;0.901557207107544;1
121;P0;1;7e89f55c-3c1f-4377-ac3f-6c30dac48bad;Annex II;annex_02;chapter_13;Annex_02_Annex II.pdf;4;Annex II;0.7033421993255615;0
121;P0;2;73e3fdbb-08a4-4a80-86bb-b26232ea3cbc;14;chapter_14;chapter_13;Part_II_Cap_14_Amazon in Motion Changing Politics, Development Strategies, Peoples, Landscapes, and Livelihoods.pdf;57;14.7;0.8827266693115234;0
121;P0;3;5795432e-5b9e-449a-98a8-226bf24e9b9b;14;chapter_14;chapter_13;Part_II_Cap_14_Amazon in Motion Changing Politics, Development Strategies, Peoples, Landscapes, and Livelihoods.pdf;9;14.1;0.8954461812973022;0
121;P0;4;ebf8670c-f172-4317-9045-d1788174b533;13;chapter_13;chapter_13;Part_I_Cap_13_African Presence in the Amazon A Glance.pdf;25;13.10.1.1;0.9151739478111267;1
121;P0;5;54abc0c1-43f1-4740-acce-c85142869af5;13;chapter_13;chapter_13;Part_I_Cap_13_African Presence in the Amazon A Glance.pdf;25;13.10.1;0.9160362482070923;1
121;P0;6;e7e56bb1-d7e6-4626-881d-ee5a2eba878b;14;chapter_14;chapter_13;Part_II_Cap_14_Amazon in Motion Changing Politics, Development Strategies, Peoples, Landscapes, and Livelihoods.pdf;59;14.7;0.9173184633255005;0
121;P0;7;9e9356a2-5abd-4e84-a85c-8ad8870cd81b;34;chapter_34;chapter_13;Part_III_Cap_34_Boosting relations between the Amazon forest and its globalizing cities.pdf;13;34.4;0.926831841468811;0
121;P0;8;270145cb-0c4d-4803-bd3f-3bb7fea5f06d;14;chapter_14;chapter_13;Part_II_Cap_14_Amazon in Motion Changing Politics, Development Strategies, Peoples, Landscapes, and Livelihoods.pdf;64;14.7;0.9347615242004395;0
121;P0;9;2aeed71f-8cc9-4e39-a2c0-94cdc2b04e34;13;chapter_13;chapter_13;Part_I_Cap_13_African Presence in the Amazon A Glance.pdf;25;13.10.1;0.9693849086761475;1
121;P0;10;7da1513c-a61d-4cc0-b59d-a986ee26a076;14;chapter_14;chapter_13;Part_II_Cap_14_Amazon in Motion Changing Politics, Development Strategies, Peoples, Landscapes, and Livelihoods.pdf;46;14.4;0.9737495183944702;0
122;P0;1;fce6bc6e-95a9-4af9-9881-a365e98b92a8;13;chapter_13;chapter_13;Part_I_Cap_13_African Presence in the Amazon A Glance.pdf;15;13.3;0.6047091484069824;1
122;P0;2;5cdc42c5-8a7b-4634-8628-c973f448ffb7;13;chapter_13;chapter_13;Part_I_Cap_13_African Presence in the Amazon A Glance.pdf;26;13.11;0.6157567501068115;1
122;P0;3;6984dbb9-2df9-4715-a432-70c5f72fbdb2;13;chapter_13;chapter_13;Part_I_Cap_13_African Presence in the Amazon A Glance.pdf;15;13.3;0.6295890808105469;1
122;P0;4;c9e9e69f-bf72-4816-a3bc-911482c026a2;13;chapter_13;chapter_13;Part_I_Cap_13_African Presence in the Amazon A Glance.pdf;15;13.3;0.6568021178245544;1
122;P0;5;9b08b11a-fd06-47cb-a909-6fcf0ac74c8f;13;chapter_13;chapter_13;Part_I_Cap_13_African Presence in the Amazon A Glance.pdf;15;13.3;0.6568087339401245;1
122;P0;6;47fc81f6-5407-4be9-873c-ebe6743a2cf9;13;chapter_13;chapter_13;Part_I_Cap_13_African Presence in the Amazon A Glance.pdf;15;13.3;0.6680686473846436;1
122;P0;7;eff15727-8a86-4c32-8e6a-9c2a10d18647;13;chapter_13;chapter_13;Part_I_Cap_13_African Presence in the Amazon A Glance.pdf;4;13;0.683850884437561;1
122;P0;8;56b18872-903d-4a7b-a475-6926112e01e1;13;chapter_13;chapter_13;Part_I_Cap_13_African Presence in the Amazon A Glance.pdf;21;13.7;0.7131578326225281;1
122;P0;9;cece6d91-3352-44d4-bda4-dd2906bf0df7;13;chapter_13;chapter_13;Part_I_Cap_13_African Presence in the Amazon A Glance.pdf;5;13;0.7266266942024231;1
122;P0;10;ea6537e4-dcbb-4fd8-bce3-8da8ff4f298c;13;chapter_13;chapter_13;Part_I_Cap_13_African Presence in the Amazon A Glance.pdf;4;13;0.7292795181274414;1
123;P0;1;bd8a5285-4f2e-4357-8c4a-c11a85376f18;15;chapter_15;chapter_15;Part_II_Cap_15_Complex, Diverse, and Changing Agribusiness and Livelihood Systems in the Amazon.pdf;29;15.3;0.632510781288147;1
123;P0;2;52713444-7af9-439d-8efe-8b5e97a9088d;15;chapter_15;chapter_15;Part_II_Cap_15_Complex, Diverse, and Changing Agribusiness and Livelihood Systems in the Amazon.pdf;28;15.3;0.651918888092041;1
123;P0;3;b91e4a3d-df8d-4a19-91ce-918403b519fa;15;chapter_15;chapter_15;Part_II_Cap_15_Complex, Diverse, and Changing Agribusiness and Livelihood Systems in the Amazon.pdf;28;15.3;0.6543744802474976;1
123;P0;4;29143162-482f-4cca-aa14-558df8e274c8;15;chapter_15;chapter_15;Part_II_Cap_15_Complex, Diverse, and Changing Agribusiness and Livelihood Systems in the Amazon.pdf;25;15.6;0.6877927780151367;1
123;P0;5;bb142634-3d26-4f2a-8947-a9b3f98bb713;15;chapter_15;chapter_15;Part_II_Cap_15_Complex, Diverse, and Changing Agribusiness and Livelihood Systems in the Amazon.pdf;24;15.6;0.6996365785598755;1
123;P0;6;4f51122b-0834-4844-aaed-550f382f078b;15;chapter_15;chapter_15;Part_II_Cap_15_Complex, Diverse, and Changing Agribusiness and Livelihood Systems in the Amazon.pdf;28;15.3;0.7057545185089111;1
123;P0;7;ba837c49-0364-4861-b37c-0772f6f22228;15;chapter_15;chapter_15;Part_II_Cap_15_Complex, Diverse, and Changing Agribusiness and Livelihood Systems in the Amazon.pdf;23;15.2.5;0.7104552388191223;1
123;P0;8;cf090a6e-d343-47c8-a981-32384ecb7ddc;15;chapter_15;chapter_15;Part_II_Cap_15_Complex, Diverse, and Changing Agribusiness and Livelihood Systems in the Amazon.pdf;27;15.3;0.7181727886199951;1
123;P0;9;402ce41f-b0ac-4291-8d08-0ce666410620;15;chapter_15;chapter_15;Part_II_Cap_15_Complex, Diverse, and Changing Agribusiness and Livelihood Systems in the Amazon.pdf;29;15.3;0.7205501198768616;1
123;P0;10;047df5c2-2815-4ef1-b31e-d1bd6110d9d9;15;chapter_15;chapter_15;Part_II_Cap_15_Complex, Diverse, and Changing Agribusiness and Livelihood Systems in the Amazon.pdf;24;15.6;0.7215043306350708;1
124;P0;1;d8613215-5e3f-42c4-a6c8-b914ce254560;19;chapter_19;chapter_15;Part_II_Cap_19_Drivers and Ecological Impacts of Deforestation and Forest Degradation.pdf;5;19;0.48593613505363464;0
124;P0;2;94f5f726-2033-4652-bb14-b285a4fe4ecc;19;chapter_19;chapter_15;Part_II_Cap_19_Drivers and Ecological Impacts of Deforestation and Forest Degradation.pdf;10;19.5;0.4923785924911499;0
124;P0;3;0baa361b-5fe5-4b3b-b481-a7b5d693e5e8;19;chapter_19;chapter_15;Part_II_Cap_19_Drivers and Ecological Impacts of Deforestation and Forest Degradation.pdf;8;19.2;0.5117374062538147;0
124;P0;4;54062d52-06cc-4b17-b608-7539d0420419;19;chapter_19;chapter_15;Part_II_Cap_19_Drivers and Ecological Impacts of Deforestation and Forest Degradation.pdf;7;19.2;0.5205438733100891;0
124;P0;5;1d7904e7-21b3-4495-be09-6a6990e23481;19;chapter_19;chapter_15;Part_II_Cap_19_Drivers and Ecological Impacts of Deforestation and Forest Degradation.pdf;27;19.11;0.5239119529724121;0
124;P0;6;eabe1699-c0ab-428f-9ff9-942a956631bb;19;chapter_19;chapter_15;Part_II_Cap_19_Drivers and Ecological Impacts of Deforestation and Forest Degradation.pdf;25;19.4;0.5246782898902893;0
124;P0;7;a568069c-a407-45e7-afb3-65fd53d43a2c;19;chapter_19;chapter_15;Part_II_Cap_19_Drivers and Ecological Impacts of Deforestation and Forest Degradation.pdf;41;19.7;0.5282073616981506;0
124;P0;8;9b1ef357-1aa9-4c68-a603-961568b2b9cd;19;chapter_19;chapter_15;Part_II_Cap_19_Drivers and Ecological Impacts of Deforestation and Forest Degradation.pdf;6;19.1;0.5376167297363281;0
124;P0;9;f629a18d-5281-4928-b378-83817aa982ea;19;chapter_19;chapter_15;Part_II_Cap_19_Drivers and Ecological Impacts of Deforestation and Forest Degradation.pdf;9;19.3;0.5428829193115234;0
124;P0;10;11db3120-dc7a-4924-add2-72ac7caec9b5;19;chapter_19;chapter_15;Part_II_Cap_19_Drivers and Ecological Impacts of Deforestation and Forest Degradation.pdf;12;19.3.1;0.55134516954422;0
125;P0;1;a7f19db1-8844-4be1-9532-2d1c4cfd518f;15;chapter_15;chapter_15;Part_II_Cap_15_Complex, Diverse, and Changing Agribusiness and Livelihood Systems in the Amazon.pdf;22;15.2;0.3467393219470978;1
125;P0;2;67b98729-bb05-4ed6-aa92-130854bc9f92;17;chapter_17;chapter_15;Part_II_Cap_17_Globalization, Extractivism, and Social Exclusion Threats and Opportunities to Amazon Governance in Brazil.pdf;19;17.3;0.34961938858032227;0
125;P0;3;97af5e5e-2b33-45a8-b16b-a3ed2d7a9182;14;chapter_14;chapter_15;Part_II_Cap_14_Amazon in Motion Changing Politics, Development Strategies, Peoples, Landscapes, and Livelihoods.pdf;25;3.2.3.2;0.35162919759750366;0
125;P0;4;a8c57580-4610-4624-a1bb-3d259ed1a812;14;chapter_14;chapter_15;Part_II_Cap_14_Amazon in Motion Changing Politics, Development Strategies, Peoples, Landscapes, and Livelihoods.pdf;20;14.1;0.3538845181465149;0
125;P0;5;d518b14e-c852-492a-8790-b02f2b69e157;14;chapter_14;chapter_15;Part_II_Cap_14_Amazon in Motion Changing Politics, Development Strategies, Peoples, Landscapes, and Livelihoods.pdf;47;14.5;0.3591373860836029;0
125;P0;6;9f0d9c93-ef3f-4403-beb6-4e09d572f741;15;chapter_15;chapter_15;Part_II_Cap_15_Complex, Diverse, and Changing Agribusiness and Livelihood Systems in the Amazon.pdf;31;15.3.1;0.3611840009689331;1
125;P0;7;e454a118-6b63-4eea-a5dd-a42266ca649a;14;chapter_14;chapter_15;Part_II_Cap_14_Amazon in Motion Changing Politics, Development Strategies, Peoples, Landscapes, and Livelihoods.pdf;25;3.2.3.2;0.36302584409713745;0
125;P0;8;4ea5ae44-a7f1-4250-aea9-8d79ae4b1342;14;chapter_14;chapter_15;Part_II_Cap_14_Amazon in Motion Changing Politics, Development Strategies, Peoples, Landscapes, and Livelihoods.pdf;25;3.2.3.2;0.36479315161705017;0
125;P0;9;4ba5b8d1-f3c7-425c-b99f-d035bd9edcd0;17;chapter_17;chapter_15;Part_II_Cap_17_Globalization, Extractivism, and Social Exclusion Threats and Opportunities to Amazon Governance in Brazil.pdf;19;17.3;0.3813800811767578;0
125;P0;10;c47e520b-7c99-4ae8-af56-e4a17ee156cb;14;chapter_14;chapter_15;Part_II_Cap_14_Amazon in Motion Changing Politics, Development Strategies, Peoples, Landscapes, and Livelihoods.pdf;26;3.2.3.2;0.38202565908432007;0
126;P0;1;b501fed3-d370-4b8c-98dd-bca399f36a64;18;chapter_18;chapter_15;Part_II_Cap_18_Globalization, Extractivism, and Social Exclusion Country-Specific Manifestations.pdf;47;68.1;1.042178988456726;0
126;P0;2;d0f554ea-953f-4b2a-aea1-3fd58feef307;15;chapter_15;chapter_15;Part_II_Cap_15_Complex, Diverse, and Changing Agribusiness and Livelihood Systems in the Amazon.pdf;17;15.4;1.0555408000946045;1
126;P0;3;d40ac8d8-c871-4c98-8d0f-9a0e66dba7b8;18;chapter_18;chapter_15;Part_II_Cap_18_Globalization, Extractivism, and Social Exclusion Country-Specific Manifestations.pdf;47;68.1;1.0936439037322998;0
126;P0;4;eefc0cf2-7608-4d29-82a0-59b2cf5dd898;18;chapter_18;chapter_15;Part_II_Cap_18_Globalization, Extractivism, and Social Exclusion Country-Specific Manifestations.pdf;27;68.1;1.1013636589050293;0
126;P0;5;52f48513-c184-47a0-8da8-6b9e1ff7c3b8;18;chapter_18;chapter_15;Part_II_Cap_18_Globalization, Extractivism, and Social Exclusion Country-Specific Manifestations.pdf;27;68.1;1.1024259328842163;0
126;P0;6;b3ab2950-cd2c-4f62-9885-d56f4a40a5f6;15;chapter_15;chapter_15;Part_II_Cap_15_Complex, Diverse, and Changing Agribusiness and Livelihood Systems in the Amazon.pdf;17;15.4;1.1058375835418701;1
126;P0;7;3780bcca-304b-4cb6-92b4-5cfe1e59cba4;18;chapter_18;chapter_15;Part_II_Cap_18_Globalization, Extractivism, and Social Exclusion Country-Specific Manifestations.pdf;46;68.1;1.1143029928207397;0
126;P0;8;ae3307b4-3dae-4e28-ba4a-029ce1df4c9d;15;chapter_15;chapter_15;Part_II_Cap_15_Complex, Diverse, and Changing Agribusiness and Livelihood Systems in the Amazon.pdf;61;2.298.177;1.1171531677246094;1
126;P0;9;542be9cb-c1e4-4910-8549-43d35d961e62;18;chapter_18;chapter_15;Part_II_Cap_18_Globalization, Extractivism, and Social Exclusion Country-Specific Manifestations.pdf;48;37.869;1.1191747188568115;0
126;P0;10;afd02902-c897-4bd4-8401-5f21fe1d2000;18;chapter_18;chapter_15;Part_II_Cap_18_Globalization, Extractivism, and Social Exclusion Country-Specific Manifestations.pdf;26;18.3;1.133284091949463;0
127;P0;1;117284cf-207e-4b59-ba65-810095c1a506;16;chapter_16;chapter_16;Part_II_Cap_16_The State of Conservation Policies, Protected Areas, and Indigenous Territories, from the Past to the Present.pdf;25;16.2;0.5057578086853027;1
127;P0;2;be9484de-026c-4973-a8f1-497dc5707fad;16;chapter_16;chapter_16;Part_II_Cap_16_The State of Conservation Policies, Protected Areas, and Indigenous Territories, from the Past to the Present.pdf;26;16.23;0.5623021125793457;1
127;P0;3;d9ad60ba-7be3-4bcb-95ac-cb9ddc532abe;16;chapter_16;chapter_16;Part_II_Cap_16_The State of Conservation Policies, Protected Areas, and Indigenous Territories, from the Past to the Present.pdf;26;16.23;0.5684118866920471;1
127;P0;4;553c282d-e526-4ed9-9869-424e8afad88a;16;chapter_16;chapter_16;Part_II_Cap_16_The State of Conservation Policies, Protected Areas, and Indigenous Territories, from the Past to the Present.pdf;25;16.2;0.5732223987579346;1
127;P0;5;4f416654-fcc1-4ba4-a1cf-90c83d2ae84e;16;chapter_16;chapter_16;Part_II_Cap_16_The State of Conservation Policies, Protected Areas, and Indigenous Territories, from the Past to the Present.pdf;25;16.2;0.5757613182067871;1
127;P0;6;e0728026-5639-4c2d-a2e1-46c11f4ab2bc;16;chapter_16;chapter_16;Part_II_Cap_16_The State of Conservation Policies, Protected Areas, and Indigenous Territories, from the Past to the Present.pdf;25;16.2;0.5772107243537903;1
127;P0;7;e786558d-fb60-42ab-9971-c0c94c94bb87;16;chapter_16;chapter_16;Part_II_Cap_16_The State of Conservation Policies, Protected Areas, and Indigenous Territories, from the Past to the Present.pdf;33;16.4;0.6189269423484802;1
127;P0;8;7487657d-3930-4086-9ea6-f7267303c090;31;chapter_31;chapter_16;Part_III_Cap_31_Strengthening land and natural resource governance and management Protected areas, Indigenous lands, and local communities’ territories.pdf;28;31.3;0.6387647390365601;0
127;P0;9;2c3a35e9-bab9-466e-af37-121fa4966513;16;chapter_16;chapter_16;Part_II_Cap_16_The State of Conservation Policies, Protected Areas, and Indigenous Territories, from the Past to the Present.pdf;25;16.1.3;0.6472717523574829;1
127;P0;10;bfc8ade4-9174-4579-891c-fc34fbfda8af;16;chapter_16;chapter_16;Part_II_Cap_16_The State of Conservation Policies, Protected Areas, and Indigenous Territories, from the Past to the Present.pdf;32;16.4;0.6551015377044678;1
128;P0;1;b81b3a09-0655-4d91-aecb-0e035c99988e;16;chapter_16;chapter_16;Part_II_Cap_16_The State of Conservation Policies, Protected Areas, and Indigenous Territories, from the Past to the Present.pdf;6;16.1;0.43202823400497437;1
128;P0;2;59aa6793-d7d0-4ccc-9c51-73c56de2aa91;16;chapter_16;chapter_16;Part_II_Cap_16_The State of Conservation Policies, Protected Areas, and Indigenous Territories, from the Past to the Present.pdf;5;16;0.43579399585723877;1
128;P0;3;ccc18993-be37-4c56-992f-03a6f6476fb1;10;chapter_10;chapter_16;Part_I_Cap_10_Critical Interconnections Between the Cultural and Biological Diversity of Amazonian Peoples and Ecosystems.pdf;7;10.2;0.45443880558013916;0
128;P0;4;e964cfae-0c25-45a0-8e21-6a8b87e077da;16;chapter_16;chapter_16;Part_II_Cap_16_The State of Conservation Policies, Protected Areas, and Indigenous Territories, from the Past to the Present.pdf;6;16.1;0.48209336400032043;1
128;P0;5;19b212a6-3098-4e9d-a1b8-36f64a7f26ea;8;chapter_08;chapter_16;Part_I_Cap_08_Peoples of the Amazon Before European Colonization.pdf;32;8.13;0.4941485524177551;0
128;P0;6;d3e2f623-7a77-400d-a94e-ddf394d43c6d;16;chapter_16;chapter_16;Part_II_Cap_16_The State of Conservation Policies, Protected Areas, and Indigenous Territories, from the Past to the Present.pdf;7;16.1;0.49736133217811584;1
128;P0;7;1bba49b1-647c-465a-9555-3e5d8f55025d;16;chapter_16;chapter_16;Part_II_Cap_16_The State of Conservation Policies, Protected Areas, and Indigenous Territories, from the Past to the Present.pdf;20;16.6;0.4985158145427704;1
128;P0;8;5a55dc40-9069-4582-b384-3a8a110e4d4e;10;chapter_10;chapter_16;Part_I_Cap_10_Critical Interconnections Between the Cultural and Biological Diversity of Amazonian Peoples and Ecosystems.pdf;8;10.1;0.5003918409347534;0
128;P0;9;c3cec7c6-0289-4ffb-9ab8-0cfbeb1333ff;16;chapter_16;chapter_16;Part_II_Cap_16_The State of Conservation Policies, Protected Areas, and Indigenous Territories, from the Past to the Present.pdf;6;16.1;0.5015459060668945;1
128;P0;10;c4808ab4-550c-477b-9171-bd46a9248952;8;chapter_08;chapter_16;Part_I_Cap_08_Peoples of the Amazon Before European Colonization.pdf;32;8.13;0.5172494649887085;0
129;P0;1;2c3a35e9-bab9-466e-af37-121fa4966513;16;chapter_16;chapter_16;Part_II_Cap_16_The State of Conservation Policies, Protected Areas, and Indigenous Territories, from the Past to the Present.pdf;25;16.1.3;0.4275369644165039;1
129;P0;2;e0728026-5639-4c2d-a2e1-46c11f4ab2bc;16;chapter_16;chapter_16;Part_II_Cap_16_The State of Conservation Policies, Protected Areas, and Indigenous Territories, from the Past to the Present.pdf;25;16.2;0.5334810614585876;1
129;P0;3;117284cf-207e-4b59-ba65-810095c1a506;16;chapter_16;chapter_16;Part_II_Cap_16_The State of Conservation Policies, Protected Areas, and Indigenous Territories, from the Past to the Present.pdf;25;16.2;0.5538596510887146;1
129;P0;4;d9ad60ba-7be3-4bcb-95ac-cb9ddc532abe;16;chapter_16;chapter_16;Part_II_Cap_16_The State of Conservation Policies, Protected Areas, and Indigenous Territories, from the Past to the Present.pdf;26;16.23;0.5908093452453613;1
129;P0;5;be9484de-026c-4973-a8f1-497dc5707fad;16;chapter_16;chapter_16;Part_II_Cap_16_The State of Conservation Policies, Protected Areas, and Indigenous Territories, from the Past to the Present.pdf;26;16.23;0.6044563055038452;1
129;P0;6;601ba850-b3f4-41dd-91f3-bf5004ec6a7a;16;chapter_16;chapter_16;Part_II_Cap_16_The State of Conservation Policies, Protected Areas, and Indigenous Territories, from the Past to the Present.pdf;26;16.23;0.6136332750320435;1
129;P0;7;553c282d-e526-4ed9-9869-424e8afad88a;16;chapter_16;chapter_16;Part_II_Cap_16_The State of Conservation Policies, Protected Areas, and Indigenous Territories, from the Past to the Present.pdf;25;16.2;0.6403726935386658;1
129;P0;8;54062d52-06cc-4b17-b608-7539d0420419;19;chapter_19;chapter_16;Part_II_Cap_19_Drivers and Ecological Impacts of Deforestation and Forest Degradation.pdf;7;19.2;0.6755363941192627;0
129;P0;9;5779ef17-4c35-469c-af0a-d1eca98a073c;18;chapter_18;chapter_16;Part_II_Cap_18_Globalization, Extractivism, and Social Exclusion Country-Specific Manifestations.pdf;8;18.1;0.6772164106369019;0
129;P0;10;4f416654-fcc1-4ba4-a1cf-90c83d2ae84e;16;chapter_16;chapter_16;Part_II_Cap_16_The State of Conservation Policies, Protected Areas, and Indigenous Territories, from the Past to the Present.pdf;25;16.2;0.6890902519226074;1
130;P0;1;8a3ac033-37bc-468f-a4c3-572faef34f52;16;chapter_16;chapter_16;Part_II_Cap_16_The State of Conservation Policies, Protected Areas, and Indigenous Territories, from the Past to the Present.pdf;33;16.6;0.4037143588066101;1
130;P0;2;7e8c7318-6677-48e3-a1f0-87a371fe6574;17;chapter_17;chapter_16;Part_II_Cap_17_Globalization, Extractivism, and Social Exclusion Threats and Opportunities to Amazon Governance in Brazil.pdf;25;17.4.1;0.42860937118530273;0
130;P0;3;23a215a2-875f-488d-bb71-05daf0392db2;16;chapter_16;chapter_16;Part_II_Cap_16_The State of Conservation Policies, Protected Areas, and Indigenous Territories, from the Past to the Present.pdf;22;16.1.2.4;0.44722574949264526;1
130;P0;4;982e954a-412f-4730-9ffd-f14670aeb411;17;chapter_17;chapter_16;Part_II_Cap_17_Globalization, Extractivism, and Social Exclusion Threats and Opportunities to Amazon Governance in Brazil.pdf;24;17.4;0.49054819345474243;0
130;P0;5;14c6722d-c72a-4550-b999-e01b52ca8460;17;chapter_17;chapter_16;Part_II_Cap_17_Globalization, Extractivism, and Social Exclusion Threats and Opportunities to Amazon Governance in Brazil.pdf;24;17.4.1;0.4980047345161438;0
130;P0;6;e63203e5-c371-48cd-a91d-b55f6f851ef3;16;chapter_16;chapter_16;Part_II_Cap_16_The State of Conservation Policies, Protected Areas, and Indigenous Territories, from the Past to the Present.pdf;22;16.1.2.4;0.5125646591186523;1
130;P0;7;007e9c72-3180-4f29-aa9f-ed56989812d4;17;chapter_17;chapter_16;Part_II_Cap_17_Globalization, Extractivism, and Social Exclusion Threats and Opportunities to Amazon Governance in Brazil.pdf;25;17.4.1;0.5390722155570984;0
130;P0;8;e43d695c-a10f-47e3-a980-99a669841e2e;16;chapter_16;chapter_16;Part_II_Cap_16_The State of Conservation Policies, Protected Areas, and Indigenous Territories, from the Past to the Present.pdf;34;16.31;0.5463554859161377;1
130;P0;9;abec73fb-9247-4bcc-a976-a7e8ed243218;17;chapter_17;chapter_16;Part_II_Cap_17_Globalization, Extractivism, and Social Exclusion Threats and Opportunities to Amazon Governance in Brazil.pdf;19;17.3;0.5522176027297974;0
130;P0;10;5dcaec3c-e93b-4757-9228-e921551bfc7f;16;chapter_16;chapter_16;Part_II_Cap_16_The State of Conservation Policies, Protected Areas, and Indigenous Territories, from the Past to the Present.pdf;10;30.3;0.5541126728057861;1
